order_details_id,order_id,order_time,item_id,order_date
1,1,11:38:36 AM,109,01-01-2023
2,2,11:57:40 AM,108,01-01-2023
3,2,11:57:40 AM,124,01-01-2023
4,2,11:57:40 AM,117,01-01-2023
5,2,11:57:40 AM,129,01-01-2023
6,2,11:57:40 AM,106,01-01-2023
7,3,12:12:28 PM,117,01-01-2023
8,3,12:12:28 PM,119,01-01-2023
9,4,12:16:31 PM,117,01-01-2023
10,5,12:21:30 PM,117,01-01-2023
11,6,12:29:36 PM,101,01-01-2023
12,6,12:29:36 PM,114,01-01-2023
13,7,12:50:37 PM,123,01-01-2023
14,8,12:51:37 PM,123,01-01-2023
15,9,12:52:01 PM,108,01-01-2023
16,9,12:52:01 PM,126,01-01-2023
17,9,12:52:01 PM,110,01-01-2023
18,9,12:52:01 PM,117,01-01-2023
19,9,12:52:01 PM,117,01-01-2023
20,9,12:52:01 PM,129,01-01-2023
21,9,12:52:01 PM,122,01-01-2023
22,9,12:52:01 PM,130,01-01-2023
23,9,12:52:01 PM,132,01-01-2023
24,10,1:00:15 PM,129,01-01-2023
25,10,1:00:15 PM,105,01-01-2023
26,11,1:02:59 PM,101,01-01-2023
27,11,1:02:59 PM,102,01-01-2023
28,11,1:02:59 PM,102,01-01-2023
29,11,1:02:59 PM,113,01-01-2023
30,12,1:04:41 PM,102,01-01-2023
31,12,1:04:41 PM,102,01-01-2023
32,12,1:04:41 PM,104,01-01-2023
33,12,1:04:41 PM,117,01-01-2023
34,13,1:11:55 PM,129,01-01-2023
35,14,1:14:19 PM,114,01-01-2023
36,15,1:33:00 PM,107,01-01-2023
37,15,1:33:00 PM,124,01-01-2023
38,15,1:33:00 PM,121,01-01-2023
39,15,1:33:00 PM,114,01-01-2023
40,16,1:34:07 PM,125,01-01-2023
41,16,1:34:07 PM,111,01-01-2023
42,16,1:34:07 PM,106,01-01-2023
43,17,1:53:00 PM,101,01-01-2023
44,17,1:53:00 PM,116,01-01-2023
45,17,1:53:00 PM,124,01-01-2023
46,17,1:53:00 PM,125,01-01-2023
47,17,1:53:00 PM,117,01-01-2023
48,17,1:53:00 PM,127,01-01-2023
49,17,1:53:00 PM,128,01-01-2023
50,17,1:53:00 PM,129,01-01-2023
51,17,1:53:00 PM,118,01-01-2023
52,17,1:53:00 PM,131,01-01-2023
53,18,1:57:08 PM,111,01-01-2023
54,19,1:59:09 PM,110,01-01-2023
55,19,1:59:09 PM,120,01-01-2023
56,20,2:03:08 PM,107,01-01-2023
57,20,2:03:08 PM,124,01-01-2023
58,21,2:14:29 PM,110,01-01-2023
59,22,2:16:26 PM,124,01-01-2023
60,22,2:16:26 PM,110,01-01-2023
61,22,2:16:26 PM,105,01-01-2023
62,23,2:19:03 PM,105,01-01-2023
63,24,2:23:01 PM,101,01-01-2023
64,24,2:23:01 PM,110,01-01-2023
65,24,2:23:01 PM,113,01-01-2023
66,24,2:23:01 PM,119,01-01-2023
67,25,2:44:44 PM,120,01-01-2023
68,25,2:44:44 PM,106,01-01-2023
69,26,2:54:26 PM,108,01-01-2023
70,26,2:54:26 PM,132,01-01-2023
71,27,3:11:17 PM,101,01-01-2023
72,27,3:11:17 PM,108,01-01-2023
73,27,3:11:17 PM,131,01-01-2023
74,28,3:35:46 PM,103,01-01-2023
75,29,3:41:01 PM,126,01-01-2023
76,30,3:41:25 PM,106,01-01-2023
77,31,3:50:18 PM,129,01-01-2023
78,31,3:50:18 PM,113,01-01-2023
79,32,3:53:18 PM,107,01-01-2023
80,32,3:53:18 PM,126,01-01-2023
81,32,3:53:18 PM,110,01-01-2023
82,32,3:53:18 PM,117,01-01-2023
83,33,3:54:08 PM,101,01-01-2023
84,33,3:54:08 PM,126,01-01-2023
85,34,4:21:21 PM,114,01-01-2023
86,35,4:32:04 PM,126,01-01-2023
87,35,4:32:04 PM,112,01-01-2023
88,35,4:32:04 PM,113,01-01-2023
89,35,4:32:04 PM,106,01-01-2023
90,36,4:54:09 PM,101,01-01-2023
91,36,4:54:09 PM,108,01-01-2023
92,37,4:56:09 PM,117,01-01-2023
93,37,4:56:09 PM,129,01-01-2023
94,38,5:03:00 PM,109,01-01-2023
95,38,5:03:00 PM,110,01-01-2023
96,39,5:07:23 PM,117,01-01-2023
97,40,5:14:36 PM,125,01-01-2023
98,40,5:14:36 PM,105,01-01-2023
99,41,5:15:20 PM,125,01-01-2023
100,41,5:15:20 PM,126,01-01-2023
101,42,5:28:09 PM,107,01-01-2023
102,42,5:28:09 PM,124,01-01-2023
103,42,5:28:09 PM,129,01-01-2023
104,42,5:28:09 PM,118,01-01-2023
105,43,5:38:34 PM,103,01-01-2023
106,43,5:38:34 PM,117,01-01-2023
107,43,5:38:34 PM,118,01-01-2023
108,44,5:54:20 PM,130,01-01-2023
109,45,5:55:48 PM,125,01-01-2023
110,45,5:55:48 PM,109,01-01-2023
111,45,5:55:48 PM,106,01-01-2023
112,46,6:25:51 PM,104,01-01-2023
113,46,6:25:51 PM,108,01-01-2023
114,46,6:25:51 PM,106,01-01-2023
115,47,6:26:34 PM,105,01-01-2023
116,47,6:26:34 PM,132,01-01-2023
117,48,6:26:42 PM,104,01-01-2023
118,48,6:26:42 PM,126,01-01-2023
119,48,6:26:42 PM,119,01-01-2023
120,48,6:26:42 PM,122,01-01-2023
121,49,6:33:00 PM,120,01-01-2023
122,50,6:41:01 PM,NULL,01-01-2023
123,51,6:48:28 PM,101,01-01-2023
124,51,6:48:28 PM,112,01-01-2023
125,52,6:53:02 PM,109,01-01-2023
126,52,6:53:02 PM,129,01-01-2023
127,52,6:53:02 PM,122,01-01-2023
128,53,6:54:17 PM,112,01-01-2023
129,53,6:54:17 PM,123,01-01-2023
130,54,7:01:45 PM,119,01-01-2023
131,54,7:01:45 PM,106,01-01-2023
132,55,7:03:19 PM,118,01-01-2023
133,55,7:03:19 PM,122,01-01-2023
134,56,7:07:00 PM,108,01-01-2023
135,56,7:07:00 PM,128,01-01-2023
136,56,7:07:00 PM,105,01-01-2023
137,57,7:10:51 PM,108,01-01-2023
138,58,7:30:40 PM,124,01-01-2023
139,58,7:30:40 PM,113,01-01-2023
140,59,7:40:08 PM,127,01-01-2023
141,59,7:40:08 PM,112,01-01-2023
142,59,7:40:08 PM,113,01-01-2023
143,60,8:05:16 PM,104,01-01-2023
144,60,8:05:16 PM,125,01-01-2023
145,61,8:08:43 PM,101,01-01-2023
146,61,8:08:43 PM,117,01-01-2023
147,62,8:50:16 PM,101,01-01-2023
148,62,8:50:16 PM,123,01-01-2023
149,63,8:51:42 PM,112,01-01-2023
150,64,8:52:08 PM,107,01-01-2023
151,65,9:16:00 PM,112,01-01-2023
152,65,9:16:00 PM,120,01-01-2023
153,65,9:16:00 PM,122,01-01-2023
154,65,9:16:00 PM,123,01-01-2023
155,66,9:47:55 PM,108,01-01-2023
156,66,9:47:55 PM,110,01-01-2023
157,67,10:03:40 PM,105,01-01-2023
158,68,10:07:32 PM,108,01-01-2023
159,68,10:07:32 PM,117,01-01-2023
160,68,10:07:32 PM,117,01-01-2023
161,69,10:12:13 PM,101,01-01-2023
162,70,11:38:51 AM,127,02-01-2023
163,70,11:38:51 AM,121,02-01-2023
164,71,11:40:50 AM,106,02-01-2023
165,72,11:57:25 AM,131,02-01-2023
166,73,11:58:56 AM,106,02-01-2023
167,74,12:01:12 PM,124,02-01-2023
168,74,12:01:12 PM,129,02-01-2023
169,74,12:01:12 PM,130,02-01-2023
170,74,12:01:12 PM,123,02-01-2023
171,75,12:10:15 PM,117,02-01-2023
172,75,12:10:15 PM,128,02-01-2023
173,75,12:10:15 PM,111,02-01-2023
174,76,12:21:17 PM,107,02-01-2023
175,76,12:21:17 PM,109,02-01-2023
176,76,12:21:17 PM,127,02-01-2023
177,76,12:21:17 PM,122,02-01-2023
178,77,12:22:46 PM,101,02-01-2023
179,77,12:22:46 PM,109,02-01-2023
180,78,12:28:14 PM,107,02-01-2023
181,78,12:28:14 PM,108,02-01-2023
182,78,12:28:14 PM,125,02-01-2023
183,78,12:28:14 PM,110,02-01-2023
184,78,12:28:14 PM,122,02-01-2023
185,78,12:28:14 PM,106,02-01-2023
186,79,12:29:11 PM,110,02-01-2023
187,79,12:29:11 PM,112,02-01-2023
188,79,12:29:11 PM,106,02-01-2023
189,80,12:35:38 PM,113,02-01-2023
190,80,12:35:38 PM,106,02-01-2023
191,81,12:40:01 PM,106,02-01-2023
192,82,12:45:51 PM,107,02-01-2023
193,82,12:45:51 PM,102,02-01-2023
194,82,12:45:51 PM,122,02-01-2023
195,82,12:45:51 PM,132,02-01-2023
196,83,12:53:27 PM,105,02-01-2023
197,84,1:13:41 PM,113,02-01-2023
198,85,1:34:49 PM,108,02-01-2023
199,85,1:34:49 PM,108,02-01-2023
200,85,1:34:49 PM,117,02-01-2023
201,85,1:34:49 PM,114,02-01-2023
202,86,1:40:31 PM,109,02-01-2023
203,87,2:01:02 PM,110,02-01-2023
204,87,2:01:02 PM,129,02-01-2023
205,87,2:01:02 PM,123,02-01-2023
206,87,2:01:02 PM,123,02-01-2023
207,88,2:10:08 PM,124,02-01-2023
208,89,2:30:19 PM,121,02-01-2023
209,89,2:30:19 PM,106,02-01-2023
210,90,3:08:48 PM,120,02-01-2023
211,90,3:08:48 PM,106,02-01-2023
212,91,3:14:43 PM,101,02-01-2023
213,91,3:14:43 PM,104,02-01-2023
214,91,3:14:43 PM,113,02-01-2023
215,92,3:17:02 PM,101,02-01-2023
216,92,3:17:02 PM,117,02-01-2023
217,92,3:17:02 PM,117,02-01-2023
218,92,3:17:02 PM,127,02-01-2023
219,92,3:17:02 PM,113,02-01-2023
220,92,3:17:02 PM,118,02-01-2023
221,92,3:17:02 PM,131,02-01-2023
222,92,3:17:02 PM,123,02-01-2023
223,92,3:17:02 PM,114,02-01-2023
224,93,3:29:31 PM,120,02-01-2023
225,94,4:17:16 PM,110,02-01-2023
226,94,4:17:16 PM,105,02-01-2023
227,95,4:18:04 PM,111,02-01-2023
228,95,4:18:04 PM,118,02-01-2023
229,96,4:21:20 PM,111,02-01-2023
230,97,4:45:33 PM,107,02-01-2023
231,98,5:18:18 PM,108,02-01-2023
232,98,5:18:18 PM,111,02-01-2023
233,99,5:45:42 PM,117,02-01-2023
234,100,5:46:17 PM,109,02-01-2023
235,101,5:51:33 PM,102,02-01-2023
236,101,5:51:33 PM,113,02-01-2023
237,101,5:51:33 PM,121,02-01-2023
238,101,5:51:33 PM,122,02-01-2023
239,102,5:54:04 PM,101,02-01-2023
240,102,5:54:04 PM,119,02-01-2023
241,103,6:02:09 PM,123,02-01-2023
242,104,6:02:12 PM,101,02-01-2023
243,104,6:02:12 PM,103,02-01-2023
244,104,6:02:12 PM,127,02-01-2023
245,104,6:02:12 PM,132,02-01-2023
246,105,6:12:01 PM,109,02-01-2023
247,105,6:12:01 PM,113,02-01-2023
248,105,6:12:01 PM,119,02-01-2023
249,106,6:12:13 PM,129,02-01-2023
250,106,6:12:13 PM,122,02-01-2023
251,107,6:25:09 PM,102,02-01-2023
252,107,6:25:09 PM,117,02-01-2023
253,107,6:25:09 PM,122,02-01-2023
254,107,6:25:09 PM,132,02-01-2023
255,108,6:25:25 PM,108,02-01-2023
256,108,6:25:25 PM,109,02-01-2023
257,108,6:25:25 PM,123,02-01-2023
258,109,6:27:50 PM,110,02-01-2023
259,109,6:27:50 PM,117,02-01-2023
260,109,6:27:50 PM,113,02-01-2023
261,109,6:27:50 PM,119,02-01-2023
262,110,6:36:19 PM,107,02-01-2023
263,110,6:36:19 PM,111,02-01-2023
264,110,6:36:19 PM,121,02-01-2023
265,110,6:36:19 PM,122,02-01-2023
266,111,6:38:01 PM,102,02-01-2023
267,111,6:38:01 PM,124,02-01-2023
268,111,6:38:01 PM,113,02-01-2023
269,111,6:38:01 PM,130,02-01-2023
270,112,6:41:40 PM,113,02-01-2023
271,113,6:50:21 PM,102,02-01-2023
272,113,6:50:21 PM,129,02-01-2023
273,113,6:50:21 PM,105,02-01-2023
274,114,6:59:32 PM,113,02-01-2023
275,114,6:59:32 PM,120,02-01-2023
276,115,7:05:17 PM,107,02-01-2023
277,115,7:05:17 PM,111,02-01-2023
278,115,7:05:17 PM,106,02-01-2023
279,116,7:18:49 PM,124,02-01-2023
280,117,7:23:02 PM,118,02-01-2023
281,117,7:23:02 PM,120,02-01-2023
282,118,7:26:59 PM,119,02-01-2023
283,118,7:26:59 PM,131,02-01-2023
284,119,7:32:29 PM,125,02-01-2023
285,120,7:35:07 PM,108,02-01-2023
286,120,7:35:07 PM,109,02-01-2023
287,120,7:35:07 PM,131,02-01-2023
288,121,7:38:48 PM,101,02-01-2023
289,121,7:38:48 PM,125,02-01-2023
290,121,7:38:48 PM,120,02-01-2023
291,121,7:38:48 PM,105,02-01-2023
292,122,7:50:19 PM,117,02-01-2023
293,123,8:12:09 PM,110,02-01-2023
294,124,8:12:34 PM,101,02-01-2023
295,124,8:12:34 PM,120,02-01-2023
296,124,8:12:34 PM,122,02-01-2023
297,124,8:12:34 PM,114,02-01-2023
298,125,8:31:06 PM,NULL,02-01-2023
299,126,8:53:42 PM,132,02-01-2023
300,127,8:58:23 PM,113,02-01-2023
301,128,9:05:06 PM,122,02-01-2023
302,129,9:13:02 PM,107,02-01-2023
303,129,9:13:02 PM,114,02-01-2023
304,130,9:14:55 PM,109,02-01-2023
305,130,9:14:55 PM,110,02-01-2023
306,130,9:14:55 PM,129,02-01-2023
307,130,9:14:55 PM,105,02-01-2023
308,131,9:33:10 PM,104,02-01-2023
309,131,9:33:10 PM,124,02-01-2023
310,131,9:33:10 PM,126,02-01-2023
311,131,9:33:10 PM,123,02-01-2023
312,132,9:42:45 PM,113,02-01-2023
313,133,10:00:17 PM,101,02-01-2023
314,133,10:00:17 PM,109,02-01-2023
315,133,10:00:17 PM,114,02-01-2023
316,134,10:13:24 PM,107,02-01-2023
317,134,10:13:24 PM,105,02-01-2023
318,134,10:13:24 PM,123,02-01-2023
319,135,10:29:34 PM,132,02-01-2023
320,136,10:32:49 PM,124,02-01-2023
321,136,10:32:49 PM,118,02-01-2023
322,137,11:34:10 AM,128,03-01-2023
323,137,11:34:10 AM,113,03-01-2023
324,137,11:34:10 AM,122,03-01-2023
325,138,11:44:50 AM,102,03-01-2023
326,138,11:44:50 AM,125,03-01-2023
327,138,11:44:50 AM,127,03-01-2023
328,138,11:44:50 AM,120,03-01-2023
329,139,11:57:39 AM,124,03-01-2023
330,140,12:26:44 PM,119,03-01-2023
331,140,12:26:44 PM,132,03-01-2023
332,141,1:16:01 PM,108,03-01-2023
333,142,1:33:59 PM,126,03-01-2023
334,143,1:41:36 PM,102,03-01-2023
335,143,1:41:36 PM,108,03-01-2023
336,143,1:41:36 PM,109,03-01-2023
337,143,1:41:36 PM,129,03-01-2023
338,143,1:41:36 PM,113,03-01-2023
339,143,1:41:36 PM,119,03-01-2023
340,143,1:41:36 PM,106,03-01-2023
341,143,1:41:36 PM,132,03-01-2023
342,144,1:44:28 PM,101,03-01-2023
343,144,1:44:28 PM,107,03-01-2023
344,144,1:44:28 PM,102,03-01-2023
345,144,1:44:28 PM,104,03-01-2023
346,144,1:44:28 PM,124,03-01-2023
347,144,1:44:28 PM,125,03-01-2023
348,144,1:44:28 PM,112,03-01-2023
349,144,1:44:28 PM,105,03-01-2023
350,144,1:44:28 PM,105,03-01-2023
351,144,1:44:28 PM,122,03-01-2023
352,144,1:44:28 PM,106,03-01-2023
353,144,1:44:28 PM,132,03-01-2023
354,145,1:53:48 PM,114,03-01-2023
355,146,2:22:10 PM,102,03-01-2023
356,146,2:22:10 PM,125,03-01-2023
357,146,2:22:10 PM,109,03-01-2023
358,147,2:32:51 PM,NULL,03-01-2023
359,148,2:40:42 PM,128,03-01-2023
360,149,2:48:45 PM,131,03-01-2023
361,150,2:49:58 PM,113,03-01-2023
362,151,3:09:34 PM,105,03-01-2023
363,151,3:09:34 PM,123,03-01-2023
364,152,3:09:42 PM,109,03-01-2023
365,152,3:09:42 PM,131,03-01-2023
366,152,3:09:42 PM,106,03-01-2023
367,152,3:09:42 PM,114,03-01-2023
368,153,3:16:34 PM,129,03-01-2023
369,154,3:22:43 PM,119,03-01-2023
370,155,3:28:59 PM,104,03-01-2023
371,155,3:28:59 PM,111,03-01-2023
372,155,3:28:59 PM,113,03-01-2023
373,155,3:28:59 PM,118,03-01-2023
374,156,3:42:19 PM,111,03-01-2023
375,156,3:42:19 PM,106,03-01-2023
376,157,3:43:03 PM,117,03-01-2023
377,157,3:43:03 PM,128,03-01-2023
378,157,3:43:03 PM,120,03-01-2023
379,157,3:43:03 PM,130,03-01-2023
380,158,3:54:30 PM,127,03-01-2023
381,158,3:54:30 PM,106,03-01-2023
382,159,3:59:22 PM,125,03-01-2023
383,159,3:59:22 PM,106,03-01-2023
384,160,4:35:33 PM,108,03-01-2023
385,161,4:43:46 PM,109,03-01-2023
386,161,4:43:46 PM,122,03-01-2023
387,161,4:43:46 PM,NULL,03-01-2023
388,162,4:51:22 PM,107,03-01-2023
389,163,4:54:54 PM,109,03-01-2023
390,163,4:54:54 PM,113,03-01-2023
391,163,4:54:54 PM,114,03-01-2023
392,164,4:56:33 PM,102,03-01-2023
393,164,4:56:33 PM,113,03-01-2023
394,165,4:57:37 PM,119,03-01-2023
395,166,4:58:51 PM,119,03-01-2023
396,167,5:00:49 PM,101,03-01-2023
397,167,5:00:49 PM,117,03-01-2023
398,167,5:00:49 PM,113,03-01-2023
399,168,5:02:27 PM,107,03-01-2023
400,168,5:02:27 PM,132,03-01-2023
401,169,5:15:48 PM,125,03-01-2023
402,169,5:15:48 PM,110,03-01-2023
403,169,5:15:48 PM,120,03-01-2023
404,170,5:21:31 PM,109,03-01-2023
405,171,5:23:03 PM,111,03-01-2023
406,172,5:29:24 PM,111,03-01-2023
407,172,5:29:24 PM,123,03-01-2023
408,172,5:29:24 PM,106,03-01-2023
409,173,5:35:30 PM,102,03-01-2023
410,173,5:35:30 PM,108,03-01-2023
411,173,5:35:30 PM,132,03-01-2023
412,174,5:37:49 PM,107,03-01-2023
413,174,5:37:49 PM,102,03-01-2023
414,174,5:37:49 PM,102,03-01-2023
415,174,5:37:49 PM,110,03-01-2023
416,175,5:50:51 PM,117,03-01-2023
417,176,5:51:57 PM,102,03-01-2023
418,176,5:51:57 PM,118,03-01-2023
419,177,5:54:36 PM,111,03-01-2023
420,177,5:54:36 PM,106,03-01-2023
421,178,6:15:03 PM,118,03-01-2023
422,179,6:20:14 PM,109,03-01-2023
423,179,6:20:14 PM,120,03-01-2023
424,179,6:20:14 PM,132,03-01-2023
425,180,6:33:34 PM,108,03-01-2023
426,180,6:33:34 PM,119,03-01-2023
427,181,6:49:32 PM,129,03-01-2023
428,182,6:50:10 PM,115,03-01-2023
429,182,6:50:10 PM,118,03-01-2023
430,183,6:54:55 PM,111,03-01-2023
431,183,6:54:55 PM,130,03-01-2023
432,183,6:54:55 PM,130,03-01-2023
433,184,6:59:05 PM,109,03-01-2023
434,185,7:08:33 PM,120,03-01-2023
435,185,7:08:33 PM,130,03-01-2023
436,186,7:36:00 PM,129,03-01-2023
437,186,7:36:00 PM,105,03-01-2023
438,186,7:36:00 PM,130,03-01-2023
439,186,7:36:00 PM,106,03-01-2023
440,187,7:37:12 PM,124,03-01-2023
441,187,7:37:12 PM,130,03-01-2023
442,188,8:08:39 PM,124,03-01-2023
443,188,8:08:39 PM,113,03-01-2023
444,188,8:08:39 PM,118,03-01-2023
445,189,8:12:14 PM,107,03-01-2023
446,189,8:12:14 PM,106,03-01-2023
447,190,8:14:23 PM,101,03-01-2023
448,190,8:14:23 PM,125,03-01-2023
449,190,8:14:23 PM,112,03-01-2023
450,190,8:14:23 PM,119,03-01-2023
451,191,8:24:50 PM,102,03-01-2023
452,191,8:24:50 PM,103,03-01-2023
453,192,8:30:08 PM,120,03-01-2023
454,192,8:30:08 PM,105,03-01-2023
455,193,8:55:47 PM,107,03-01-2023
456,193,8:55:47 PM,102,03-01-2023
457,193,8:55:47 PM,103,03-01-2023
458,194,9:21:24 PM,101,03-01-2023
459,195,9:25:20 PM,101,03-01-2023
460,196,9:40:14 PM,120,03-01-2023
461,196,9:40:14 PM,122,03-01-2023
462,196,9:40:14 PM,132,03-01-2023
463,197,9:47:48 PM,125,03-01-2023
464,197,9:47:48 PM,110,03-01-2023
465,197,9:47:48 PM,127,03-01-2023
466,197,9:47:48 PM,121,03-01-2023
467,198,9:55:42 PM,107,03-01-2023
468,198,9:55:42 PM,103,03-01-2023
469,199,10:10:38 PM,103,03-01-2023
470,200,10:24:05 PM,NULL,03-01-2023
471,201,10:29:59 PM,116,03-01-2023
472,201,10:29:59 PM,104,03-01-2023
473,201,10:29:59 PM,117,03-01-2023
474,201,10:29:59 PM,NULL,03-01-2023
475,202,10:50:29 PM,102,03-01-2023
476,203,11:30:48 AM,102,04-01-2023
477,203,11:30:48 AM,127,04-01-2023
478,203,11:30:48 AM,112,04-01-2023
479,203,11:30:48 AM,114,04-01-2023
480,204,11:36:25 AM,122,04-01-2023
481,205,11:43:54 AM,102,04-01-2023
482,205,11:43:54 AM,103,04-01-2023
483,205,11:43:54 AM,119,04-01-2023
484,206,11:45:10 AM,111,04-01-2023
485,206,11:45:10 AM,113,04-01-2023
486,206,11:45:10 AM,122,04-01-2023
487,207,12:03:58 PM,122,04-01-2023
488,208,12:12:05 PM,101,04-01-2023
489,208,12:12:05 PM,101,04-01-2023
490,208,12:12:05 PM,103,04-01-2023
491,208,12:12:05 PM,113,04-01-2023
492,208,12:12:05 PM,114,04-01-2023
493,209,12:29:17 PM,102,04-01-2023
494,210,12:34:13 PM,131,04-01-2023
495,211,12:54:20 PM,113,04-01-2023
496,212,1:16:03 PM,110,04-01-2023
497,213,1:20:39 PM,125,04-01-2023
498,214,1:39:16 PM,110,04-01-2023
499,214,1:39:16 PM,117,04-01-2023
500,214,1:39:16 PM,129,04-01-2023
501,214,1:39:16 PM,130,04-01-2023
502,215,1:44:49 PM,126,04-01-2023
503,216,2:31:56 PM,101,04-01-2023
504,216,2:31:56 PM,124,04-01-2023
505,216,2:31:56 PM,109,04-01-2023
506,217,2:35:03 PM,108,04-01-2023
507,217,2:35:03 PM,131,04-01-2023
508,218,2:35:11 PM,122,04-01-2023
509,219,2:42:01 PM,101,04-01-2023
510,219,2:42:01 PM,124,04-01-2023
511,219,2:42:01 PM,118,04-01-2023
512,219,2:42:01 PM,131,04-01-2023
513,220,3:31:59 PM,109,04-01-2023
514,220,3:31:59 PM,110,04-01-2023
515,220,3:31:59 PM,111,04-01-2023
516,220,3:31:59 PM,122,04-01-2023
517,221,3:33:18 PM,124,04-01-2023
518,221,3:33:18 PM,119,04-01-2023
519,221,3:33:18 PM,114,04-01-2023
520,222,3:46:38 PM,125,04-01-2023
521,222,3:46:38 PM,120,04-01-2023
522,223,4:08:20 PM,112,04-01-2023
523,224,4:39:58 PM,103,04-01-2023
524,224,4:39:58 PM,117,04-01-2023
525,224,4:39:58 PM,111,04-01-2023
526,224,4:39:58 PM,106,04-01-2023
527,225,4:41:48 PM,101,04-01-2023
528,225,4:41:48 PM,101,04-01-2023
529,225,4:41:48 PM,105,04-01-2023
530,226,4:59:39 PM,108,04-01-2023
531,227,5:24:39 PM,101,04-01-2023
532,227,5:24:39 PM,114,04-01-2023
533,228,5:31:24 PM,127,04-01-2023
534,229,5:37:57 PM,127,04-01-2023
535,229,5:37:57 PM,119,04-01-2023
536,229,5:37:57 PM,130,04-01-2023
537,230,5:58:38 PM,106,04-01-2023
538,231,6:04:18 PM,102,04-01-2023
539,231,6:04:18 PM,111,04-01-2023
540,231,6:04:18 PM,119,04-01-2023
541,232,6:21:59 PM,101,04-01-2023
542,232,6:21:59 PM,123,04-01-2023
543,233,6:26:51 PM,131,04-01-2023
544,234,6:36:09 PM,103,04-01-2023
545,234,6:36:09 PM,117,04-01-2023
546,234,6:36:09 PM,111,04-01-2023
547,235,6:51:30 PM,102,04-01-2023
548,236,7:21:04 PM,108,04-01-2023
549,236,7:21:04 PM,126,04-01-2023
550,237,7:27:48 PM,126,04-01-2023
551,238,7:45:15 PM,130,04-01-2023
552,239,7:57:52 PM,117,04-01-2023
553,239,7:57:52 PM,106,04-01-2023
554,240,8:10:24 PM,125,04-01-2023
555,241,8:11:25 PM,120,04-01-2023
556,241,8:11:25 PM,123,04-01-2023
557,242,8:15:29 PM,116,04-01-2023
558,242,8:15:29 PM,106,04-01-2023
559,242,8:15:29 PM,132,04-01-2023
560,243,8:26:17 PM,108,04-01-2023
561,243,8:26:17 PM,123,04-01-2023
562,244,8:26:22 PM,117,04-01-2023
563,244,8:26:22 PM,122,04-01-2023
564,245,8:28:41 PM,101,04-01-2023
565,245,8:28:41 PM,104,04-01-2023
566,246,8:30:48 PM,103,04-01-2023
567,246,8:30:48 PM,113,04-01-2023
568,247,8:55:29 PM,109,04-01-2023
569,247,8:55:29 PM,120,04-01-2023
570,247,8:55:29 PM,123,04-01-2023
571,248,8:58:19 PM,109,04-01-2023
572,248,8:58:19 PM,106,04-01-2023
573,249,9:06:16 PM,101,04-01-2023
574,249,9:06:16 PM,116,04-01-2023
575,250,9:07:05 PM,125,04-01-2023
576,251,9:10:05 PM,129,04-01-2023
577,252,10:13:15 PM,119,04-01-2023
578,253,10:16:18 PM,115,04-01-2023
579,254,10:22:13 PM,101,04-01-2023
580,254,10:22:13 PM,115,04-01-2023
581,254,10:22:13 PM,124,04-01-2023
582,255,11:23:35 AM,124,05-01-2023
583,255,11:23:35 AM,126,05-01-2023
584,255,11:23:35 AM,109,05-01-2023
585,255,11:23:35 AM,131,05-01-2023
586,256,11:56:06 AM,112,05-01-2023
587,257,11:59:04 AM,102,05-01-2023
588,257,11:59:04 AM,103,05-01-2023
589,258,11:59:23 AM,108,05-01-2023
590,259,12:04:25 PM,113,05-01-2023
591,260,12:06:27 PM,124,05-01-2023
592,260,12:06:27 PM,114,05-01-2023
593,261,12:38:29 PM,115,05-01-2023
594,262,12:42:01 PM,102,05-01-2023
595,263,12:57:22 PM,130,05-01-2023
596,264,1:03:59 PM,129,05-01-2023
597,265,1:04:42 PM,103,05-01-2023
598,265,1:04:42 PM,129,05-01-2023
599,265,1:04:42 PM,120,05-01-2023
600,265,1:04:42 PM,122,05-01-2023
601,266,1:09:29 PM,118,05-01-2023
602,267,1:37:50 PM,125,05-01-2023
603,267,1:37:50 PM,128,05-01-2023
604,267,1:37:50 PM,111,05-01-2023
605,268,1:40:46 PM,117,05-01-2023
606,268,1:40:46 PM,113,05-01-2023
607,269,1:49:34 PM,103,05-01-2023
608,270,2:09:02 PM,105,05-01-2023
609,270,2:09:02 PM,130,05-01-2023
610,270,2:09:02 PM,106,05-01-2023
611,271,2:22:19 PM,107,05-01-2023
612,271,2:22:19 PM,102,05-01-2023
613,271,2:22:19 PM,103,05-01-2023
614,271,2:22:19 PM,104,05-01-2023
615,271,2:22:19 PM,108,05-01-2023
616,271,2:22:19 PM,117,05-01-2023
617,271,2:22:19 PM,120,05-01-2023
618,271,2:22:19 PM,121,05-01-2023
619,271,2:22:19 PM,105,05-01-2023
620,271,2:22:19 PM,114,05-01-2023
621,272,2:24:05 PM,117,05-01-2023
622,273,2:28:00 PM,121,05-01-2023
623,274,2:36:33 PM,125,05-01-2023
624,274,2:36:33 PM,106,05-01-2023
625,275,2:38:14 PM,108,05-01-2023
626,275,2:38:14 PM,124,05-01-2023
627,275,2:38:14 PM,113,05-01-2023
628,275,2:38:14 PM,120,05-01-2023
629,276,3:18:18 PM,124,05-01-2023
630,276,3:18:18 PM,122,05-01-2023
631,277,3:41:50 PM,125,05-01-2023
632,278,3:49:21 PM,127,05-01-2023
633,278,3:49:21 PM,105,05-01-2023
634,279,4:07:03 PM,102,05-01-2023
635,279,4:07:03 PM,103,05-01-2023
636,280,4:20:23 PM,119,05-01-2023
637,280,4:20:23 PM,132,05-01-2023
638,281,4:33:48 PM,120,05-01-2023
639,282,4:49:38 PM,108,05-01-2023
640,282,4:49:38 PM,124,05-01-2023
641,282,4:49:38 PM,118,05-01-2023
642,282,4:49:38 PM,130,05-01-2023
643,283,4:51:43 PM,111,05-01-2023
644,284,4:58:16 PM,125,05-01-2023
645,284,4:58:16 PM,109,05-01-2023
646,284,4:58:16 PM,111,05-01-2023
647,285,4:58:38 PM,119,05-01-2023
648,286,5:01:23 PM,117,05-01-2023
649,286,5:01:23 PM,118,05-01-2023
650,287,5:30:09 PM,117,05-01-2023
651,287,5:30:09 PM,112,05-01-2023
652,287,5:30:09 PM,113,05-01-2023
653,287,5:30:09 PM,120,05-01-2023
654,288,5:32:44 PM,115,05-01-2023
655,288,5:32:44 PM,119,05-01-2023
656,288,5:32:44 PM,123,05-01-2023
657,289,5:36:23 PM,124,05-01-2023
658,290,5:41:16 PM,108,05-01-2023
659,290,5:41:16 PM,132,05-01-2023
660,291,5:44:39 PM,101,05-01-2023
661,291,5:44:39 PM,103,05-01-2023
662,291,5:44:39 PM,125,05-01-2023
663,292,5:48:59 PM,130,05-01-2023
664,292,5:48:59 PM,131,05-01-2023
665,293,5:58:38 PM,108,05-01-2023
666,293,5:58:38 PM,127,05-01-2023
667,294,6:16:35 PM,101,05-01-2023
668,294,6:16:35 PM,117,05-01-2023
669,294,6:16:35 PM,106,05-01-2023
670,295,6:20:12 PM,102,05-01-2023
671,296,6:46:54 PM,126,05-01-2023
672,296,6:46:54 PM,110,05-01-2023
673,296,6:46:54 PM,106,05-01-2023
674,297,7:02:18 PM,105,05-01-2023
675,298,7:10:36 PM,102,05-01-2023
676,298,7:10:36 PM,102,05-01-2023
677,298,7:10:36 PM,103,05-01-2023
678,298,7:10:36 PM,108,05-01-2023
679,299,7:34:31 PM,108,05-01-2023
680,299,7:34:31 PM,131,05-01-2023
681,300,7:42:54 PM,107,05-01-2023
682,300,7:42:54 PM,110,05-01-2023
683,300,7:42:54 PM,127,05-01-2023
684,300,7:42:54 PM,123,05-01-2023
685,301,7:45:58 PM,111,05-01-2023
686,302,7:57:37 PM,118,05-01-2023
687,303,8:02:51 PM,107,05-01-2023
688,303,8:02:51 PM,110,05-01-2023
689,303,8:02:51 PM,113,05-01-2023
690,304,8:07:58 PM,109,05-01-2023
691,304,8:07:58 PM,129,05-01-2023
692,305,8:35:40 PM,113,05-01-2023
693,305,8:35:40 PM,120,05-01-2023
694,305,8:35:40 PM,122,05-01-2023
695,306,8:37:40 PM,107,05-01-2023
696,306,8:37:40 PM,109,05-01-2023
697,306,8:37:40 PM,111,05-01-2023
698,307,9:45:38 PM,108,05-01-2023
699,307,9:45:38 PM,106,05-01-2023
700,308,9:59:46 PM,109,05-01-2023
701,308,9:59:46 PM,112,05-01-2023
702,308,9:59:46 PM,106,05-01-2023
703,309,11:39:06 AM,124,06-01-2023
704,309,11:39:06 AM,118,06-01-2023
705,310,11:40:48 AM,109,06-01-2023
706,310,11:40:48 AM,106,06-01-2023
707,311,11:57:27 AM,120,06-01-2023
708,312,12:05:21 PM,107,06-01-2023
709,312,12:05:21 PM,115,06-01-2023
710,312,12:05:21 PM,103,06-01-2023
711,312,12:05:21 PM,120,06-01-2023
712,313,12:09:09 PM,108,06-01-2023
713,314,12:11:58 PM,116,06-01-2023
714,314,12:11:58 PM,124,06-01-2023
715,314,12:11:58 PM,126,06-01-2023
716,314,12:11:58 PM,109,06-01-2023
717,314,12:11:58 PM,132,06-01-2023
718,315,12:17:40 PM,108,06-01-2023
719,316,12:29:34 PM,109,06-01-2023
720,316,12:29:34 PM,117,06-01-2023
721,317,12:31:00 PM,102,06-01-2023
722,317,12:31:00 PM,108,06-01-2023
723,317,12:31:00 PM,125,06-01-2023
724,317,12:31:00 PM,109,06-01-2023
725,317,12:31:00 PM,112,06-01-2023
726,317,12:31:00 PM,119,06-01-2023
727,317,12:31:00 PM,131,06-01-2023
728,318,12:45:14 PM,110,06-01-2023
729,318,12:45:14 PM,129,06-01-2023
730,318,12:45:14 PM,121,06-01-2023
731,318,12:45:14 PM,122,06-01-2023
732,319,12:46:22 PM,117,06-01-2023
733,320,12:46:40 PM,102,06-01-2023
734,320,12:46:40 PM,104,06-01-2023
735,321,12:56:21 PM,117,06-01-2023
736,322,1:02:13 PM,102,06-01-2023
737,322,1:02:13 PM,104,06-01-2023
738,322,1:02:13 PM,108,06-01-2023
739,322,1:02:13 PM,106,06-01-2023
740,323,1:05:33 PM,108,06-01-2023
741,324,1:06:44 PM,124,06-01-2023
742,325,1:07:32 PM,108,06-01-2023
743,325,1:07:32 PM,132,06-01-2023
744,326,1:10:13 PM,102,06-01-2023
745,326,1:10:13 PM,123,06-01-2023
746,327,1:10:54 PM,108,06-01-2023
747,328,1:16:35 PM,128,06-01-2023
748,329,1:22:44 PM,122,06-01-2023
749,329,1:22:44 PM,123,06-01-2023
750,330,1:27:11 PM,107,06-01-2023
751,330,1:27:11 PM,103,06-01-2023
752,330,1:27:11 PM,108,06-01-2023
753,330,1:27:11 PM,108,06-01-2023
754,330,1:27:11 PM,124,06-01-2023
755,330,1:27:11 PM,125,06-01-2023
756,330,1:27:11 PM,109,06-01-2023
757,330,1:27:11 PM,112,06-01-2023
758,330,1:27:11 PM,118,06-01-2023
759,330,1:27:11 PM,120,06-01-2023
760,330,1:27:11 PM,122,06-01-2023
761,330,1:27:11 PM,122,06-01-2023
762,330,1:27:11 PM,131,06-01-2023
763,330,1:27:11 PM,114,06-01-2023
764,331,1:43:30 PM,119,06-01-2023
765,332,2:12:01 PM,120,06-01-2023
766,332,2:12:01 PM,105,06-01-2023
767,332,2:12:01 PM,106,06-01-2023
768,333,2:16:36 PM,103,06-01-2023
769,334,2:24:18 PM,116,06-01-2023
770,334,2:24:18 PM,113,06-01-2023
771,334,2:24:18 PM,105,06-01-2023
772,334,2:24:18 PM,106,06-01-2023
773,335,2:24:47 PM,128,06-01-2023
774,336,2:51:41 PM,119,06-01-2023
775,337,3:03:12 PM,109,06-01-2023
776,337,3:03:12 PM,113,06-01-2023
777,338,3:18:26 PM,129,06-01-2023
778,338,3:18:26 PM,106,06-01-2023
779,338,3:18:26 PM,NULL,06-01-2023
780,339,3:25:13 PM,122,06-01-2023
781,340,3:35:32 PM,118,06-01-2023
782,341,3:35:47 PM,101,06-01-2023
783,341,3:35:47 PM,113,06-01-2023
784,342,3:44:12 PM,120,06-01-2023
785,342,3:44:12 PM,105,06-01-2023
786,343,3:45:37 PM,124,06-01-2023
787,343,3:45:37 PM,125,06-01-2023
788,344,4:01:11 PM,110,06-01-2023
789,345,4:01:47 PM,118,06-01-2023
790,345,4:01:47 PM,131,06-01-2023
791,346,4:30:00 PM,126,06-01-2023
792,346,4:30:00 PM,109,06-01-2023
793,346,4:30:00 PM,110,06-01-2023
794,346,4:30:00 PM,111,06-01-2023
795,347,4:37:17 PM,131,06-01-2023
796,347,4:37:17 PM,106,06-01-2023
797,347,4:37:17 PM,132,06-01-2023
798,348,4:49:12 PM,108,06-01-2023
799,348,4:49:12 PM,106,06-01-2023
800,348,4:49:12 PM,106,06-01-2023
801,349,5:25:58 PM,113,06-01-2023
802,350,5:37:05 PM,108,06-01-2023
803,350,5:37:05 PM,113,06-01-2023
804,350,5:37:05 PM,122,06-01-2023
805,351,5:37:29 PM,107,06-01-2023
806,351,5:37:29 PM,109,06-01-2023
807,352,5:45:48 PM,107,06-01-2023
808,352,5:45:48 PM,110,06-01-2023
809,353,5:59:48 PM,101,06-01-2023
810,353,5:59:48 PM,102,06-01-2023
811,353,5:59:48 PM,119,06-01-2023
812,354,6:01:44 PM,126,06-01-2023
813,354,6:01:44 PM,132,06-01-2023
814,355,6:14:45 PM,103,06-01-2023
815,355,6:14:45 PM,117,06-01-2023
816,356,6:16:05 PM,103,06-01-2023
817,357,6:27:58 PM,102,06-01-2023
818,357,6:27:58 PM,105,06-01-2023
819,357,6:27:58 PM,131,06-01-2023
820,358,6:30:12 PM,117,06-01-2023
821,359,6:33:08 PM,126,06-01-2023
822,359,6:33:08 PM,106,06-01-2023
823,360,6:50:38 PM,101,06-01-2023
824,360,6:50:38 PM,126,06-01-2023
825,360,6:50:38 PM,109,06-01-2023
826,361,7:12:38 PM,107,06-01-2023
827,361,7:12:38 PM,110,06-01-2023
828,362,7:13:36 PM,101,06-01-2023
829,362,7:13:36 PM,129,06-01-2023
830,363,7:20:31 PM,128,06-01-2023
831,363,7:20:31 PM,129,06-01-2023
832,364,7:27:24 PM,117,06-01-2023
833,364,7:27:24 PM,NULL,06-01-2023
834,365,7:37:26 PM,125,06-01-2023
835,365,7:37:26 PM,128,06-01-2023
836,365,7:37:26 PM,113,06-01-2023
837,366,8:04:20 PM,110,06-01-2023
838,367,8:05:12 PM,109,06-01-2023
839,367,8:05:12 PM,131,06-01-2023
840,368,8:28:16 PM,130,06-01-2023
841,368,8:28:16 PM,106,06-01-2023
842,369,8:30:06 PM,131,06-01-2023
843,370,9:02:30 PM,125,06-01-2023
844,370,9:02:30 PM,109,06-01-2023
845,371,9:15:20 PM,113,06-01-2023
846,372,10:26:59 PM,131,06-01-2023
847,373,11:45:18 AM,104,07-01-2023
848,373,11:45:18 AM,108,07-01-2023
849,373,11:45:18 AM,120,07-01-2023
850,374,11:55:59 AM,107,07-01-2023
851,374,11:55:59 AM,103,07-01-2023
852,374,11:55:59 AM,118,07-01-2023
853,375,11:58:36 AM,129,07-01-2023
854,376,12:01:17 PM,NULL,07-01-2023
855,376,12:01:17 PM,132,07-01-2023
856,377,12:03:18 PM,109,07-01-2023
857,377,12:03:18 PM,106,07-01-2023
858,378,12:19:37 PM,127,07-01-2023
859,379,12:25:37 PM,106,07-01-2023
860,380,12:32:10 PM,116,07-01-2023
861,380,12:32:10 PM,102,07-01-2023
862,381,12:33:06 PM,105,07-01-2023
863,382,12:33:07 PM,106,07-01-2023
864,382,12:33:07 PM,132,07-01-2023
865,383,12:43:59 PM,122,07-01-2023
866,384,12:51:46 PM,109,07-01-2023
867,384,12:51:46 PM,110,07-01-2023
868,384,12:51:46 PM,128,07-01-2023
869,384,12:51:46 PM,114,07-01-2023
870,385,12:54:19 PM,132,07-01-2023
871,386,12:58:16 PM,127,07-01-2023
872,386,12:58:16 PM,121,07-01-2023
873,386,12:58:16 PM,106,07-01-2023
874,387,1:03:14 PM,101,07-01-2023
875,387,1:03:14 PM,107,07-01-2023
876,387,1:03:14 PM,104,07-01-2023
877,387,1:03:14 PM,124,07-01-2023
878,387,1:03:14 PM,113,07-01-2023
879,387,1:03:14 PM,122,07-01-2023
880,387,1:03:14 PM,131,07-01-2023
881,388,1:04:56 PM,101,07-01-2023
882,388,1:04:56 PM,103,07-01-2023
883,388,1:04:56 PM,128,07-01-2023
884,388,1:04:56 PM,132,07-01-2023
885,389,1:10:17 PM,130,07-01-2023
886,390,1:15:32 PM,112,07-01-2023
887,391,1:25:31 PM,114,07-01-2023
888,392,1:36:47 PM,107,07-01-2023
889,392,1:36:47 PM,116,07-01-2023
890,392,1:36:47 PM,102,07-01-2023
891,392,1:36:47 PM,113,07-01-2023
892,392,1:36:47 PM,119,07-01-2023
893,392,1:36:47 PM,120,07-01-2023
894,392,1:36:47 PM,121,07-01-2023
895,392,1:36:47 PM,122,07-01-2023
896,393,1:48:31 PM,126,07-01-2023
897,393,1:48:31 PM,109,07-01-2023
898,394,2:02:18 PM,107,07-01-2023
899,394,2:02:18 PM,104,07-01-2023
900,394,2:02:18 PM,109,07-01-2023
901,394,2:02:18 PM,109,07-01-2023
902,394,2:02:18 PM,112,07-01-2023
903,394,2:02:18 PM,113,07-01-2023
904,394,2:02:18 PM,113,07-01-2023
905,394,2:02:18 PM,120,07-01-2023
906,394,2:02:18 PM,122,07-01-2023
907,394,2:02:18 PM,130,07-01-2023
908,394,2:02:18 PM,106,07-01-2023
909,394,2:02:18 PM,132,07-01-2023
910,395,2:11:08 PM,111,07-01-2023
911,396,2:12:21 PM,131,07-01-2023
912,397,2:31:10 PM,124,07-01-2023
913,397,2:31:10 PM,109,07-01-2023
914,397,2:31:10 PM,113,07-01-2023
915,398,2:56:26 PM,113,07-01-2023
916,399,3:47:49 PM,101,07-01-2023
917,399,3:47:49 PM,102,07-01-2023
918,399,3:47:49 PM,125,07-01-2023
919,399,3:47:49 PM,114,07-01-2023
920,400,4:03:07 PM,113,07-01-2023
921,400,4:03:07 PM,106,07-01-2023
922,401,4:08:35 PM,132,07-01-2023
923,402,4:24:46 PM,125,07-01-2023
924,402,4:24:46 PM,117,07-01-2023
925,403,4:26:10 PM,101,07-01-2023
926,403,4:26:10 PM,108,07-01-2023
927,403,4:26:10 PM,119,07-01-2023
928,404,4:39:27 PM,104,07-01-2023
929,405,4:44:16 PM,120,07-01-2023
930,406,4:50:49 PM,103,07-01-2023
931,406,4:50:49 PM,108,07-01-2023
932,406,4:50:49 PM,127,07-01-2023
933,407,4:56:42 PM,102,07-01-2023
934,407,4:56:42 PM,108,07-01-2023
935,407,4:56:42 PM,113,07-01-2023
936,408,5:09:09 PM,115,07-01-2023
937,408,5:09:09 PM,118,07-01-2023
938,409,5:15:04 PM,113,07-01-2023
939,410,5:33:49 PM,107,07-01-2023
940,410,5:33:49 PM,128,07-01-2023
941,410,5:33:49 PM,NULL,07-01-2023
942,411,5:58:09 PM,117,07-01-2023
943,411,5:58:09 PM,105,07-01-2023
944,412,6:07:46 PM,115,07-01-2023
945,412,6:07:46 PM,123,07-01-2023
946,413,6:11:32 PM,114,07-01-2023
947,414,6:13:22 PM,108,07-01-2023
948,414,6:13:22 PM,124,07-01-2023
949,414,6:13:22 PM,117,07-01-2023
950,415,6:16:23 PM,102,07-01-2023
951,416,6:17:42 PM,131,07-01-2023
952,417,6:24:40 PM,113,07-01-2023
953,418,6:40:11 PM,104,07-01-2023
954,418,6:40:11 PM,120,07-01-2023
955,419,7:02:31 PM,101,07-01-2023
956,419,7:02:31 PM,109,07-01-2023
957,419,7:02:31 PM,127,07-01-2023
958,419,7:02:31 PM,132,07-01-2023
959,420,7:04:40 PM,124,07-01-2023
960,420,7:04:40 PM,112,07-01-2023
961,421,7:21:58 PM,101,07-01-2023
962,421,7:21:58 PM,116,07-01-2023
963,421,7:21:58 PM,104,07-01-2023
964,422,7:30:25 PM,125,07-01-2023
965,422,7:30:25 PM,117,07-01-2023
966,422,7:30:25 PM,131,07-01-2023
967,423,7:45:07 PM,117,07-01-2023
968,423,7:45:07 PM,120,07-01-2023
969,424,8:01:28 PM,113,07-01-2023
970,425,8:21:19 PM,121,07-01-2023
971,426,8:25:45 PM,108,07-01-2023
972,426,8:25:45 PM,120,07-01-2023
973,426,8:25:45 PM,121,07-01-2023
974,427,9:49:00 PM,131,07-01-2023
975,428,10:05:00 PM,116,07-01-2023
976,428,10:05:00 PM,110,07-01-2023
977,429,10:16:53 PM,122,07-01-2023
978,430,10:46:13 PM,126,07-01-2023
979,430,10:46:13 PM,120,07-01-2023
980,431,11:17:13 AM,107,08-01-2023
981,431,11:17:13 AM,103,08-01-2023
982,431,11:17:13 AM,125,08-01-2023
983,431,11:17:13 AM,109,08-01-2023
984,432,11:39:07 AM,110,08-01-2023
985,432,11:39:07 AM,106,08-01-2023
986,432,11:39:07 AM,132,08-01-2023
987,433,11:49:50 AM,122,08-01-2023
988,434,11:54:14 AM,111,08-01-2023
989,434,11:54:14 AM,122,08-01-2023
990,434,11:54:14 AM,132,08-01-2023
991,435,12:06:09 PM,108,08-01-2023
992,435,12:06:09 PM,112,08-01-2023
993,435,12:06:09 PM,123,08-01-2023
994,436,12:07:21 PM,108,08-01-2023
995,436,12:07:21 PM,117,08-01-2023
996,436,12:07:21 PM,112,08-01-2023
997,436,12:07:21 PM,118,08-01-2023
998,437,12:07:54 PM,101,08-01-2023
999,438,12:08:38 PM,132,08-01-2023
1000,439,12:13:08 PM,103,08-01-2023
1001,439,12:13:08 PM,113,08-01-2023
1002,439,12:13:08 PM,114,08-01-2023
1003,440,12:16:34 PM,116,08-01-2023
1004,440,12:16:34 PM,103,08-01-2023
1005,440,12:16:34 PM,124,08-01-2023
1006,440,12:16:34 PM,125,08-01-2023
1007,440,12:16:34 PM,125,08-01-2023
1008,440,12:16:34 PM,126,08-01-2023
1009,440,12:16:34 PM,126,08-01-2023
1010,440,12:16:34 PM,109,08-01-2023
1011,440,12:16:34 PM,127,08-01-2023
1012,440,12:16:34 PM,113,08-01-2023
1013,440,12:16:34 PM,122,08-01-2023
1014,440,12:16:34 PM,131,08-01-2023
1015,440,12:16:34 PM,106,08-01-2023
1016,440,12:16:34 PM,132,08-01-2023
1017,441,12:16:58 PM,122,08-01-2023
1018,441,12:16:58 PM,106,08-01-2023
1019,442,12:28:49 PM,118,08-01-2023
1020,443,12:34:20 PM,107,08-01-2023
1021,443,12:34:20 PM,102,08-01-2023
1022,443,12:34:20 PM,125,08-01-2023
1023,443,12:34:20 PM,110,08-01-2023
1024,443,12:34:20 PM,127,08-01-2023
1025,443,12:34:20 PM,129,08-01-2023
1026,443,12:34:20 PM,113,08-01-2023
1027,443,12:34:20 PM,120,08-01-2023
1028,443,12:34:20 PM,120,08-01-2023
1029,443,12:34:20 PM,105,08-01-2023
1030,443,12:34:20 PM,122,08-01-2023
1031,443,12:34:20 PM,122,08-01-2023
1032,443,12:34:20 PM,123,08-01-2023
1033,443,12:34:20 PM,106,08-01-2023
1034,444,12:40:05 PM,125,08-01-2023
1035,445,12:57:39 PM,109,08-01-2023
1036,446,12:58:01 PM,107,08-01-2023
1037,446,12:58:01 PM,127,08-01-2023
1038,446,12:58:01 PM,120,08-01-2023
1039,447,1:02:00 PM,124,08-01-2023
1040,448,1:03:34 PM,109,08-01-2023
1041,448,1:03:34 PM,112,08-01-2023
1042,448,1:03:34 PM,120,08-01-2023
1043,449,1:04:15 PM,106,08-01-2023
1044,450,1:07:53 PM,107,08-01-2023
1045,451,1:19:06 PM,124,08-01-2023
1046,451,1:19:06 PM,110,08-01-2023
1047,451,1:19:06 PM,105,08-01-2023
1048,452,1:24:11 PM,101,08-01-2023
1049,452,1:24:11 PM,107,08-01-2023
1050,452,1:24:11 PM,120,08-01-2023
1051,453,1:27:14 PM,102,08-01-2023
1052,453,1:27:14 PM,125,08-01-2023
1053,453,1:27:14 PM,120,08-01-2023
1054,453,1:27:14 PM,106,08-01-2023
1055,454,1:31:40 PM,122,08-01-2023
1056,455,1:39:14 PM,117,08-01-2023
1057,456,1:47:53 PM,131,08-01-2023
1058,457,1:59:04 PM,102,08-01-2023
1059,457,1:59:04 PM,103,08-01-2023
1060,457,1:59:04 PM,108,08-01-2023
1061,458,2:00:05 PM,119,08-01-2023
1062,458,2:00:05 PM,123,08-01-2023
1063,458,2:00:05 PM,114,08-01-2023
1064,459,2:14:02 PM,122,08-01-2023
1065,460,2:19:58 PM,126,08-01-2023
1066,460,2:19:58 PM,117,08-01-2023
1067,461,2:21:19 PM,102,08-01-2023
1068,461,2:21:19 PM,109,08-01-2023
1069,462,2:38:41 PM,131,08-01-2023
1070,463,2:40:28 PM,101,08-01-2023
1071,463,2:40:28 PM,119,08-01-2023
1072,464,2:49:01 PM,101,08-01-2023
1073,464,2:49:01 PM,116,08-01-2023
1074,465,2:55:23 PM,111,08-01-2023
1075,466,3:30:10 PM,131,08-01-2023
1076,466,3:30:10 PM,NULL,08-01-2023
1077,467,3:33:13 PM,119,08-01-2023
1078,468,3:36:12 PM,125,08-01-2023
1079,468,3:36:12 PM,113,08-01-2023
1080,469,3:37:18 PM,101,08-01-2023
1081,469,3:37:18 PM,120,08-01-2023
1082,470,3:49:13 PM,132,08-01-2023
1083,471,4:20:26 PM,127,08-01-2023
1084,472,4:29:50 PM,127,08-01-2023
1085,472,4:29:50 PM,127,08-01-2023
1086,473,4:41:27 PM,109,08-01-2023
1087,473,4:41:27 PM,119,08-01-2023
1088,473,4:41:27 PM,105,08-01-2023
1089,474,4:47:48 PM,126,08-01-2023
1090,474,4:47:48 PM,113,08-01-2023
1091,475,5:15:17 PM,107,08-01-2023
1092,475,5:15:17 PM,106,08-01-2023
1093,476,5:27:56 PM,113,08-01-2023
1094,476,5:27:56 PM,119,08-01-2023
1095,476,5:27:56 PM,132,08-01-2023
1096,477,5:30:04 PM,126,08-01-2023
1097,477,5:30:04 PM,129,08-01-2023
1098,478,5:35:56 PM,116,08-01-2023
1099,478,5:35:56 PM,103,08-01-2023
1100,479,5:37:03 PM,124,08-01-2023
1101,479,5:37:03 PM,110,08-01-2023
1102,480,5:41:31 PM,113,08-01-2023
1103,481,5:41:37 PM,113,08-01-2023
1104,481,5:41:37 PM,131,08-01-2023
1105,482,5:52:42 PM,126,08-01-2023
1106,482,5:52:42 PM,117,08-01-2023
1107,482,5:52:42 PM,122,08-01-2023
1108,483,5:54:05 PM,101,08-01-2023
1109,483,5:54:05 PM,111,08-01-2023
1110,483,5:54:05 PM,112,08-01-2023
1111,483,5:54:05 PM,122,08-01-2023
1112,484,6:02:54 PM,125,08-01-2023
1113,484,6:02:54 PM,129,08-01-2023
1114,485,6:07:31 PM,102,08-01-2023
1115,486,6:15:08 PM,123,08-01-2023
1116,487,6:30:16 PM,109,08-01-2023
1117,487,6:30:16 PM,120,08-01-2023
1118,487,6:30:16 PM,131,08-01-2023
1119,488,6:46:02 PM,132,08-01-2023
1120,489,6:48:43 PM,118,08-01-2023
1121,490,6:49:24 PM,107,08-01-2023
1122,490,6:49:24 PM,108,08-01-2023
1123,490,6:49:24 PM,111,08-01-2023
1124,491,7:01:12 PM,111,08-01-2023
1125,491,7:01:12 PM,113,08-01-2023
1126,491,7:01:12 PM,118,08-01-2023
1127,491,7:01:12 PM,119,08-01-2023
1128,492,7:06:21 PM,104,08-01-2023
1129,492,7:06:21 PM,120,08-01-2023
1130,492,7:06:21 PM,131,08-01-2023
1131,493,7:31:47 PM,117,08-01-2023
1132,494,7:38:40 PM,124,08-01-2023
1133,494,7:38:40 PM,125,08-01-2023
1134,494,7:38:40 PM,129,08-01-2023
1135,494,7:38:40 PM,105,08-01-2023
1136,495,7:42:52 PM,117,08-01-2023
1137,495,7:42:52 PM,120,08-01-2023
1138,496,7:46:18 PM,109,08-01-2023
1139,496,7:46:18 PM,121,08-01-2023
1140,497,7:49:26 PM,132,08-01-2023
1141,498,8:02:25 PM,117,08-01-2023
1142,499,9:10:46 PM,116,08-01-2023
1143,499,9:10:46 PM,125,08-01-2023
1144,499,9:10:46 PM,129,08-01-2023
1145,499,9:10:46 PM,112,08-01-2023
1146,500,9:46:49 PM,128,08-01-2023
1147,501,9:51:31 PM,102,08-01-2023
1148,501,9:51:31 PM,109,08-01-2023
1149,501,9:51:31 PM,105,08-01-2023
1150,502,10:26:08 PM,127,08-01-2023
1151,503,11:16:21 AM,113,09-01-2023
1152,503,11:16:21 AM,120,09-01-2023
1153,504,11:48:18 AM,114,09-01-2023
1154,505,11:55:10 AM,113,09-01-2023
1155,505,11:55:10 AM,NULL,09-01-2023
1156,506,12:02:09 PM,131,09-01-2023
1157,507,12:06:03 PM,104,09-01-2023
1158,508,12:13:32 PM,102,09-01-2023
1159,508,12:13:32 PM,102,09-01-2023
1160,508,12:13:32 PM,113,09-01-2023
1161,509,12:13:58 PM,122,09-01-2023
1162,510,12:15:03 PM,108,09-01-2023
1163,510,12:15:03 PM,108,09-01-2023
1164,510,12:15:03 PM,117,09-01-2023
1165,510,12:15:03 PM,122,09-01-2023
1166,511,12:18:21 PM,124,09-01-2023
1167,512,12:19:24 PM,127,09-01-2023
1168,513,12:22:48 PM,125,09-01-2023
1169,513,12:22:48 PM,127,09-01-2023
1170,513,12:22:48 PM,113,09-01-2023
1171,513,12:22:48 PM,106,09-01-2023
1172,514,12:26:47 PM,108,09-01-2023
1173,515,1:07:37 PM,104,09-01-2023
1174,515,1:07:37 PM,128,09-01-2023
1175,516,1:09:09 PM,111,09-01-2023
1176,516,1:09:09 PM,132,09-01-2023
1177,517,1:09:11 PM,129,09-01-2023
1178,518,1:11:25 PM,107,09-01-2023
1179,518,1:11:25 PM,119,09-01-2023
1180,518,1:11:25 PM,120,09-01-2023
1181,519,1:15:20 PM,119,09-01-2023
1182,520,1:22:33 PM,130,09-01-2023
1183,521,1:43:07 PM,106,09-01-2023
1184,522,2:09:33 PM,101,09-01-2023
1185,522,2:09:33 PM,107,09-01-2023
1186,522,2:09:33 PM,108,09-01-2023
1187,522,2:09:33 PM,124,09-01-2023
1188,522,2:09:33 PM,125,09-01-2023
1189,522,2:09:33 PM,126,09-01-2023
1190,522,2:09:33 PM,110,09-01-2023
1191,522,2:09:33 PM,127,09-01-2023
1192,522,2:09:33 PM,120,09-01-2023
1193,522,2:09:33 PM,114,09-01-2023
1194,522,2:09:33 PM,114,09-01-2023
1195,523,2:42:14 PM,119,09-01-2023
1196,524,2:51:35 PM,120,09-01-2023
1197,524,2:51:35 PM,106,09-01-2023
1198,525,3:08:46 PM,113,09-01-2023
1199,526,3:10:13 PM,102,09-01-2023
1200,526,3:10:13 PM,124,09-01-2023
1201,527,3:23:37 PM,125,09-01-2023
1202,527,3:23:37 PM,105,09-01-2023
1203,528,3:27:21 PM,110,09-01-2023
1204,529,3:31:01 PM,116,09-01-2023
1205,529,3:31:01 PM,102,09-01-2023
1206,529,3:31:01 PM,109,09-01-2023
1207,530,3:43:01 PM,108,09-01-2023
1208,530,3:43:01 PM,117,09-01-2023
1209,531,3:58:10 PM,118,09-01-2023
1210,532,4:14:28 PM,118,09-01-2023
1211,532,4:14:28 PM,121,09-01-2023
1212,533,4:28:43 PM,124,09-01-2023
1213,533,4:28:43 PM,122,09-01-2023
1214,533,4:28:43 PM,NULL,09-01-2023
1215,534,4:43:32 PM,119,09-01-2023
1216,534,4:43:32 PM,105,09-01-2023
1217,535,5:08:47 PM,108,09-01-2023
1218,536,5:18:50 PM,115,09-01-2023
1219,536,5:18:50 PM,118,09-01-2023
1220,537,5:23:52 PM,108,09-01-2023
1221,537,5:23:52 PM,109,09-01-2023
1222,537,5:23:52 PM,117,09-01-2023
1223,538,5:44:04 PM,123,09-01-2023
1224,539,5:51:34 PM,124,09-01-2023
1225,539,5:51:34 PM,127,09-01-2023
1226,539,5:51:34 PM,131,09-01-2023
1227,540,5:52:41 PM,123,09-01-2023
1228,541,6:07:47 PM,107,09-01-2023
1229,542,6:08:06 PM,101,09-01-2023
1230,542,6:08:06 PM,119,09-01-2023
1231,543,6:23:59 PM,104,09-01-2023
1232,543,6:23:59 PM,108,09-01-2023
1233,543,6:23:59 PM,128,09-01-2023
1234,544,6:31:04 PM,111,09-01-2023
1235,544,6:31:04 PM,120,09-01-2023
1236,545,6:46:28 PM,113,09-01-2023
1237,545,6:46:28 PM,113,09-01-2023
1238,545,6:46:28 PM,118,09-01-2023
1239,545,6:46:28 PM,121,09-01-2023
1240,546,6:47:27 PM,126,09-01-2023
1241,547,6:49:23 PM,107,09-01-2023
1242,548,7:06:09 PM,109,09-01-2023
1243,549,7:06:34 PM,107,09-01-2023
1244,549,7:06:34 PM,106,09-01-2023
1245,550,7:12:59 PM,131,09-01-2023
1246,550,7:12:59 PM,114,09-01-2023
1247,551,7:26:24 PM,125,09-01-2023
1248,551,7:26:24 PM,121,09-01-2023
1249,551,7:26:24 PM,106,09-01-2023
1250,551,7:26:24 PM,114,09-01-2023
1251,552,7:31:25 PM,103,09-01-2023
1252,552,7:31:25 PM,126,09-01-2023
1253,552,7:31:25 PM,117,09-01-2023
1254,553,8:14:47 PM,129,09-01-2023
1255,554,8:15:51 PM,103,09-01-2023
1256,554,8:15:51 PM,126,09-01-2023
1257,555,8:18:25 PM,101,09-01-2023
1258,555,8:18:25 PM,109,09-01-2023
1259,556,8:23:12 PM,125,09-01-2023
1260,556,8:23:12 PM,NULL,09-01-2023
1261,557,8:30:06 PM,120,09-01-2023
1262,557,8:30:06 PM,122,09-01-2023
1263,558,8:51:10 PM,109,09-01-2023
1264,559,9:10:16 PM,108,09-01-2023
1265,560,9:13:48 PM,126,09-01-2023
1266,560,9:13:48 PM,122,09-01-2023
1267,561,9:47:56 PM,123,09-01-2023
1268,562,10:04:05 PM,103,09-01-2023
1269,563,10:19:03 PM,129,09-01-2023
1270,563,10:19:03 PM,132,09-01-2023
1271,564,10:32:32 PM,128,09-01-2023
1272,564,10:32:32 PM,113,09-01-2023
1273,564,10:32:32 PM,123,09-01-2023
1274,565,12:11:19 PM,127,10-01-2023
1275,566,12:21:19 PM,123,10-01-2023
1276,567,12:27:47 PM,101,10-01-2023
1277,567,12:27:47 PM,124,10-01-2023
1278,567,12:27:47 PM,125,10-01-2023
1279,567,12:27:47 PM,113,10-01-2023
1280,567,12:27:47 PM,120,10-01-2023
1281,567,12:27:47 PM,120,10-01-2023
1282,567,12:27:47 PM,121,10-01-2023
1283,567,12:27:47 PM,122,10-01-2023
1284,567,12:27:47 PM,123,10-01-2023
1285,567,12:27:47 PM,106,10-01-2023
1286,568,12:28:53 PM,129,10-01-2023
1287,569,12:37:10 PM,101,10-01-2023
1288,569,12:37:10 PM,103,10-01-2023
1289,569,12:37:10 PM,108,10-01-2023
1290,570,1:13:59 PM,126,10-01-2023
1291,570,1:13:59 PM,105,10-01-2023
1292,571,1:14:47 PM,107,10-01-2023
1293,572,1:15:32 PM,105,10-01-2023
1294,573,1:39:33 PM,108,10-01-2023
1295,573,1:39:33 PM,124,10-01-2023
1296,574,1:40:54 PM,127,10-01-2023
1297,575,1:41:04 PM,108,10-01-2023
1298,575,1:41:04 PM,111,10-01-2023
1299,575,1:41:04 PM,113,10-01-2023
1300,575,1:41:04 PM,131,10-01-2023
1301,576,1:44:22 PM,107,10-01-2023
1302,576,1:44:22 PM,103,10-01-2023
1303,576,1:44:22 PM,131,10-01-2023
1304,577,1:45:00 PM,131,10-01-2023
1305,577,1:45:00 PM,132,10-01-2023
1306,578,1:48:49 PM,101,10-01-2023
1307,578,1:48:49 PM,116,10-01-2023
1308,578,1:48:49 PM,113,10-01-2023
1309,578,1:48:49 PM,118,10-01-2023
1310,578,1:48:49 PM,NULL,10-01-2023
1311,579,1:51:19 PM,126,10-01-2023
1312,580,1:56:01 PM,109,10-01-2023
1313,580,1:56:01 PM,105,10-01-2023
1314,581,2:13:01 PM,129,10-01-2023
1315,582,2:24:14 PM,128,10-01-2023
1316,583,2:33:19 PM,117,10-01-2023
1317,584,3:05:29 PM,120,10-01-2023
1318,584,3:05:29 PM,121,10-01-2023
1319,585,3:58:42 PM,115,10-01-2023
1320,585,3:58:42 PM,129,10-01-2023
1321,586,4:09:57 PM,110,10-01-2023
1322,586,4:09:57 PM,105,10-01-2023
1323,587,4:32:36 PM,118,10-01-2023
1324,587,4:32:36 PM,118,10-01-2023
1325,588,4:33:36 PM,102,10-01-2023
1326,589,5:12:39 PM,117,10-01-2023
1327,589,5:12:39 PM,128,10-01-2023
1328,589,5:12:39 PM,132,10-01-2023
1329,590,5:23:39 PM,124,10-01-2023
1330,591,5:32:54 PM,125,10-01-2023
1331,591,5:32:54 PM,105,10-01-2023
1332,591,5:32:54 PM,130,10-01-2023
1333,592,5:41:55 PM,127,10-01-2023
1334,592,5:41:55 PM,112,10-01-2023
1335,592,5:41:55 PM,106,10-01-2023
1336,593,5:48:57 PM,102,10-01-2023
1337,593,5:48:57 PM,122,10-01-2023
1338,594,5:50:19 PM,116,10-01-2023
1339,595,6:12:28 PM,108,10-01-2023
1340,595,6:12:28 PM,119,10-01-2023
1341,596,6:24:07 PM,112,10-01-2023
1342,596,6:24:07 PM,121,10-01-2023
1343,597,6:32:36 PM,102,10-01-2023
1344,597,6:32:36 PM,119,10-01-2023
1345,597,6:32:36 PM,122,10-01-2023
1346,598,6:34:14 PM,119,10-01-2023
1347,599,6:34:27 PM,118,10-01-2023
1348,600,6:53:52 PM,108,10-01-2023
1349,600,6:53:52 PM,125,10-01-2023
1350,600,6:53:52 PM,128,10-01-2023
1351,600,6:53:52 PM,129,10-01-2023
1352,601,6:58:19 PM,101,10-01-2023
1353,601,6:58:19 PM,108,10-01-2023
1354,601,6:58:19 PM,130,10-01-2023
1355,602,7:02:27 PM,118,10-01-2023
1356,603,7:03:11 PM,129,10-01-2023
1357,604,7:13:29 PM,121,10-01-2023
1358,604,7:13:29 PM,123,10-01-2023
1359,605,7:23:51 PM,113,10-01-2023
1360,605,7:23:51 PM,NULL,10-01-2023
1361,606,7:27:18 PM,113,10-01-2023
1362,607,7:36:16 PM,101,10-01-2023
1363,607,7:36:16 PM,117,10-01-2023
1364,607,7:36:16 PM,123,10-01-2023
1365,608,7:36:33 PM,109,10-01-2023
1366,608,7:36:33 PM,113,10-01-2023
1367,608,7:36:33 PM,106,10-01-2023
1368,608,7:36:33 PM,106,10-01-2023
1369,609,7:39:32 PM,125,10-01-2023
1370,610,7:51:02 PM,107,10-01-2023
1371,610,7:51:02 PM,113,10-01-2023
1372,611,7:58:10 PM,124,10-01-2023
1373,611,7:58:10 PM,129,10-01-2023
1374,611,7:58:10 PM,105,10-01-2023
1375,611,7:58:10 PM,NULL,10-01-2023
1376,612,7:58:15 PM,107,10-01-2023
1377,612,7:58:15 PM,117,10-01-2023
1378,612,7:58:15 PM,129,10-01-2023
1379,612,7:58:15 PM,121,10-01-2023
1380,613,8:10:44 PM,111,10-01-2023
1381,614,8:12:33 PM,118,10-01-2023
1382,615,8:14:03 PM,102,10-01-2023
1383,615,8:14:03 PM,112,10-01-2023
1384,616,8:20:10 PM,119,10-01-2023
1385,616,8:20:10 PM,132,10-01-2023
1386,617,8:27:26 PM,104,10-01-2023
1387,617,8:27:26 PM,105,10-01-2023
1388,618,8:31:14 PM,119,10-01-2023
1389,618,8:31:14 PM,130,10-01-2023
1390,619,8:41:58 PM,110,10-01-2023
1391,620,8:45:45 PM,101,10-01-2023
1392,620,8:45:45 PM,102,10-01-2023
1393,620,8:45:45 PM,118,10-01-2023
1394,620,8:45:45 PM,114,10-01-2023
1395,621,8:49:29 PM,116,10-01-2023
1396,621,8:49:29 PM,125,10-01-2023
1397,621,8:49:29 PM,129,10-01-2023
1398,621,8:49:29 PM,122,10-01-2023
1399,622,8:57:41 PM,117,10-01-2023
1400,622,8:57:41 PM,122,10-01-2023
1401,623,9:21:21 PM,102,10-01-2023
1402,623,9:21:21 PM,109,10-01-2023
1403,624,9:22:44 PM,102,10-01-2023
1404,624,9:22:44 PM,132,10-01-2023
1405,625,9:50:23 PM,131,10-01-2023
1406,625,9:50:23 PM,123,10-01-2023
1407,626,9:55:12 PM,108,10-01-2023
1408,626,9:55:12 PM,125,10-01-2023
1409,627,10:18:35 PM,114,10-01-2023
1410,627,10:18:35 PM,114,10-01-2023
1411,628,10:47:17 PM,108,10-01-2023
1412,628,10:47:17 PM,127,10-01-2023
1413,628,10:47:17 PM,114,10-01-2023
1414,628,10:47:17 PM,132,10-01-2023
1415,629,10:48:39 PM,116,10-01-2023
1416,629,10:48:39 PM,124,10-01-2023
1417,629,10:48:39 PM,112,10-01-2023
1418,629,10:48:39 PM,130,10-01-2023
1419,630,11:42:08 AM,120,11-01-2023
1420,631,11:44:36 AM,113,11-01-2023
1421,632,11:44:52 AM,108,11-01-2023
1422,633,11:51:45 AM,128,11-01-2023
1423,633,11:51:45 AM,113,11-01-2023
1424,633,11:51:45 AM,118,11-01-2023
1425,634,12:14:15 PM,113,11-01-2023
1426,635,12:18:31 PM,116,11-01-2023
1427,635,12:18:31 PM,102,11-01-2023
1428,635,12:18:31 PM,109,11-01-2023
1429,635,12:18:31 PM,129,11-01-2023
1430,635,12:18:31 PM,113,11-01-2023
1431,635,12:18:31 PM,113,11-01-2023
1432,635,12:18:31 PM,118,11-01-2023
1433,635,12:18:31 PM,120,11-01-2023
1434,635,12:18:31 PM,131,11-01-2023
1435,635,12:18:31 PM,131,11-01-2023
1436,636,12:34:44 PM,108,11-01-2023
1437,637,12:44:10 PM,114,11-01-2023
1438,637,12:44:10 PM,132,11-01-2023
1439,638,12:49:26 PM,129,11-01-2023
1440,639,1:23:21 PM,112,11-01-2023
1441,640,1:28:08 PM,102,11-01-2023
1442,640,1:28:08 PM,104,11-01-2023
1443,640,1:28:08 PM,111,11-01-2023
1444,641,1:37:46 PM,113,11-01-2023
1445,641,1:37:46 PM,105,11-01-2023
1446,641,1:37:46 PM,130,11-01-2023
1447,641,1:37:46 PM,131,11-01-2023
1448,642,1:40:00 PM,116,11-01-2023
1449,642,1:40:00 PM,102,11-01-2023
1450,642,1:40:00 PM,117,11-01-2023
1451,642,1:40:00 PM,121,11-01-2023
1452,643,1:43:19 PM,131,11-01-2023
1453,644,1:52:52 PM,117,11-01-2023
1454,644,1:52:52 PM,118,11-01-2023
1455,645,2:03:45 PM,101,11-01-2023
1456,645,2:03:45 PM,107,11-01-2023
1457,646,2:07:26 PM,109,11-01-2023
1458,646,2:07:26 PM,106,11-01-2023
1459,647,2:07:35 PM,109,11-01-2023
1460,648,2:17:17 PM,125,11-01-2023
1461,648,2:17:17 PM,113,11-01-2023
1462,649,2:29:23 PM,102,11-01-2023
1463,649,2:29:23 PM,113,11-01-2023
1464,649,2:29:23 PM,118,11-01-2023
1465,649,2:29:23 PM,120,11-01-2023
1466,650,2:34:05 PM,113,11-01-2023
1467,651,2:49:35 PM,101,11-01-2023
1468,651,2:49:35 PM,116,11-01-2023
1469,651,2:49:35 PM,113,11-01-2023
1470,652,4:03:38 PM,107,11-01-2023
1471,652,4:03:38 PM,103,11-01-2023
1472,652,4:03:38 PM,104,11-01-2023
1473,652,4:03:38 PM,119,11-01-2023
1474,653,4:18:23 PM,106,11-01-2023
1475,654,4:34:07 PM,129,11-01-2023
1476,654,4:34:07 PM,120,11-01-2023
1477,654,4:34:07 PM,130,11-01-2023
1478,655,4:43:33 PM,117,11-01-2023
1479,656,4:44:49 PM,106,11-01-2023
1480,656,4:44:49 PM,132,11-01-2023
1481,657,4:45:47 PM,101,11-01-2023
1482,657,4:45:47 PM,108,11-01-2023
1483,658,4:55:24 PM,111,11-01-2023
1484,658,4:55:24 PM,118,11-01-2023
1485,658,4:55:24 PM,132,11-01-2023
1486,659,4:56:39 PM,117,11-01-2023
1487,659,4:56:39 PM,120,11-01-2023
1488,660,5:09:36 PM,101,11-01-2023
1489,660,5:09:36 PM,117,11-01-2023
1490,661,5:18:14 PM,111,11-01-2023
1491,662,5:21:49 PM,101,11-01-2023
1492,662,5:21:49 PM,119,11-01-2023
1493,663,5:29:14 PM,125,11-01-2023
1494,664,5:35:14 PM,116,11-01-2023
1495,664,5:35:14 PM,117,11-01-2023
1496,664,5:35:14 PM,113,11-01-2023
1497,665,5:42:23 PM,101,11-01-2023
1498,665,5:42:23 PM,128,11-01-2023
1499,666,5:42:25 PM,109,11-01-2023
1500,667,6:13:08 PM,107,11-01-2023
1501,667,6:13:08 PM,113,11-01-2023
1502,668,6:13:12 PM,117,11-01-2023
1503,668,6:13:12 PM,129,11-01-2023
1504,668,6:13:12 PM,118,11-01-2023
1505,668,6:13:12 PM,122,11-01-2023
1506,669,6:40:44 PM,110,11-01-2023
1507,669,6:40:44 PM,129,11-01-2023
1508,670,6:46:25 PM,110,11-01-2023
1509,670,6:46:25 PM,121,11-01-2023
1510,671,7:18:42 PM,104,11-01-2023
1511,672,7:18:46 PM,126,11-01-2023
1512,672,7:18:46 PM,122,11-01-2023
1513,673,7:28:13 PM,121,11-01-2023
1514,673,7:28:13 PM,106,11-01-2023
1515,674,7:33:05 PM,104,11-01-2023
1516,674,7:33:05 PM,129,11-01-2023
1517,674,7:33:05 PM,119,11-01-2023
1518,674,7:33:05 PM,131,11-01-2023
1519,675,7:33:19 PM,111,11-01-2023
1520,676,7:44:57 PM,129,11-01-2023
1521,676,7:44:57 PM,132,11-01-2023
1522,677,7:51:09 PM,118,11-01-2023
1523,678,7:52:49 PM,129,11-01-2023
1524,678,7:52:49 PM,111,11-01-2023
1525,678,7:52:49 PM,122,11-01-2023
1526,679,8:31:02 PM,115,11-01-2023
1527,679,8:31:02 PM,125,11-01-2023
1528,679,8:31:02 PM,117,11-01-2023
1529,679,8:31:02 PM,128,11-01-2023
1530,680,9:07:30 PM,104,11-01-2023
1531,680,9:07:30 PM,120,11-01-2023
1532,681,9:29:50 PM,118,11-01-2023
1533,682,11:38:15 AM,117,12-01-2023
1534,683,11:39:08 AM,104,12-01-2023
1535,683,11:39:08 AM,127,12-01-2023
1536,683,11:39:08 AM,118,12-01-2023
1537,684,12:01:23 PM,125,12-01-2023
1538,685,12:11:46 PM,121,12-01-2023
1539,686,12:13:07 PM,107,12-01-2023
1540,687,12:21:09 PM,127,12-01-2023
1541,688,12:26:41 PM,122,12-01-2023
1542,688,12:26:41 PM,123,12-01-2023
1543,689,12:33:22 PM,106,12-01-2023
1544,689,12:33:22 PM,106,12-01-2023
1545,690,12:42:10 PM,113,12-01-2023
1546,691,12:45:53 PM,101,12-01-2023
1547,692,12:53:37 PM,102,12-01-2023
1548,692,12:53:37 PM,127,12-01-2023
1549,693,1:04:24 PM,101,12-01-2023
1550,693,1:04:24 PM,107,12-01-2023
1551,693,1:04:24 PM,126,12-01-2023
1552,693,1:04:24 PM,110,12-01-2023
1553,694,1:30:47 PM,127,12-01-2023
1554,694,1:30:47 PM,112,12-01-2023
1555,694,1:30:47 PM,113,12-01-2023
1556,695,1:33:06 PM,105,12-01-2023
1557,696,1:49:40 PM,119,12-01-2023
1558,696,1:49:40 PM,122,12-01-2023
1559,697,1:58:56 PM,108,12-01-2023
1560,697,1:58:56 PM,130,12-01-2023
1561,698,2:08:16 PM,107,12-01-2023
1562,698,2:08:16 PM,112,12-01-2023
1563,698,2:08:16 PM,106,12-01-2023
1564,699,2:27:03 PM,113,12-01-2023
1565,700,2:31:13 PM,115,12-01-2023
1566,700,2:31:13 PM,104,12-01-2023
1567,700,2:31:13 PM,110,12-01-2023
1568,700,2:31:13 PM,118,12-01-2023
1569,700,2:31:13 PM,120,12-01-2023
1570,701,2:33:39 PM,109,12-01-2023
1571,701,2:33:39 PM,119,12-01-2023
1572,702,2:38:35 PM,101,12-01-2023
1573,702,2:38:35 PM,120,12-01-2023
1574,703,3:08:01 PM,118,12-01-2023
1575,704,3:28:25 PM,116,12-01-2023
1576,704,3:28:25 PM,128,12-01-2023
1577,705,3:31:00 PM,126,12-01-2023
1578,705,3:31:00 PM,117,12-01-2023
1579,705,3:31:00 PM,105,12-01-2023
1580,706,3:39:04 PM,102,12-01-2023
1581,706,3:39:04 PM,111,12-01-2023
1582,707,3:41:32 PM,101,12-01-2023
1583,707,3:41:32 PM,118,12-01-2023
1584,707,3:41:32 PM,105,12-01-2023
1585,708,3:52:44 PM,125,12-01-2023
1586,709,3:53:56 PM,101,12-01-2023
1587,710,3:59:52 PM,109,12-01-2023
1588,710,3:59:52 PM,105,12-01-2023
1589,710,3:59:52 PM,114,12-01-2023
1590,710,3:59:52 PM,NULL,12-01-2023
1591,711,4:21:10 PM,103,12-01-2023
1592,711,4:21:10 PM,129,12-01-2023
1593,711,4:21:10 PM,112,12-01-2023
1594,711,4:21:10 PM,120,12-01-2023
1595,712,4:22:18 PM,127,12-01-2023
1596,713,4:31:56 PM,124,12-01-2023
1597,713,4:31:56 PM,128,12-01-2023
1598,714,4:55:08 PM,108,12-01-2023
1599,714,4:55:08 PM,109,12-01-2023
1600,714,4:55:08 PM,109,12-01-2023
1601,714,4:55:08 PM,110,12-01-2023
1602,715,5:05:33 PM,113,12-01-2023
1603,715,5:05:33 PM,118,12-01-2023
1604,715,5:05:33 PM,131,12-01-2023
1605,716,5:06:05 PM,107,12-01-2023
1606,717,5:24:44 PM,101,12-01-2023
1607,717,5:24:44 PM,105,12-01-2023
1608,718,5:46:30 PM,102,12-01-2023
1609,718,5:46:30 PM,105,12-01-2023
1610,719,5:52:27 PM,101,12-01-2023
1611,719,5:52:27 PM,129,12-01-2023
1612,720,5:53:59 PM,126,12-01-2023
1613,720,5:53:59 PM,111,12-01-2023
1614,720,5:53:59 PM,112,12-01-2023
1615,720,5:53:59 PM,120,12-01-2023
1616,721,6:17:15 PM,108,12-01-2023
1617,721,6:17:15 PM,122,12-01-2023
1618,722,6:20:58 PM,111,12-01-2023
1619,722,6:20:58 PM,130,12-01-2023
1620,723,6:21:04 PM,101,12-01-2023
1621,723,6:21:04 PM,113,12-01-2023
1622,724,6:24:47 PM,107,12-01-2023
1623,724,6:24:47 PM,126,12-01-2023
1624,724,6:24:47 PM,105,12-01-2023
1625,725,6:33:14 PM,107,12-01-2023
1626,725,6:33:14 PM,129,12-01-2023
1627,725,6:33:14 PM,106,12-01-2023
1628,725,6:33:14 PM,NULL,12-01-2023
1629,726,6:34:25 PM,120,12-01-2023
1630,727,6:44:57 PM,120,12-01-2023
1631,728,6:53:17 PM,105,12-01-2023
1632,728,6:53:17 PM,106,12-01-2023
1633,728,6:53:17 PM,114,12-01-2023
1634,729,7:20:41 PM,108,12-01-2023
1635,729,7:20:41 PM,109,12-01-2023
1636,729,7:20:41 PM,120,12-01-2023
1637,730,7:22:00 PM,117,12-01-2023
1638,731,7:27:47 PM,120,12-01-2023
1639,731,7:27:47 PM,132,12-01-2023
1640,732,7:30:17 PM,131,12-01-2023
1641,733,7:57:36 PM,102,12-01-2023
1642,733,7:57:36 PM,110,12-01-2023
1643,733,7:57:36 PM,113,12-01-2023
1644,733,7:57:36 PM,106,12-01-2023
1645,734,8:00:30 PM,113,12-01-2023
1646,735,8:35:34 PM,104,12-01-2023
1647,735,8:35:34 PM,112,12-01-2023
1648,735,8:35:34 PM,112,12-01-2023
1649,736,9:35:14 PM,124,12-01-2023
1650,736,9:35:14 PM,132,12-01-2023
1651,737,11:31:34 AM,101,13-01-2023
1652,737,11:31:34 AM,106,13-01-2023
1653,738,12:16:47 PM,105,13-01-2023
1654,739,12:19:38 PM,107,13-01-2023
1655,740,12:29:51 PM,102,13-01-2023
1656,740,12:29:51 PM,104,13-01-2023
1657,740,12:29:51 PM,124,13-01-2023
1658,740,12:29:51 PM,125,13-01-2023
1659,740,12:29:51 PM,110,13-01-2023
1660,740,12:29:51 PM,117,13-01-2023
1661,740,12:29:51 PM,111,13-01-2023
1662,740,12:29:51 PM,119,13-01-2023
1663,740,12:29:51 PM,120,13-01-2023
1664,740,12:29:51 PM,131,13-01-2023
1665,740,12:29:51 PM,131,13-01-2023
1666,740,12:29:51 PM,131,13-01-2023
1667,740,12:29:51 PM,NULL,13-01-2023
1668,741,12:49:09 PM,111,13-01-2023
1669,742,12:53:01 PM,101,13-01-2023
1670,743,1:08:32 PM,111,13-01-2023
1671,744,1:34:48 PM,118,13-01-2023
1672,745,1:36:53 PM,101,13-01-2023
1673,745,1:36:53 PM,102,13-01-2023
1674,745,1:36:53 PM,108,13-01-2023
1675,745,1:36:53 PM,125,13-01-2023
1676,745,1:36:53 PM,128,13-01-2023
1677,745,1:36:53 PM,111,13-01-2023
1678,745,1:36:53 PM,114,13-01-2023
1679,746,1:41:13 PM,122,13-01-2023
1680,746,1:41:13 PM,132,13-01-2023
1681,747,2:15:02 PM,129,13-01-2023
1682,747,2:15:02 PM,120,13-01-2023
1683,747,2:15:02 PM,122,13-01-2023
1684,748,2:27:31 PM,124,13-01-2023
1685,749,2:29:23 PM,113,13-01-2023
1686,750,2:48:09 PM,112,13-01-2023
1687,751,3:07:35 PM,116,13-01-2023
1688,751,3:07:35 PM,109,13-01-2023
1689,751,3:07:35 PM,111,13-01-2023
1690,751,3:07:35 PM,132,13-01-2023
1691,752,3:19:25 PM,109,13-01-2023
1692,752,3:19:25 PM,121,13-01-2023
1693,753,3:22:11 PM,126,13-01-2023
1694,753,3:22:11 PM,109,13-01-2023
1695,753,3:22:11 PM,117,13-01-2023
1696,753,3:22:11 PM,119,13-01-2023
1697,754,3:47:56 PM,112,13-01-2023
1698,754,3:47:56 PM,105,13-01-2023
1699,755,3:50:49 PM,101,13-01-2023
1700,755,3:50:49 PM,125,13-01-2023
1701,756,3:55:11 PM,104,13-01-2023
1702,756,3:55:11 PM,130,13-01-2023
1703,756,3:55:11 PM,132,13-01-2023
1704,757,4:10:34 PM,111,13-01-2023
1705,757,4:10:34 PM,113,13-01-2023
1706,757,4:10:34 PM,122,13-01-2023
1707,757,4:10:34 PM,132,13-01-2023
1708,758,4:14:43 PM,125,13-01-2023
1709,758,4:14:43 PM,119,13-01-2023
1710,759,4:14:56 PM,116,13-01-2023
1711,760,4:27:40 PM,102,13-01-2023
1712,761,4:30:20 PM,120,13-01-2023
1713,761,4:30:20 PM,121,13-01-2023
1714,762,4:36:36 PM,110,13-01-2023
1715,762,4:36:36 PM,121,13-01-2023
1716,762,4:36:36 PM,106,13-01-2023
1717,762,4:36:36 PM,NULL,13-01-2023
1718,763,4:38:57 PM,108,13-01-2023
1719,764,4:39:39 PM,117,13-01-2023
1720,764,4:39:39 PM,NULL,13-01-2023
1721,765,5:11:41 PM,102,13-01-2023
1722,765,5:11:41 PM,110,13-01-2023
1723,765,5:11:41 PM,118,13-01-2023
1724,765,5:11:41 PM,120,13-01-2023
1725,766,5:21:45 PM,127,13-01-2023
1726,766,5:21:45 PM,129,13-01-2023
1727,766,5:21:45 PM,105,13-01-2023
1728,767,5:21:48 PM,108,13-01-2023
1729,768,5:23:34 PM,115,13-01-2023
1730,769,5:43:17 PM,125,13-01-2023
1731,770,5:44:13 PM,118,13-01-2023
1732,770,5:44:13 PM,120,13-01-2023
1733,771,5:59:32 PM,102,13-01-2023
1734,771,5:59:32 PM,120,13-01-2023
1735,772,6:07:59 PM,127,13-01-2023
1736,773,6:18:15 PM,108,13-01-2023
1737,773,6:18:15 PM,112,13-01-2023
1738,774,6:31:07 PM,104,13-01-2023
1739,774,6:31:07 PM,131,13-01-2023
1740,775,6:42:12 PM,101,13-01-2023
1741,775,6:42:12 PM,124,13-01-2023
1742,775,6:42:12 PM,112,13-01-2023
1743,775,6:42:12 PM,119,13-01-2023
1744,776,6:50:43 PM,131,13-01-2023
1745,776,6:50:43 PM,106,13-01-2023
1746,777,7:10:20 PM,101,13-01-2023
1747,777,7:10:20 PM,114,13-01-2023
1748,778,7:18:08 PM,125,13-01-2023
1749,778,7:18:08 PM,117,13-01-2023
1750,778,7:18:08 PM,119,13-01-2023
1751,778,7:18:08 PM,105,13-01-2023
1752,779,7:19:58 PM,108,13-01-2023
1753,779,7:19:58 PM,110,13-01-2023
1754,779,7:19:58 PM,117,13-01-2023
1755,779,7:19:58 PM,117,13-01-2023
1756,780,8:12:49 PM,107,13-01-2023
1757,780,8:12:49 PM,110,13-01-2023
1758,781,8:31:17 PM,110,13-01-2023
1759,781,8:31:17 PM,105,13-01-2023
1760,781,8:31:17 PM,105,13-01-2023
1761,781,8:31:17 PM,132,13-01-2023
1762,782,8:36:27 PM,116,13-01-2023
1763,782,8:36:27 PM,106,13-01-2023
1764,783,9:17:08 PM,131,13-01-2023
1765,783,9:17:08 PM,106,13-01-2023
1766,783,9:17:08 PM,132,13-01-2023
1767,784,9:39:41 PM,111,13-01-2023
1768,785,11:28:44 AM,109,14-01-2023
1769,785,11:28:44 AM,105,14-01-2023
1770,786,11:35:30 AM,124,14-01-2023
1771,787,11:45:30 AM,102,14-01-2023
1772,787,11:45:30 AM,122,14-01-2023
1773,788,11:46:19 AM,120,14-01-2023
1774,789,11:51:37 AM,131,14-01-2023
1775,790,12:07:30 PM,124,14-01-2023
1776,790,12:07:30 PM,123,14-01-2023
1777,791,12:23:54 PM,113,14-01-2023
1778,791,12:23:54 PM,106,14-01-2023
1779,792,12:37:48 PM,103,14-01-2023
1780,792,12:37:48 PM,125,14-01-2023
1781,792,12:37:48 PM,127,14-01-2023
1782,792,12:37:48 PM,129,14-01-2023
1783,792,12:37:48 PM,119,14-01-2023
1784,792,12:37:48 PM,130,14-01-2023
1785,792,12:37:48 PM,132,14-01-2023
1786,793,12:38:27 PM,119,14-01-2023
1787,794,12:39:16 PM,111,14-01-2023
1788,795,12:42:17 PM,124,14-01-2023
1789,796,12:43:09 PM,129,14-01-2023
1790,797,12:50:01 PM,118,14-01-2023
1791,797,12:50:01 PM,119,14-01-2023
1792,797,12:50:01 PM,132,14-01-2023
1793,798,12:50:30 PM,124,14-01-2023
1794,798,12:50:30 PM,126,14-01-2023
1795,798,12:50:30 PM,121,14-01-2023
1796,798,12:50:30 PM,131,14-01-2023
1797,799,12:51:29 PM,117,14-01-2023
1798,799,12:51:29 PM,112,14-01-2023
1799,799,12:51:29 PM,106,14-01-2023
1800,800,12:54:35 PM,116,14-01-2023
1801,800,12:54:35 PM,109,14-01-2023
1802,800,12:54:35 PM,127,14-01-2023
1803,800,12:54:35 PM,111,14-01-2023
1804,800,12:54:35 PM,105,14-01-2023
1805,800,12:54:35 PM,122,14-01-2023
1806,801,1:10:53 PM,101,14-01-2023
1807,801,1:10:53 PM,108,14-01-2023
1808,801,1:10:53 PM,108,14-01-2023
1809,801,1:10:53 PM,117,14-01-2023
1810,801,1:10:53 PM,111,14-01-2023
1811,801,1:10:53 PM,120,14-01-2023
1812,801,1:10:53 PM,120,14-01-2023
1813,801,1:10:53 PM,105,14-01-2023
1814,801,1:10:53 PM,105,14-01-2023
1815,801,1:10:53 PM,130,14-01-2023
1816,801,1:10:53 PM,123,14-01-2023
1817,801,1:10:53 PM,106,14-01-2023
1818,802,1:23:47 PM,103,14-01-2023
1819,802,1:23:47 PM,109,14-01-2023
1820,803,1:37:51 PM,117,14-01-2023
1821,804,1:42:01 PM,119,14-01-2023
1822,805,2:07:52 PM,107,14-01-2023
1823,805,2:07:52 PM,125,14-01-2023
1824,806,2:12:22 PM,101,14-01-2023
1825,807,2:15:29 PM,107,14-01-2023
1826,808,2:15:32 PM,118,14-01-2023
1827,809,2:26:17 PM,109,14-01-2023
1828,810,2:48:30 PM,127,14-01-2023
1829,811,2:48:56 PM,132,14-01-2023
1830,812,3:37:45 PM,116,14-01-2023
1831,812,3:37:45 PM,112,14-01-2023
1832,813,4:09:29 PM,102,14-01-2023
1833,813,4:09:29 PM,105,14-01-2023
1834,814,4:21:23 PM,108,14-01-2023
1835,814,4:21:23 PM,132,14-01-2023
1836,815,4:38:00 PM,111,14-01-2023
1837,816,5:04:08 PM,105,14-01-2023
1838,816,5:04:08 PM,132,14-01-2023
1839,817,5:10:38 PM,108,14-01-2023
1840,817,5:10:38 PM,113,14-01-2023
1841,817,5:10:38 PM,105,14-01-2023
1842,817,5:10:38 PM,106,14-01-2023
1843,818,5:15:50 PM,112,14-01-2023
1844,818,5:15:50 PM,120,14-01-2023
1845,818,5:15:50 PM,120,14-01-2023
1846,819,5:21:39 PM,101,14-01-2023
1847,819,5:21:39 PM,120,14-01-2023
1848,820,5:24:09 PM,105,14-01-2023
1849,820,5:24:09 PM,123,14-01-2023
1850,821,5:37:26 PM,124,14-01-2023
1851,822,5:38:53 PM,NULL,14-01-2023
1852,823,5:42:17 PM,101,14-01-2023
1853,823,5:42:17 PM,102,14-01-2023
1854,823,5:42:17 PM,114,14-01-2023
1855,824,5:53:41 PM,102,14-01-2023
1856,824,5:53:41 PM,108,14-01-2023
1857,824,5:53:41 PM,117,14-01-2023
1858,824,5:53:41 PM,120,14-01-2023
1859,825,6:06:06 PM,124,14-01-2023
1860,825,6:06:06 PM,120,14-01-2023
1861,826,6:06:14 PM,104,14-01-2023
1862,826,6:06:14 PM,117,14-01-2023
1863,826,6:06:14 PM,113,14-01-2023
1864,827,6:09:48 PM,103,14-01-2023
1865,827,6:09:48 PM,111,14-01-2023
1866,828,6:23:55 PM,104,14-01-2023
1867,828,6:23:55 PM,118,14-01-2023
1868,829,6:27:42 PM,111,14-01-2023
1869,829,6:27:42 PM,118,14-01-2023
1870,829,6:27:42 PM,122,14-01-2023
1871,829,6:27:42 PM,123,14-01-2023
1872,830,6:38:17 PM,109,14-01-2023
1873,830,6:38:17 PM,117,14-01-2023
1874,830,6:38:17 PM,113,14-01-2023
1875,831,6:38:20 PM,116,14-01-2023
1876,831,6:38:20 PM,104,14-01-2023
1877,831,6:38:20 PM,104,14-01-2023
1878,831,6:38:20 PM,108,14-01-2023
1879,832,6:47:06 PM,109,14-01-2023
1880,833,7:07:45 PM,107,14-01-2023
1881,833,7:07:45 PM,111,14-01-2023
1882,834,7:25:16 PM,104,14-01-2023
1883,834,7:25:16 PM,113,14-01-2023
1884,834,7:25:16 PM,119,14-01-2023
1885,834,7:25:16 PM,131,14-01-2023
1886,835,7:56:01 PM,101,14-01-2023
1887,835,7:56:01 PM,101,14-01-2023
1888,835,7:56:01 PM,113,14-01-2023
1889,835,7:56:01 PM,105,14-01-2023
1890,836,8:08:08 PM,124,14-01-2023
1891,836,8:08:08 PM,125,14-01-2023
1892,836,8:08:08 PM,109,14-01-2023
1893,836,8:08:08 PM,NULL,14-01-2023
1894,837,8:12:27 PM,117,14-01-2023
1895,838,8:33:57 PM,103,14-01-2023
1896,838,8:33:57 PM,117,14-01-2023
1897,838,8:33:57 PM,132,14-01-2023
1898,839,8:40:40 PM,129,14-01-2023
1899,840,8:46:12 PM,117,14-01-2023
1900,841,8:57:40 PM,118,14-01-2023
1901,842,9:09:39 PM,130,14-01-2023
1902,842,9:09:39 PM,131,14-01-2023
1903,842,9:09:39 PM,123,14-01-2023
1904,843,9:32:21 PM,123,14-01-2023
1905,844,9:36:58 PM,132,14-01-2023
1906,845,9:42:56 PM,108,14-01-2023
1907,845,9:42:56 PM,124,14-01-2023
1908,845,9:42:56 PM,117,14-01-2023
1909,845,9:42:56 PM,105,14-01-2023
1910,846,10:16:24 PM,102,14-01-2023
1911,846,10:16:24 PM,124,14-01-2023
1912,847,11:37:03 AM,113,15-01-2023
1913,848,11:56:46 AM,107,15-01-2023
1914,849,12:08:30 PM,108,15-01-2023
1915,849,12:08:30 PM,120,15-01-2023
1916,849,12:08:30 PM,122,15-01-2023
1917,849,12:08:30 PM,122,15-01-2023
1918,850,12:15:35 PM,125,15-01-2023
1919,850,12:15:35 PM,105,15-01-2023
1920,850,12:15:35 PM,106,15-01-2023
1921,851,12:20:22 PM,101,15-01-2023
1922,852,12:33:51 PM,106,15-01-2023
1923,853,12:36:39 PM,113,15-01-2023
1924,854,12:51:19 PM,113,15-01-2023
1925,854,12:51:19 PM,121,15-01-2023
1926,855,12:56:54 PM,124,15-01-2023
1927,855,12:56:54 PM,120,15-01-2023
1928,855,12:56:54 PM,105,15-01-2023
1929,855,12:56:54 PM,130,15-01-2023
1930,855,12:56:54 PM,132,15-01-2023
1931,856,12:59:20 PM,122,15-01-2023
1932,857,1:01:53 PM,111,15-01-2023
1933,858,1:03:42 PM,118,15-01-2023
1934,858,1:03:42 PM,106,15-01-2023
1935,858,1:03:42 PM,132,15-01-2023
1936,859,1:05:13 PM,107,15-01-2023
1937,859,1:05:13 PM,116,15-01-2023
1938,859,1:05:13 PM,103,15-01-2023
1939,859,1:05:13 PM,114,15-01-2023
1940,860,1:07:53 PM,120,15-01-2023
1941,860,1:07:53 PM,122,15-01-2023
1942,861,1:08:44 PM,119,15-01-2023
1943,862,1:10:45 PM,105,15-01-2023
1944,863,1:12:29 PM,106,15-01-2023
1945,864,2:04:23 PM,107,15-01-2023
1946,864,2:04:23 PM,109,15-01-2023
1947,864,2:04:23 PM,117,15-01-2023
1948,864,2:04:23 PM,128,15-01-2023
1949,864,2:04:23 PM,120,15-01-2023
1950,864,2:04:23 PM,131,15-01-2023
1951,864,2:04:23 PM,123,15-01-2023
1952,864,2:04:23 PM,114,15-01-2023
1953,864,2:04:23 PM,132,15-01-2023
1954,865,2:10:00 PM,108,15-01-2023
1955,866,2:18:09 PM,118,15-01-2023
1956,867,2:19:28 PM,109,15-01-2023
1957,867,2:19:28 PM,109,15-01-2023
1958,868,2:27:25 PM,121,15-01-2023
1959,869,2:31:43 PM,123,15-01-2023
1960,869,2:31:43 PM,106,15-01-2023
1961,870,2:38:31 PM,124,15-01-2023
1962,870,2:38:31 PM,125,15-01-2023
1963,871,2:45:22 PM,103,15-01-2023
1964,872,2:48:37 PM,119,15-01-2023
1965,873,3:06:15 PM,113,15-01-2023
1966,874,3:20:36 PM,112,15-01-2023
1967,874,3:20:36 PM,105,15-01-2023
1968,875,3:23:21 PM,102,15-01-2023
1969,876,3:27:03 PM,109,15-01-2023
1970,876,3:27:03 PM,105,15-01-2023
1971,876,3:27:03 PM,122,15-01-2023
1972,877,3:32:59 PM,125,15-01-2023
1973,878,4:05:58 PM,102,15-01-2023
1974,879,4:12:57 PM,105,15-01-2023
1975,879,4:12:57 PM,123,15-01-2023
1976,879,4:12:57 PM,132,15-01-2023
1977,880,4:19:26 PM,113,15-01-2023
1978,880,4:19:26 PM,113,15-01-2023
1979,881,4:40:04 PM,102,15-01-2023
1980,881,4:40:04 PM,117,15-01-2023
1981,882,4:44:46 PM,119,15-01-2023
1982,882,4:44:46 PM,131,15-01-2023
1983,882,4:44:46 PM,106,15-01-2023
1984,883,4:56:05 PM,102,15-01-2023
1985,883,4:56:05 PM,108,15-01-2023
1986,883,4:56:05 PM,109,15-01-2023
1987,883,4:56:05 PM,119,15-01-2023
1988,884,4:57:15 PM,109,15-01-2023
1989,885,4:57:55 PM,129,15-01-2023
1990,885,4:57:55 PM,120,15-01-2023
1991,885,4:57:55 PM,122,15-01-2023
1992,885,4:57:55 PM,NULL,15-01-2023
1993,886,5:05:35 PM,128,15-01-2023
1994,886,5:05:35 PM,120,15-01-2023
1995,886,5:05:35 PM,122,15-01-2023
1996,887,5:13:58 PM,113,15-01-2023
1997,887,5:13:58 PM,122,15-01-2023
1998,888,5:14:27 PM,120,15-01-2023
1999,888,5:14:27 PM,121,15-01-2023
2000,889,5:27:51 PM,101,15-01-2023
2001,890,5:32:25 PM,125,15-01-2023
2002,891,5:43:34 PM,130,15-01-2023
2003,892,6:04:29 PM,125,15-01-2023
2004,892,6:04:29 PM,128,15-01-2023
2005,893,6:15:22 PM,125,15-01-2023
2006,894,6:17:26 PM,111,15-01-2023
2007,895,6:18:11 PM,101,15-01-2023
2008,895,6:18:11 PM,109,15-01-2023
2009,895,6:18:11 PM,113,15-01-2023
2010,896,6:27:28 PM,102,15-01-2023
2011,896,6:27:28 PM,124,15-01-2023
2012,897,6:53:07 PM,110,15-01-2023
2013,897,6:53:07 PM,129,15-01-2023
2014,897,6:53:07 PM,131,15-01-2023
2015,898,6:56:49 PM,108,15-01-2023
2016,899,7:06:14 PM,122,15-01-2023
2017,899,7:06:14 PM,NULL,15-01-2023
2018,900,7:09:51 PM,113,15-01-2023
2019,900,7:09:51 PM,113,15-01-2023
2020,901,7:16:11 PM,107,15-01-2023
2021,902,7:21:00 PM,118,15-01-2023
2022,903,7:27:22 PM,108,15-01-2023
2023,903,7:27:22 PM,118,15-01-2023
2024,903,7:27:22 PM,121,15-01-2023
2025,904,8:07:01 PM,101,15-01-2023
2026,904,8:07:01 PM,112,15-01-2023
2027,905,8:12:06 PM,101,15-01-2023
2028,905,8:12:06 PM,127,15-01-2023
2029,905,8:12:06 PM,132,15-01-2023
2030,906,8:51:59 PM,121,15-01-2023
2031,906,8:51:59 PM,105,15-01-2023
2032,907,8:54:32 PM,120,15-01-2023
2033,908,9:42:32 PM,113,15-01-2023
2034,908,9:42:32 PM,106,15-01-2023
2035,909,11:19:25 AM,101,16-01-2023
2036,909,11:19:25 AM,127,16-01-2023
2037,909,11:19:25 AM,122,16-01-2023
2038,910,11:25:40 AM,110,16-01-2023
2039,910,11:25:40 AM,119,16-01-2023
2040,910,11:25:40 AM,132,16-01-2023
2041,911,11:36:00 AM,101,16-01-2023
2042,911,11:36:00 AM,131,16-01-2023
2043,912,11:39:48 AM,112,16-01-2023
2044,913,11:55:24 AM,123,16-01-2023
2045,914,12:14:22 PM,132,16-01-2023
2046,915,12:20:22 PM,101,16-01-2023
2047,915,12:20:22 PM,124,16-01-2023
2048,915,12:20:22 PM,126,16-01-2023
2049,915,12:20:22 PM,111,16-01-2023
2050,915,12:20:22 PM,113,16-01-2023
2051,915,12:20:22 PM,113,16-01-2023
2052,915,12:20:22 PM,119,16-01-2023
2053,915,12:20:22 PM,122,16-01-2023
2054,916,12:30:09 PM,117,16-01-2023
2055,916,12:30:09 PM,129,16-01-2023
2056,916,12:30:09 PM,113,16-01-2023
2057,916,12:30:09 PM,NULL,16-01-2023
2058,917,12:34:15 PM,105,16-01-2023
2059,918,1:06:04 PM,131,16-01-2023
2060,919,1:11:15 PM,111,16-01-2023
2061,920,1:16:55 PM,101,16-01-2023
2062,920,1:16:55 PM,108,16-01-2023
2063,921,1:18:32 PM,105,16-01-2023
2064,921,1:18:32 PM,130,16-01-2023
2065,922,1:19:43 PM,116,16-01-2023
2066,922,1:19:43 PM,113,16-01-2023
2067,922,1:19:43 PM,105,16-01-2023
2068,923,1:23:29 PM,129,16-01-2023
2069,923,1:23:29 PM,131,16-01-2023
2070,924,1:27:57 PM,113,16-01-2023
2071,924,1:27:57 PM,105,16-01-2023
2072,925,1:42:47 PM,132,16-01-2023
2073,926,1:51:38 PM,108,16-01-2023
2074,926,1:51:38 PM,113,16-01-2023
2075,926,1:51:38 PM,120,16-01-2023
2076,926,1:51:38 PM,132,16-01-2023
2077,927,1:59:21 PM,102,16-01-2023
2078,927,1:59:21 PM,103,16-01-2023
2079,927,1:59:21 PM,108,16-01-2023
2080,927,1:59:21 PM,125,16-01-2023
2081,927,1:59:21 PM,109,16-01-2023
2082,927,1:59:21 PM,110,16-01-2023
2083,927,1:59:21 PM,129,16-01-2023
2084,927,1:59:21 PM,111,16-01-2023
2085,927,1:59:21 PM,131,16-01-2023
2086,928,2:14:40 PM,102,16-01-2023
2087,928,2:14:40 PM,106,16-01-2023
2088,929,2:24:45 PM,124,16-01-2023
2089,930,3:00:11 PM,110,16-01-2023
2090,930,3:00:11 PM,111,16-01-2023
2091,930,3:00:11 PM,112,16-01-2023
2092,931,3:27:24 PM,101,16-01-2023
2093,931,3:27:24 PM,124,16-01-2023
2094,931,3:27:24 PM,118,16-01-2023
2095,932,3:33:19 PM,116,16-01-2023
2096,932,3:33:19 PM,106,16-01-2023
2097,933,3:49:05 PM,124,16-01-2023
2098,934,3:55:24 PM,106,16-01-2023
2099,935,4:14:59 PM,107,16-01-2023
2100,935,4:14:59 PM,122,16-01-2023
2101,935,4:14:59 PM,131,16-01-2023
2102,935,4:14:59 PM,114,16-01-2023
2103,936,4:19:19 PM,120,16-01-2023
2104,937,4:20:32 PM,122,16-01-2023
2105,938,4:43:09 PM,117,16-01-2023
2106,938,4:43:09 PM,118,16-01-2023
2107,938,4:43:09 PM,131,16-01-2023
2108,939,4:59:23 PM,118,16-01-2023
2109,939,4:59:23 PM,130,16-01-2023
2110,940,5:05:08 PM,111,16-01-2023
2111,940,5:05:08 PM,112,16-01-2023
2112,940,5:05:08 PM,118,16-01-2023
2113,941,5:09:08 PM,126,16-01-2023
2114,941,5:09:08 PM,110,16-01-2023
2115,942,5:18:37 PM,101,16-01-2023
2116,942,5:18:37 PM,105,16-01-2023
2117,943,5:22:00 PM,120,16-01-2023
2118,944,5:54:33 PM,108,16-01-2023
2119,945,5:58:38 PM,101,16-01-2023
2120,945,5:58:38 PM,124,16-01-2023
2121,945,5:58:38 PM,125,16-01-2023
2122,945,5:58:38 PM,109,16-01-2023
2123,946,6:00:48 PM,102,16-01-2023
2124,946,6:00:48 PM,113,16-01-2023
2125,946,6:00:48 PM,130,16-01-2023
2126,946,6:00:48 PM,123,16-01-2023
2127,947,6:13:15 PM,102,16-01-2023
2128,947,6:13:15 PM,113,16-01-2023
2129,947,6:13:15 PM,NULL,16-01-2023
2130,948,6:42:17 PM,112,16-01-2023
2131,948,6:42:17 PM,113,16-01-2023
2132,948,6:42:17 PM,122,16-01-2023
2133,948,6:42:17 PM,132,16-01-2023
2134,949,6:52:18 PM,129,16-01-2023
2135,949,6:52:18 PM,132,16-01-2023
2136,950,6:57:56 PM,102,16-01-2023
2137,951,7:03:46 PM,127,16-01-2023
2138,952,7:05:35 PM,107,16-01-2023
2139,952,7:05:35 PM,116,16-01-2023
2140,952,7:05:35 PM,118,16-01-2023
2141,952,7:05:35 PM,131,16-01-2023
2142,953,7:12:08 PM,101,16-01-2023
2143,953,7:12:08 PM,103,16-01-2023
2144,953,7:12:08 PM,131,16-01-2023
2145,954,7:14:03 PM,106,16-01-2023
2146,955,7:24:16 PM,102,16-01-2023
2147,955,7:24:16 PM,124,16-01-2023
2148,955,7:24:16 PM,111,16-01-2023
2149,956,7:24:40 PM,119,16-01-2023
2150,956,7:24:40 PM,106,16-01-2023
2151,957,7:32:12 PM,125,16-01-2023
2152,957,7:32:12 PM,126,16-01-2023
2153,957,7:32:12 PM,127,16-01-2023
2154,957,7:32:12 PM,130,16-01-2023
2155,958,7:33:33 PM,113,16-01-2023
2156,959,7:34:00 PM,102,16-01-2023
2157,959,7:34:00 PM,130,16-01-2023
2158,960,7:35:00 PM,122,16-01-2023
2159,961,7:42:20 PM,101,16-01-2023
2160,961,7:42:20 PM,110,16-01-2023
2161,962,7:55:17 PM,107,16-01-2023
2162,962,7:55:17 PM,112,16-01-2023
2163,963,8:06:41 PM,102,16-01-2023
2164,963,8:06:41 PM,104,16-01-2023
2165,963,8:06:41 PM,120,16-01-2023
2166,964,8:24:37 PM,107,16-01-2023
2167,964,8:24:37 PM,125,16-01-2023
2168,965,8:41:02 PM,126,16-01-2023
2169,965,8:41:02 PM,122,16-01-2023
2170,965,8:41:02 PM,131,16-01-2023
2171,965,8:41:02 PM,106,16-01-2023
2172,966,8:59:17 PM,120,16-01-2023
2173,966,8:59:17 PM,131,16-01-2023
2174,967,9:03:33 PM,128,16-01-2023
2175,968,9:23:01 PM,109,16-01-2023
2176,968,9:23:01 PM,110,16-01-2023
2177,969,9:36:19 PM,129,16-01-2023
2178,970,9:44:35 PM,108,16-01-2023
2179,970,9:44:35 PM,122,16-01-2023
2180,971,9:46:20 PM,103,16-01-2023
2181,971,9:46:20 PM,108,16-01-2023
2182,971,9:46:20 PM,117,16-01-2023
2183,971,9:46:20 PM,120,16-01-2023
2184,972,10:03:09 PM,113,16-01-2023
2185,972,10:03:09 PM,113,16-01-2023
2186,973,10:06:08 PM,129,16-01-2023
2187,974,10:06:53 PM,108,16-01-2023
2188,975,10:10:21 PM,126,16-01-2023
2189,975,10:10:21 PM,128,16-01-2023
2190,976,11:53:19 AM,113,17-01-2023
2191,977,12:01:58 PM,112,17-01-2023
2192,977,12:01:58 PM,106,17-01-2023
2193,978,12:24:36 PM,101,17-01-2023
2194,978,12:24:36 PM,107,17-01-2023
2195,978,12:24:36 PM,115,17-01-2023
2196,978,12:24:36 PM,109,17-01-2023
2197,978,12:24:36 PM,109,17-01-2023
2198,978,12:24:36 PM,117,17-01-2023
2199,978,12:24:36 PM,117,17-01-2023
2200,978,12:24:36 PM,128,17-01-2023
2201,978,12:24:36 PM,118,17-01-2023
2202,978,12:24:36 PM,122,17-01-2023
2203,978,12:24:36 PM,106,17-01-2023
2204,979,12:57:28 PM,130,17-01-2023
2205,980,12:58:36 PM,102,17-01-2023
2206,980,12:58:36 PM,111,17-01-2023
2207,980,12:58:36 PM,120,17-01-2023
2208,980,12:58:36 PM,123,17-01-2023
2209,980,12:58:36 PM,106,17-01-2023
2210,980,12:58:36 PM,106,17-01-2023
2211,981,1:56:46 PM,101,17-01-2023
2212,982,2:12:58 PM,125,17-01-2023
2213,982,2:12:58 PM,109,17-01-2023
2214,982,2:12:58 PM,113,17-01-2023
2215,982,2:12:58 PM,105,17-01-2023
2216,983,2:29:31 PM,107,17-01-2023
2217,984,2:33:55 PM,110,17-01-2023
2218,985,2:34:50 PM,109,17-01-2023
2219,985,2:34:50 PM,127,17-01-2023
2220,985,2:34:50 PM,121,17-01-2023
2221,986,2:35:25 PM,132,17-01-2023
2222,987,2:41:14 PM,101,17-01-2023
2223,987,2:41:14 PM,116,17-01-2023
2224,987,2:41:14 PM,119,17-01-2023
2225,988,2:44:56 PM,127,17-01-2023
2226,989,3:08:38 PM,109,17-01-2023
2227,990,3:30:10 PM,113,17-01-2023
2228,991,3:43:27 PM,107,17-01-2023
2229,991,3:43:27 PM,121,17-01-2023
2230,992,3:49:31 PM,117,17-01-2023
2231,993,4:16:59 PM,101,17-01-2023
2232,994,4:19:42 PM,102,17-01-2023
2233,994,4:19:42 PM,109,17-01-2023
2234,994,4:19:42 PM,106,17-01-2023
2235,994,4:19:42 PM,106,17-01-2023
2236,995,4:57:30 PM,102,17-01-2023
2237,996,5:11:07 PM,110,17-01-2023
2238,996,5:11:07 PM,110,17-01-2023
2239,996,5:11:07 PM,111,17-01-2023
2240,996,5:11:07 PM,130,17-01-2023
2241,997,5:16:26 PM,129,17-01-2023
2242,998,5:19:16 PM,110,17-01-2023
2243,999,5:21:24 PM,105,17-01-2023
2244,1000,5:24:24 PM,115,17-01-2023
2245,1000,5:24:24 PM,128,17-01-2023
2246,1001,5:28:05 PM,107,17-01-2023
2247,1001,5:28:05 PM,113,17-01-2023
2248,1001,5:28:05 PM,122,17-01-2023
2249,1002,5:29:41 PM,101,17-01-2023
2250,1002,5:29:41 PM,104,17-01-2023
2251,1003,5:31:16 PM,102,17-01-2023
2252,1003,5:31:16 PM,102,17-01-2023
2253,1003,5:31:16 PM,113,17-01-2023
2254,1004,5:44:05 PM,NULL,17-01-2023
2255,1005,5:49:51 PM,101,17-01-2023
2256,1005,5:49:51 PM,120,17-01-2023
2257,1006,6:28:12 PM,106,17-01-2023
2258,1006,6:28:12 PM,132,17-01-2023
2259,1007,6:35:22 PM,132,17-01-2023
2260,1008,6:49:59 PM,108,17-01-2023
2261,1008,6:49:59 PM,114,17-01-2023
2262,1009,6:58:24 PM,108,17-01-2023
2263,1009,6:58:24 PM,126,17-01-2023
2264,1010,7:15:11 PM,107,17-01-2023
2265,1010,7:15:11 PM,103,17-01-2023
2266,1010,7:15:11 PM,127,17-01-2023
2267,1011,7:20:20 PM,112,17-01-2023
2268,1012,7:25:32 PM,126,17-01-2023
2269,1012,7:25:32 PM,119,17-01-2023
2270,1013,7:26:40 PM,121,17-01-2023
2271,1013,7:26:40 PM,123,17-01-2023
2272,1014,7:38:17 PM,104,17-01-2023
2273,1014,7:38:17 PM,113,17-01-2023
2274,1014,7:38:17 PM,119,17-01-2023
2275,1014,7:38:17 PM,105,17-01-2023
2276,1015,7:42:51 PM,106,17-01-2023
2277,1016,7:44:36 PM,102,17-01-2023
2278,1016,7:44:36 PM,109,17-01-2023
2279,1016,7:44:36 PM,120,17-01-2023
2280,1017,8:13:32 PM,102,17-01-2023
2281,1018,8:38:50 PM,101,17-01-2023
2282,1018,8:38:50 PM,102,17-01-2023
2283,1018,8:38:50 PM,112,17-01-2023
2284,1019,8:50:54 PM,109,17-01-2023
2285,1019,8:50:54 PM,121,17-01-2023
2286,1019,8:50:54 PM,130,17-01-2023
2287,1020,9:04:20 PM,101,17-01-2023
2288,1020,9:04:20 PM,101,17-01-2023
2289,1020,9:04:20 PM,113,17-01-2023
2290,1020,9:04:20 PM,105,17-01-2023
2291,1021,9:11:31 PM,101,17-01-2023
2292,1021,9:11:31 PM,102,17-01-2023
2293,1021,9:11:31 PM,128,17-01-2023
2294,1021,9:11:31 PM,113,17-01-2023
2295,1022,9:16:01 PM,106,17-01-2023
2296,1023,9:20:18 PM,110,17-01-2023
2297,1024,9:21:23 PM,101,17-01-2023
2298,1025,9:49:00 PM,112,17-01-2023
2299,1025,9:49:00 PM,113,17-01-2023
2300,1025,9:49:00 PM,132,17-01-2023
2301,1026,9:55:05 PM,102,17-01-2023
2302,1026,9:55:05 PM,108,17-01-2023
2303,1027,9:57:02 PM,125,17-01-2023
2304,1028,10:02:45 PM,111,17-01-2023
2305,1028,10:02:45 PM,120,17-01-2023
2306,1029,10:06:27 PM,120,17-01-2023
2307,1029,10:06:27 PM,114,17-01-2023
2308,1030,10:13:59 PM,113,17-01-2023
2309,1030,10:13:59 PM,118,17-01-2023
2310,1030,10:13:59 PM,120,17-01-2023
2311,1030,10:13:59 PM,122,17-01-2023
2312,1031,11:39:03 AM,108,18-01-2023
2313,1031,11:39:03 AM,109,18-01-2023
2314,1032,11:45:13 AM,101,18-01-2023
2315,1033,11:54:13 AM,102,18-01-2023
2316,1034,12:07:59 PM,101,18-01-2023
2317,1034,12:07:59 PM,129,18-01-2023
2318,1034,12:07:59 PM,111,18-01-2023
2319,1034,12:07:59 PM,111,18-01-2023
2320,1034,12:07:59 PM,113,18-01-2023
2321,1034,12:07:59 PM,120,18-01-2023
2322,1034,12:07:59 PM,121,18-01-2023
2323,1034,12:07:59 PM,131,18-01-2023
2324,1035,12:13:15 PM,102,18-01-2023
2325,1035,12:13:15 PM,126,18-01-2023
2326,1035,12:13:15 PM,117,18-01-2023
2327,1035,12:13:15 PM,128,18-01-2023
2328,1036,12:49:29 PM,108,18-01-2023
2329,1036,12:49:29 PM,117,18-01-2023
2330,1036,12:49:29 PM,129,18-01-2023
2331,1036,12:49:29 PM,106,18-01-2023
2332,1037,1:04:54 PM,107,18-01-2023
2333,1037,1:04:54 PM,104,18-01-2023
2334,1037,1:04:54 PM,108,18-01-2023
2335,1037,1:04:54 PM,117,18-01-2023
2336,1038,1:14:59 PM,109,18-01-2023
2337,1038,1:14:59 PM,113,18-01-2023
2338,1039,1:33:31 PM,108,18-01-2023
2339,1040,1:56:05 PM,118,18-01-2023
2340,1040,1:56:05 PM,106,18-01-2023
2341,1041,1:59:47 PM,120,18-01-2023
2342,1042,2:06:19 PM,112,18-01-2023
2343,1043,2:07:36 PM,125,18-01-2023
2344,1043,2:07:36 PM,113,18-01-2023
2345,1043,2:07:36 PM,118,18-01-2023
2346,1043,2:07:36 PM,119,18-01-2023
2347,1043,2:07:36 PM,120,18-01-2023
2348,1043,2:07:36 PM,105,18-01-2023
2349,1043,2:07:36 PM,122,18-01-2023
2350,1043,2:07:36 PM,131,18-01-2023
2351,1044,2:20:16 PM,NULL,18-01-2023
2352,1045,2:22:14 PM,102,18-01-2023
2353,1046,2:39:33 PM,108,18-01-2023
2354,1047,2:50:37 PM,101,18-01-2023
2355,1047,2:50:37 PM,125,18-01-2023
2356,1047,2:50:37 PM,113,18-01-2023
2357,1048,2:53:25 PM,132,18-01-2023
2358,1049,2:57:48 PM,101,18-01-2023
2359,1050,3:05:54 PM,131,18-01-2023
2360,1051,3:08:45 PM,102,18-01-2023
2361,1052,3:28:12 PM,118,18-01-2023
2362,1052,3:28:12 PM,121,18-01-2023
2363,1053,3:43:17 PM,102,18-01-2023
2364,1053,3:43:17 PM,113,18-01-2023
2365,1053,3:43:17 PM,123,18-01-2023
2366,1054,3:56:04 PM,101,18-01-2023
2367,1054,3:56:04 PM,113,18-01-2023
2368,1055,4:07:14 PM,107,18-01-2023
2369,1056,4:12:18 PM,101,18-01-2023
2370,1056,4:12:18 PM,119,18-01-2023
2371,1056,4:12:18 PM,106,18-01-2023
2372,1057,4:18:37 PM,109,18-01-2023
2373,1057,4:18:37 PM,113,18-01-2023
2374,1058,4:30:09 PM,102,18-01-2023
2375,1059,4:30:14 PM,101,18-01-2023
2376,1059,4:30:14 PM,129,18-01-2023
2377,1059,4:30:14 PM,113,18-01-2023
2378,1059,4:30:14 PM,123,18-01-2023
2379,1060,4:39:46 PM,129,18-01-2023
2380,1060,4:39:46 PM,130,18-01-2023
2381,1061,5:17:02 PM,119,18-01-2023
2382,1061,5:17:02 PM,123,18-01-2023
2383,1062,5:21:38 PM,117,18-01-2023
2384,1062,5:21:38 PM,111,18-01-2023
2385,1063,5:28:29 PM,107,18-01-2023
2386,1063,5:28:29 PM,116,18-01-2023
2387,1063,5:28:29 PM,129,18-01-2023
2388,1064,5:30:00 PM,119,18-01-2023
2389,1065,5:48:16 PM,101,18-01-2023
2390,1065,5:48:16 PM,102,18-01-2023
2391,1065,5:48:16 PM,104,18-01-2023
2392,1065,5:48:16 PM,132,18-01-2023
2393,1066,6:10:50 PM,102,18-01-2023
2394,1066,6:10:50 PM,108,18-01-2023
2395,1066,6:10:50 PM,127,18-01-2023
2396,1066,6:10:50 PM,112,18-01-2023
2397,1067,6:13:43 PM,102,18-01-2023
2398,1067,6:13:43 PM,109,18-01-2023
2399,1067,6:13:43 PM,118,18-01-2023
2400,1068,6:16:32 PM,120,18-01-2023
2401,1068,6:16:32 PM,105,18-01-2023
2402,1069,6:19:47 PM,107,18-01-2023
2403,1069,6:19:47 PM,120,18-01-2023
2404,1069,6:19:47 PM,106,18-01-2023
2405,1070,6:21:27 PM,101,18-01-2023
2406,1070,6:21:27 PM,113,18-01-2023
2407,1071,6:27:40 PM,112,18-01-2023
2408,1071,6:27:40 PM,118,18-01-2023
2409,1071,6:27:40 PM,130,18-01-2023
2410,1072,6:32:32 PM,108,18-01-2023
2411,1072,6:32:32 PM,124,18-01-2023
2412,1072,6:32:32 PM,125,18-01-2023
2413,1073,6:42:02 PM,124,18-01-2023
2414,1073,6:42:02 PM,122,18-01-2023
2415,1073,6:42:02 PM,130,18-01-2023
2416,1074,7:01:54 PM,127,18-01-2023
2417,1075,7:15:17 PM,129,18-01-2023
2418,1076,7:36:15 PM,117,18-01-2023
2419,1076,7:36:15 PM,113,18-01-2023
2420,1077,8:13:25 PM,103,18-01-2023
2421,1078,8:20:42 PM,125,18-01-2023
2422,1078,8:20:42 PM,110,18-01-2023
2423,1079,8:45:11 PM,126,18-01-2023
2424,1079,8:45:11 PM,113,18-01-2023
2425,1079,8:45:11 PM,106,18-01-2023
2426,1080,9:22:58 PM,127,18-01-2023
2427,1080,9:22:58 PM,120,18-01-2023
2428,1080,9:22:58 PM,121,18-01-2023
2429,1080,9:22:58 PM,122,18-01-2023
2430,1081,9:27:05 PM,124,18-01-2023
2431,1082,11:16:43 AM,118,19-01-2023
2432,1082,11:16:43 AM,106,19-01-2023
2433,1083,11:19:51 AM,105,19-01-2023
2434,1084,11:27:33 AM,107,19-01-2023
2435,1085,11:37:05 AM,109,19-01-2023
2436,1085,11:37:05 AM,105,19-01-2023
2437,1085,11:37:05 AM,131,19-01-2023
2438,1086,11:57:17 AM,101,19-01-2023
2439,1086,11:57:17 AM,128,19-01-2023
2440,1087,11:57:38 AM,125,19-01-2023
2441,1087,11:57:38 AM,131,19-01-2023
2442,1088,12:00:52 PM,107,19-01-2023
2443,1088,12:00:52 PM,128,19-01-2023
2444,1088,12:00:52 PM,113,19-01-2023
2445,1088,12:00:52 PM,106,19-01-2023
2446,1088,12:00:52 PM,NULL,19-01-2023
2447,1089,12:03:57 PM,107,19-01-2023
2448,1089,12:03:57 PM,104,19-01-2023
2449,1089,12:03:57 PM,130,19-01-2023
2450,1090,12:14:24 PM,101,19-01-2023
2451,1090,12:14:24 PM,102,19-01-2023
2452,1090,12:14:24 PM,109,19-01-2023
2453,1090,12:14:24 PM,117,19-01-2023
2454,1090,12:14:24 PM,127,19-01-2023
2455,1090,12:14:24 PM,127,19-01-2023
2456,1090,12:14:24 PM,111,19-01-2023
2457,1091,12:20:28 PM,113,19-01-2023
2458,1092,12:23:38 PM,101,19-01-2023
2459,1092,12:23:38 PM,102,19-01-2023
2460,1092,12:23:38 PM,109,19-01-2023
2461,1093,12:33:24 PM,108,19-01-2023
2462,1093,12:33:24 PM,117,19-01-2023
2463,1093,12:33:24 PM,111,19-01-2023
2464,1093,12:33:24 PM,113,19-01-2023
2465,1093,12:33:24 PM,119,19-01-2023
2466,1094,12:33:50 PM,115,19-01-2023
2467,1094,12:33:50 PM,104,19-01-2023
2468,1095,12:47:24 PM,102,19-01-2023
2469,1095,12:47:24 PM,125,19-01-2023
2470,1096,12:56:45 PM,104,19-01-2023
2471,1096,12:56:45 PM,124,19-01-2023
2472,1096,12:56:45 PM,125,19-01-2023
2473,1096,12:56:45 PM,128,19-01-2023
2474,1096,12:56:45 PM,128,19-01-2023
2475,1096,12:56:45 PM,111,19-01-2023
2476,1096,12:56:45 PM,111,19-01-2023
2477,1096,12:56:45 PM,112,19-01-2023
2478,1096,12:56:45 PM,119,19-01-2023
2479,1096,12:56:45 PM,121,19-01-2023
2480,1096,12:56:45 PM,122,19-01-2023
2481,1096,12:56:45 PM,132,19-01-2023
2482,1097,1:02:07 PM,101,19-01-2023
2483,1098,1:25:39 PM,111,19-01-2023
2484,1098,1:25:39 PM,114,19-01-2023
2485,1099,1:33:24 PM,117,19-01-2023
2486,1099,1:33:24 PM,128,19-01-2023
2487,1100,1:34:27 PM,103,19-01-2023
2488,1100,1:34:27 PM,126,19-01-2023
2489,1100,1:34:27 PM,129,19-01-2023
2490,1100,1:34:27 PM,111,19-01-2023
2491,1100,1:34:27 PM,106,19-01-2023
2492,1101,1:36:26 PM,102,19-01-2023
2493,1102,2:03:20 PM,110,19-01-2023
2494,1103,2:08:12 PM,114,19-01-2023
2495,1104,2:39:45 PM,102,19-01-2023
2496,1104,2:39:45 PM,104,19-01-2023
2497,1104,2:39:45 PM,126,19-01-2023
2498,1104,2:39:45 PM,127,19-01-2023
2499,1105,3:13:54 PM,116,19-01-2023
2500,1105,3:13:54 PM,103,19-01-2023
2501,1105,3:13:54 PM,106,19-01-2023
2502,1106,3:17:39 PM,120,19-01-2023
2503,1107,3:45:44 PM,121,19-01-2023
2504,1108,4:18:49 PM,120,19-01-2023
2505,1109,4:20:22 PM,112,19-01-2023
2506,1109,4:20:22 PM,113,19-01-2023
2507,1110,4:33:35 PM,109,19-01-2023
2508,1110,4:33:35 PM,131,19-01-2023
2509,1111,4:35:46 PM,117,19-01-2023
2510,1112,4:46:00 PM,103,19-01-2023
2511,1112,4:46:00 PM,109,19-01-2023
2512,1112,4:46:00 PM,131,19-01-2023
2513,1112,4:46:00 PM,NULL,19-01-2023
2514,1113,5:00:44 PM,107,19-01-2023
2515,1113,5:00:44 PM,109,19-01-2023
2516,1114,5:00:53 PM,107,19-01-2023
2517,1114,5:00:53 PM,124,19-01-2023
2518,1115,5:08:55 PM,120,19-01-2023
2519,1115,5:08:55 PM,106,19-01-2023
2520,1116,5:09:15 PM,108,19-01-2023
2521,1116,5:09:15 PM,119,19-01-2023
2522,1116,5:09:15 PM,122,19-01-2023
2523,1116,5:09:15 PM,130,19-01-2023
2524,1117,5:13:25 PM,102,19-01-2023
2525,1118,5:19:49 PM,131,19-01-2023
2526,1119,5:42:23 PM,107,19-01-2023
2527,1119,5:42:23 PM,110,19-01-2023
2528,1120,5:46:46 PM,125,19-01-2023
2529,1120,5:46:46 PM,112,19-01-2023
2530,1121,6:15:08 PM,107,19-01-2023
2531,1121,6:15:08 PM,NULL,19-01-2023
2532,1122,6:16:44 PM,108,19-01-2023
2533,1122,6:16:44 PM,105,19-01-2023
2534,1122,6:16:44 PM,131,19-01-2023
2535,1122,6:16:44 PM,106,19-01-2023
2536,1123,6:21:36 PM,101,19-01-2023
2537,1123,6:21:36 PM,109,19-01-2023
2538,1124,6:29:26 PM,116,19-01-2023
2539,1124,6:29:26 PM,110,19-01-2023
2540,1125,6:45:40 PM,109,19-01-2023
2541,1125,6:45:40 PM,129,19-01-2023
2542,1126,6:48:46 PM,105,19-01-2023
2543,1127,6:53:52 PM,108,19-01-2023
2544,1127,6:53:52 PM,112,19-01-2023
2545,1127,6:53:52 PM,132,19-01-2023
2546,1128,6:59:54 PM,102,19-01-2023
2547,1128,6:59:54 PM,106,19-01-2023
2548,1129,7:00:20 PM,102,19-01-2023
2549,1129,7:00:20 PM,109,19-01-2023
2550,1129,7:00:20 PM,112,19-01-2023
2551,1130,7:03:05 PM,124,19-01-2023
2552,1130,7:03:05 PM,117,19-01-2023
2553,1131,7:06:42 PM,126,19-01-2023
2554,1131,7:06:42 PM,113,19-01-2023
2555,1132,7:51:37 PM,102,19-01-2023
2556,1132,7:51:37 PM,124,19-01-2023
2557,1132,7:51:37 PM,125,19-01-2023
2558,1132,7:51:37 PM,113,19-01-2023
2559,1133,7:59:17 PM,110,19-01-2023
2560,1133,7:59:17 PM,111,19-01-2023
2561,1133,7:59:17 PM,112,19-01-2023
2562,1133,7:59:17 PM,114,19-01-2023
2563,1134,8:05:41 PM,112,19-01-2023
2564,1135,9:15:41 PM,113,19-01-2023
2565,1136,9:59:06 PM,117,19-01-2023
2566,1136,9:59:06 PM,106,19-01-2023
2567,1136,9:59:06 PM,132,19-01-2023
2568,1137,10:13:28 PM,121,19-01-2023
2569,1137,10:13:28 PM,132,19-01-2023
2570,1138,11:21:49 AM,129,20-01-2023
2571,1139,11:25:59 AM,117,20-01-2023
2572,1139,11:25:59 AM,120,20-01-2023
2573,1139,11:25:59 AM,122,20-01-2023
2574,1139,11:25:59 AM,114,20-01-2023
2575,1140,11:31:16 AM,110,20-01-2023
2576,1140,11:31:16 AM,127,20-01-2023
2577,1140,11:31:16 AM,129,20-01-2023
2578,1140,11:31:16 AM,113,20-01-2023
2579,1140,11:31:16 AM,NULL,20-01-2023
2580,1141,11:35:08 AM,131,20-01-2023
2581,1142,11:36:48 AM,120,20-01-2023
2582,1143,11:37:33 AM,107,20-01-2023
2583,1143,11:37:33 AM,124,20-01-2023
2584,1143,11:37:33 AM,117,20-01-2023
2585,1144,12:02:21 PM,129,20-01-2023
2586,1144,12:02:21 PM,119,20-01-2023
2587,1145,12:04:15 PM,104,20-01-2023
2588,1145,12:04:15 PM,128,20-01-2023
2589,1145,12:04:15 PM,122,20-01-2023
2590,1145,12:04:15 PM,123,20-01-2023
2591,1146,12:12:00 PM,123,20-01-2023
2592,1147,12:12:25 PM,121,20-01-2023
2593,1148,12:17:42 PM,107,20-01-2023
2594,1148,12:17:42 PM,117,20-01-2023
2595,1149,12:22:41 PM,126,20-01-2023
2596,1149,12:22:41 PM,119,20-01-2023
2597,1150,12:39:05 PM,102,20-01-2023
2598,1150,12:39:05 PM,104,20-01-2023
2599,1150,12:39:05 PM,108,20-01-2023
2600,1150,12:39:05 PM,108,20-01-2023
2601,1150,12:39:05 PM,124,20-01-2023
2602,1150,12:39:05 PM,126,20-01-2023
2603,1150,12:39:05 PM,117,20-01-2023
2604,1150,12:39:05 PM,111,20-01-2023
2605,1150,12:39:05 PM,111,20-01-2023
2606,1150,12:39:05 PM,121,20-01-2023
2607,1150,12:39:05 PM,105,20-01-2023
2608,1150,12:39:05 PM,106,20-01-2023
2609,1151,12:43:36 PM,125,20-01-2023
2610,1152,12:44:23 PM,103,20-01-2023
2611,1153,12:56:30 PM,107,20-01-2023
2612,1153,12:56:30 PM,108,20-01-2023
2613,1153,12:56:30 PM,124,20-01-2023
2614,1153,12:56:30 PM,110,20-01-2023
2615,1153,12:56:30 PM,117,20-01-2023
2616,1153,12:56:30 PM,111,20-01-2023
2617,1153,12:56:30 PM,118,20-01-2023
2618,1153,12:56:30 PM,120,20-01-2023
2619,1153,12:56:30 PM,121,20-01-2023
2620,1153,12:56:30 PM,105,20-01-2023
2621,1153,12:56:30 PM,122,20-01-2023
2622,1154,12:59:38 PM,124,20-01-2023
2623,1154,12:59:38 PM,113,20-01-2023
2624,1154,12:59:38 PM,119,20-01-2023
2625,1155,1:05:11 PM,109,20-01-2023
2626,1156,1:14:15 PM,110,20-01-2023
2627,1157,1:16:58 PM,107,20-01-2023
2628,1157,1:16:58 PM,111,20-01-2023
2629,1158,1:17:45 PM,102,20-01-2023
2630,1158,1:17:45 PM,102,20-01-2023
2631,1158,1:17:45 PM,106,20-01-2023
2632,1159,2:06:41 PM,102,20-01-2023
2633,1160,2:14:54 PM,102,20-01-2023
2634,1160,2:14:54 PM,117,20-01-2023
2635,1160,2:14:54 PM,112,20-01-2023
2636,1161,2:21:41 PM,106,20-01-2023
2637,1162,2:40:02 PM,116,20-01-2023
2638,1162,2:40:02 PM,123,20-01-2023
2639,1163,2:47:28 PM,102,20-01-2023
2640,1164,3:13:31 PM,112,20-01-2023
2641,1164,3:13:31 PM,132,20-01-2023
2642,1165,3:15:26 PM,124,20-01-2023
2643,1165,3:15:26 PM,117,20-01-2023
2644,1166,3:25:08 PM,132,20-01-2023
2645,1167,3:28:09 PM,119,20-01-2023
2646,1168,3:58:05 PM,132,20-01-2023
2647,1169,4:08:25 PM,110,20-01-2023
2648,1169,4:08:25 PM,127,20-01-2023
2649,1169,4:08:25 PM,113,20-01-2023
2650,1170,4:37:24 PM,101,20-01-2023
2651,1171,4:41:58 PM,108,20-01-2023
2652,1172,4:53:23 PM,108,20-01-2023
2653,1172,4:53:23 PM,114,20-01-2023
2654,1173,4:57:05 PM,125,20-01-2023
2655,1173,4:57:05 PM,132,20-01-2023
2656,1174,5:02:58 PM,121,20-01-2023
2657,1174,5:02:58 PM,123,20-01-2023
2658,1175,5:05:14 PM,110,20-01-2023
2659,1175,5:05:14 PM,118,20-01-2023
2660,1175,5:05:14 PM,120,20-01-2023
2661,1175,5:05:14 PM,121,20-01-2023
2662,1176,5:05:19 PM,108,20-01-2023
2663,1176,5:05:19 PM,118,20-01-2023
2664,1176,5:05:19 PM,120,20-01-2023
2665,1176,5:05:19 PM,122,20-01-2023
2666,1177,5:27:29 PM,108,20-01-2023
2667,1177,5:27:29 PM,113,20-01-2023
2668,1178,6:01:13 PM,122,20-01-2023
2669,1179,6:02:28 PM,121,20-01-2023
2670,1180,6:12:31 PM,115,20-01-2023
2671,1180,6:12:31 PM,124,20-01-2023
2672,1181,6:17:53 PM,102,20-01-2023
2673,1182,6:33:48 PM,101,20-01-2023
2674,1182,6:33:48 PM,115,20-01-2023
2675,1182,6:33:48 PM,124,20-01-2023
2676,1182,6:33:48 PM,130,20-01-2023
2677,1183,6:51:30 PM,102,20-01-2023
2678,1183,6:51:30 PM,113,20-01-2023
2679,1184,7:04:35 PM,123,20-01-2023
2680,1185,7:10:26 PM,109,20-01-2023
2681,1186,7:19:55 PM,125,20-01-2023
2682,1186,7:19:55 PM,106,20-01-2023
2683,1187,7:21:40 PM,105,20-01-2023
2684,1188,7:25:25 PM,123,20-01-2023
2685,1189,7:40:47 PM,101,20-01-2023
2686,1190,7:43:15 PM,108,20-01-2023
2687,1190,7:43:15 PM,118,20-01-2023
2688,1191,7:56:41 PM,117,20-01-2023
2689,1191,7:56:41 PM,111,20-01-2023
2690,1192,8:15:27 PM,106,20-01-2023
2691,1193,8:26:22 PM,102,20-01-2023
2692,1193,8:26:22 PM,118,20-01-2023
2693,1193,8:26:22 PM,120,20-01-2023
2694,1193,8:26:22 PM,132,20-01-2023
2695,1194,8:27:18 PM,118,20-01-2023
2696,1194,8:27:18 PM,122,20-01-2023
2697,1195,8:39:52 PM,102,20-01-2023
2698,1195,8:39:52 PM,124,20-01-2023
2699,1195,8:39:52 PM,105,20-01-2023
2700,1196,8:44:41 PM,124,20-01-2023
2701,1196,8:44:41 PM,131,20-01-2023
2702,1197,8:53:41 PM,126,20-01-2023
2703,1198,10:02:08 PM,128,20-01-2023
2704,1199,10:10:20 PM,103,20-01-2023
2705,1200,10:14:41 PM,103,20-01-2023
2706,1200,10:14:41 PM,119,20-01-2023
2707,1201,10:40:10 PM,124,20-01-2023
2708,1201,10:40:10 PM,122,20-01-2023
2709,1202,11:50:26 AM,107,21-01-2023
2710,1203,11:54:22 AM,117,21-01-2023
2711,1204,12:23:38 PM,107,21-01-2023
2712,1204,12:23:38 PM,109,21-01-2023
2713,1204,12:23:38 PM,120,21-01-2023
2714,1204,12:23:38 PM,132,21-01-2023
2715,1205,12:29:13 PM,132,21-01-2023
2716,1206,12:38:38 PM,102,21-01-2023
2717,1206,12:38:38 PM,108,21-01-2023
2718,1206,12:38:38 PM,124,21-01-2023
2719,1206,12:38:38 PM,109,21-01-2023
2720,1206,12:38:38 PM,110,21-01-2023
2721,1206,12:38:38 PM,117,21-01-2023
2722,1206,12:38:38 PM,119,21-01-2023
2723,1206,12:38:38 PM,120,21-01-2023
2724,1206,12:38:38 PM,120,21-01-2023
2725,1206,12:38:38 PM,106,21-01-2023
2726,1207,12:52:42 PM,116,21-01-2023
2727,1207,12:52:42 PM,123,21-01-2023
2728,1208,1:03:21 PM,110,21-01-2023
2729,1209,1:13:52 PM,125,21-01-2023
2730,1209,1:13:52 PM,132,21-01-2023
2731,1210,1:20:41 PM,102,21-01-2023
2732,1211,1:37:51 PM,130,21-01-2023
2733,1212,1:42:25 PM,128,21-01-2023
2734,1212,1:42:25 PM,113,21-01-2023
2735,1213,1:58:53 PM,113,21-01-2023
2736,1213,1:58:53 PM,105,21-01-2023
2737,1214,2:00:05 PM,101,21-01-2023
2738,1214,2:00:05 PM,102,21-01-2023
2739,1214,2:00:05 PM,125,21-01-2023
2740,1214,2:00:05 PM,110,21-01-2023
2741,1214,2:00:05 PM,117,21-01-2023
2742,1214,2:00:05 PM,117,21-01-2023
2743,1214,2:00:05 PM,127,21-01-2023
2744,1214,2:00:05 PM,129,21-01-2023
2745,1214,2:00:05 PM,105,21-01-2023
2746,1214,2:00:05 PM,132,21-01-2023
2747,1214,2:00:05 PM,132,21-01-2023
2748,1215,2:02:04 PM,131,21-01-2023
2749,1216,2:08:29 PM,101,21-01-2023
2750,1217,2:26:35 PM,102,21-01-2023
2751,1218,2:27:30 PM,113,21-01-2023
2752,1218,2:27:30 PM,118,21-01-2023
2753,1218,2:27:30 PM,122,21-01-2023
2754,1218,2:27:30 PM,131,21-01-2023
2755,1219,3:13:10 PM,112,21-01-2023
2756,1219,3:13:10 PM,120,21-01-2023
2757,1219,3:13:10 PM,114,21-01-2023
2758,1219,3:13:10 PM,132,21-01-2023
2759,1220,3:20:03 PM,116,21-01-2023
2760,1221,3:23:36 PM,104,21-01-2023
2761,1221,3:23:36 PM,113,21-01-2023
2762,1222,3:32:23 PM,108,21-01-2023
2763,1222,3:32:23 PM,106,21-01-2023
2764,1223,3:36:37 PM,119,21-01-2023
2765,1224,3:45:47 PM,111,21-01-2023
2766,1224,3:45:47 PM,106,21-01-2023
2767,1225,3:59:07 PM,113,21-01-2023
2768,1225,3:59:07 PM,120,21-01-2023
2769,1226,4:10:57 PM,107,21-01-2023
2770,1226,4:10:57 PM,125,21-01-2023
2771,1226,4:10:57 PM,110,21-01-2023
2772,1226,4:10:57 PM,111,21-01-2023
2773,1227,4:20:21 PM,109,21-01-2023
2774,1228,4:26:36 PM,127,21-01-2023
2775,1228,4:26:36 PM,111,21-01-2023
2776,1229,4:28:19 PM,109,21-01-2023
2777,1230,4:38:28 PM,127,21-01-2023
2778,1230,4:38:28 PM,112,21-01-2023
2779,1230,4:38:28 PM,123,21-01-2023
2780,1230,4:38:28 PM,106,21-01-2023
2781,1231,4:45:04 PM,102,21-01-2023
2782,1231,4:45:04 PM,122,21-01-2023
2783,1232,4:50:36 PM,113,21-01-2023
2784,1232,4:50:36 PM,119,21-01-2023
2785,1232,4:50:36 PM,121,21-01-2023
2786,1232,4:50:36 PM,132,21-01-2023
2787,1233,5:11:27 PM,102,21-01-2023
2788,1233,5:11:27 PM,125,21-01-2023
2789,1233,5:11:27 PM,126,21-01-2023
2790,1233,5:11:27 PM,110,21-01-2023
2791,1234,5:36:59 PM,109,21-01-2023
2792,1234,5:36:59 PM,131,21-01-2023
2793,1235,5:55:58 PM,126,21-01-2023
2794,1235,5:55:58 PM,112,21-01-2023
2795,1235,5:55:58 PM,106,21-01-2023
2796,1236,5:56:32 PM,128,21-01-2023
2797,1237,6:10:40 PM,116,21-01-2023
2798,1237,6:10:40 PM,120,21-01-2023
2799,1238,6:18:51 PM,104,21-01-2023
2800,1238,6:18:51 PM,124,21-01-2023
2801,1238,6:18:51 PM,128,21-01-2023
2802,1238,6:18:51 PM,106,21-01-2023
2803,1239,6:22:29 PM,102,21-01-2023
2804,1240,6:40:50 PM,103,21-01-2023
2805,1240,6:40:50 PM,121,21-01-2023
2806,1240,6:40:50 PM,132,21-01-2023
2807,1241,6:43:02 PM,101,21-01-2023
2808,1241,6:43:02 PM,104,21-01-2023
2809,1241,6:43:02 PM,131,21-01-2023
2810,1242,6:50:51 PM,120,21-01-2023
2811,1242,6:50:51 PM,120,21-01-2023
2812,1242,6:50:51 PM,106,21-01-2023
2813,1242,6:50:51 PM,NULL,21-01-2023
2814,1243,7:02:27 PM,118,21-01-2023
2815,1243,7:02:27 PM,122,21-01-2023
2816,1244,7:24:32 PM,101,21-01-2023
2817,1244,7:24:32 PM,115,21-01-2023
2818,1244,7:24:32 PM,111,21-01-2023
2819,1244,7:24:32 PM,113,21-01-2023
2820,1245,7:26:35 PM,103,21-01-2023
2821,1246,7:36:04 PM,107,21-01-2023
2822,1246,7:36:04 PM,124,21-01-2023
2823,1246,7:36:04 PM,123,21-01-2023
2824,1247,7:54:37 PM,108,21-01-2023
2825,1247,7:54:37 PM,125,21-01-2023
2826,1247,7:54:37 PM,109,21-01-2023
2827,1248,8:13:51 PM,123,21-01-2023
2828,1249,8:40:44 PM,125,21-01-2023
2829,1249,8:40:44 PM,123,21-01-2023
2830,1250,9:09:08 PM,107,21-01-2023
2831,1250,9:09:08 PM,127,21-01-2023
2832,1250,9:09:08 PM,113,21-01-2023
2833,1250,9:09:08 PM,118,21-01-2023
2834,1251,9:12:37 PM,118,21-01-2023
2835,1252,9:32:07 PM,102,21-01-2023
2836,1253,11:34:52 AM,128,22-01-2023
2837,1253,11:34:52 AM,105,22-01-2023
2838,1254,11:56:03 AM,115,22-01-2023
2839,1254,11:56:03 AM,120,22-01-2023
2840,1255,12:05:34 PM,127,22-01-2023
2841,1255,12:05:34 PM,131,22-01-2023
2842,1255,12:05:34 PM,132,22-01-2023
2843,1256,12:06:15 PM,117,22-01-2023
2844,1257,12:07:53 PM,125,22-01-2023
2845,1257,12:07:53 PM,120,22-01-2023
2846,1257,12:07:53 PM,132,22-01-2023
2847,1258,12:18:53 PM,102,22-01-2023
2848,1259,12:22:47 PM,101,22-01-2023
2849,1260,12:31:07 PM,132,22-01-2023
2850,1261,12:32:00 PM,107,22-01-2023
2851,1261,12:32:00 PM,104,22-01-2023
2852,1261,12:32:00 PM,113,22-01-2023
2853,1261,12:32:00 PM,NULL,22-01-2023
2854,1262,12:32:33 PM,129,22-01-2023
2855,1263,12:39:12 PM,124,22-01-2023
2856,1264,12:58:30 PM,122,22-01-2023
2857,1264,12:58:30 PM,131,22-01-2023
2858,1265,12:59:26 PM,101,22-01-2023
2859,1265,12:59:26 PM,124,22-01-2023
2860,1265,12:59:26 PM,109,22-01-2023
2861,1265,12:59:26 PM,127,22-01-2023
2862,1265,12:59:26 PM,128,22-01-2023
2863,1265,12:59:26 PM,111,22-01-2023
2864,1265,12:59:26 PM,112,22-01-2023
2865,1265,12:59:26 PM,105,22-01-2023
2866,1265,12:59:26 PM,130,22-01-2023
2867,1265,12:59:26 PM,106,22-01-2023
2868,1265,12:59:26 PM,132,22-01-2023
2869,1266,12:59:51 PM,101,22-01-2023
2870,1266,12:59:51 PM,104,22-01-2023
2871,1267,1:01:27 PM,112,22-01-2023
2872,1268,1:01:39 PM,109,22-01-2023
2873,1268,1:01:39 PM,117,22-01-2023
2874,1268,1:01:39 PM,106,22-01-2023
2875,1269,1:04:41 PM,116,22-01-2023
2876,1270,1:12:15 PM,132,22-01-2023
2877,1271,1:14:17 PM,108,22-01-2023
2878,1271,1:14:17 PM,111,22-01-2023
2879,1271,1:14:17 PM,105,22-01-2023
2880,1272,1:14:37 PM,104,22-01-2023
2881,1272,1:14:37 PM,129,22-01-2023
2882,1273,1:21:57 PM,107,22-01-2023
2883,1274,1:24:14 PM,101,22-01-2023
2884,1274,1:24:14 PM,101,22-01-2023
2885,1274,1:24:14 PM,102,22-01-2023
2886,1274,1:24:14 PM,103,22-01-2023
2887,1274,1:24:14 PM,104,22-01-2023
2888,1274,1:24:14 PM,108,22-01-2023
2889,1274,1:24:14 PM,125,22-01-2023
2890,1274,1:24:14 PM,109,22-01-2023
2891,1274,1:24:14 PM,127,22-01-2023
2892,1274,1:24:14 PM,120,22-01-2023
2893,1274,1:24:14 PM,131,22-01-2023
2894,1274,1:24:14 PM,106,22-01-2023
2895,1274,1:24:14 PM,132,22-01-2023
2896,1275,1:26:25 PM,127,22-01-2023
2897,1276,1:46:36 PM,127,22-01-2023
2898,1277,1:46:44 PM,108,22-01-2023
2899,1277,1:46:44 PM,123,22-01-2023
2900,1278,2:07:34 PM,101,22-01-2023
2901,1278,2:07:34 PM,131,22-01-2023
2902,1278,2:07:34 PM,106,22-01-2023
2903,1278,2:07:34 PM,114,22-01-2023
2904,1279,2:16:38 PM,122,22-01-2023
2905,1279,2:16:38 PM,122,22-01-2023
2906,1280,2:44:54 PM,125,22-01-2023
2907,1281,3:13:10 PM,120,22-01-2023
2908,1282,3:16:54 PM,107,22-01-2023
2909,1282,3:16:54 PM,113,22-01-2023
2910,1283,3:47:42 PM,104,22-01-2023
2911,1283,3:47:42 PM,108,22-01-2023
2912,1283,3:47:42 PM,117,22-01-2023
2913,1283,3:47:42 PM,122,22-01-2023
2914,1284,3:53:38 PM,102,22-01-2023
2915,1284,3:53:38 PM,109,22-01-2023
2916,1285,4:18:42 PM,113,22-01-2023
2917,1285,4:18:42 PM,130,22-01-2023
2918,1286,4:29:13 PM,109,22-01-2023
2919,1286,4:29:13 PM,113,22-01-2023
2920,1287,4:38:25 PM,108,22-01-2023
2921,1288,5:10:07 PM,103,22-01-2023
2922,1289,5:11:54 PM,101,22-01-2023
2923,1289,5:11:54 PM,108,22-01-2023
2924,1290,5:17:19 PM,101,22-01-2023
2925,1290,5:17:19 PM,112,22-01-2023
2926,1290,5:17:19 PM,122,22-01-2023
2927,1290,5:17:19 PM,114,22-01-2023
2928,1291,5:20:13 PM,111,22-01-2023
2929,1291,5:20:13 PM,113,22-01-2023
2930,1291,5:20:13 PM,122,22-01-2023
2931,1291,5:20:13 PM,114,22-01-2023
2932,1292,5:35:48 PM,124,22-01-2023
2933,1292,5:35:48 PM,109,22-01-2023
2934,1293,5:37:59 PM,112,22-01-2023
2935,1294,5:43:01 PM,109,22-01-2023
2936,1294,5:43:01 PM,127,22-01-2023
2937,1295,5:44:59 PM,102,22-01-2023
2938,1295,5:44:59 PM,102,22-01-2023
2939,1295,5:44:59 PM,117,22-01-2023
2940,1296,5:46:53 PM,103,22-01-2023
2941,1296,5:46:53 PM,125,22-01-2023
2942,1297,5:51:53 PM,108,22-01-2023
2943,1297,5:51:53 PM,128,22-01-2023
2944,1297,5:51:53 PM,120,22-01-2023
2945,1297,5:51:53 PM,122,22-01-2023
2946,1298,5:54:25 PM,124,22-01-2023
2947,1298,5:54:25 PM,111,22-01-2023
2948,1298,5:54:25 PM,NULL,22-01-2023
2949,1299,5:56:07 PM,117,22-01-2023
2950,1299,5:56:07 PM,113,22-01-2023
2951,1299,5:56:07 PM,120,22-01-2023
2952,1300,6:28:51 PM,113,22-01-2023
2953,1300,6:28:51 PM,105,22-01-2023
2954,1301,6:42:08 PM,101,22-01-2023
2955,1301,6:42:08 PM,108,22-01-2023
2956,1301,6:42:08 PM,106,22-01-2023
2957,1301,6:42:08 PM,NULL,22-01-2023
2958,1302,6:44:04 PM,109,22-01-2023
2959,1302,6:44:04 PM,109,22-01-2023
2960,1303,6:53:13 PM,107,22-01-2023
2961,1303,6:53:13 PM,129,22-01-2023
2962,1303,6:53:13 PM,129,22-01-2023
2963,1303,6:53:13 PM,118,22-01-2023
2964,1304,7:02:50 PM,113,22-01-2023
2965,1305,7:24:01 PM,120,22-01-2023
2966,1306,7:35:25 PM,124,22-01-2023
2967,1306,7:35:25 PM,105,22-01-2023
2968,1307,7:39:20 PM,115,22-01-2023
2969,1308,7:43:14 PM,116,22-01-2023
2970,1309,8:04:42 PM,108,22-01-2023
2971,1310,8:19:33 PM,102,22-01-2023
2972,1310,8:19:33 PM,131,22-01-2023
2973,1311,8:21:28 PM,124,22-01-2023
2974,1311,8:21:28 PM,106,22-01-2023
2975,1312,8:23:41 PM,131,22-01-2023
2976,1313,8:24:29 PM,113,22-01-2023
2977,1314,8:40:55 PM,108,22-01-2023
2978,1314,8:40:55 PM,111,22-01-2023
2979,1314,8:40:55 PM,132,22-01-2023
2980,1315,8:46:44 PM,119,22-01-2023
2981,1315,8:46:44 PM,130,22-01-2023
2982,1316,8:48:12 PM,111,22-01-2023
2983,1317,9:00:41 PM,106,22-01-2023
2984,1318,9:36:48 PM,117,22-01-2023
2985,1318,9:36:48 PM,106,22-01-2023
2986,1319,10:24:05 PM,113,22-01-2023
2987,1319,10:24:05 PM,118,22-01-2023
2988,1319,10:24:05 PM,130,22-01-2023
2989,1320,11:02:31 PM,124,22-01-2023
2990,1320,11:02:31 PM,105,22-01-2023
2991,1321,11:17:12 AM,124,23-01-2023
2992,1321,11:17:12 AM,111,23-01-2023
2993,1321,11:17:12 AM,118,23-01-2023
2994,1322,11:28:28 AM,102,23-01-2023
2995,1322,11:28:28 AM,118,23-01-2023
2996,1323,11:45:37 AM,124,23-01-2023
2997,1323,11:45:37 AM,109,23-01-2023
2998,1323,11:45:37 AM,109,23-01-2023
2999,1323,11:45:37 AM,110,23-01-2023
3000,1323,11:45:37 AM,129,23-01-2023
3001,1323,11:45:37 AM,112,23-01-2023
3002,1323,11:45:37 AM,120,23-01-2023
3003,1323,11:45:37 AM,105,23-01-2023
3004,1323,11:45:37 AM,114,23-01-2023
3005,1324,11:46:56 AM,116,23-01-2023
3006,1324,11:46:56 AM,111,23-01-2023
3007,1324,11:46:56 AM,119,23-01-2023
3008,1325,11:50:45 AM,108,23-01-2023
3009,1325,11:50:45 AM,129,23-01-2023
3010,1325,11:50:45 AM,112,23-01-2023
3011,1326,12:00:54 PM,103,23-01-2023
3012,1326,12:00:54 PM,125,23-01-2023
3013,1327,12:01:01 PM,127,23-01-2023
3014,1328,12:29:42 PM,101,23-01-2023
3015,1329,12:49:11 PM,118,23-01-2023
3016,1330,12:54:53 PM,107,23-01-2023
3017,1330,12:54:53 PM,126,23-01-2023
3018,1331,12:54:56 PM,112,23-01-2023
3019,1331,12:54:56 PM,119,23-01-2023
3020,1331,12:54:56 PM,106,23-01-2023
3021,1332,12:55:29 PM,112,23-01-2023
3022,1333,12:57:07 PM,125,23-01-2023
3023,1333,12:57:07 PM,112,23-01-2023
3024,1334,1:00:58 PM,125,23-01-2023
3025,1335,1:10:36 PM,121,23-01-2023
3026,1336,1:14:10 PM,113,23-01-2023
3027,1337,1:44:49 PM,107,23-01-2023
3028,1338,1:47:01 PM,117,23-01-2023
3029,1338,1:47:01 PM,119,23-01-2023
3030,1338,1:47:01 PM,NULL,23-01-2023
3031,1339,2:10:45 PM,107,23-01-2023
3032,1339,2:10:45 PM,127,23-01-2023
3033,1340,2:12:26 PM,124,23-01-2023
3034,1340,2:12:26 PM,125,23-01-2023
3035,1340,2:12:26 PM,126,23-01-2023
3036,1340,2:12:26 PM,110,23-01-2023
3037,1340,2:12:26 PM,122,23-01-2023
3038,1340,2:12:26 PM,130,23-01-2023
3039,1341,2:15:37 PM,103,23-01-2023
3040,1341,2:15:37 PM,108,23-01-2023
3041,1341,2:15:37 PM,125,23-01-2023
3042,1341,2:15:37 PM,110,23-01-2023
3043,1342,2:17:05 PM,102,23-01-2023
3044,1343,2:29:11 PM,106,23-01-2023
3045,1344,2:58:58 PM,124,23-01-2023
3046,1345,3:01:02 PM,129,23-01-2023
3047,1345,3:01:02 PM,130,23-01-2023
3048,1346,3:25:17 PM,125,23-01-2023
3049,1346,3:25:17 PM,106,23-01-2023
3050,1347,3:32:59 PM,101,23-01-2023
3051,1347,3:32:59 PM,125,23-01-2023
3052,1347,3:32:59 PM,109,23-01-2023
3053,1348,3:50:01 PM,106,23-01-2023
3054,1349,4:03:08 PM,122,23-01-2023
3055,1349,4:03:08 PM,132,23-01-2023
3056,1350,4:05:24 PM,102,23-01-2023
3057,1350,4:05:24 PM,113,23-01-2023
3058,1351,4:06:00 PM,117,23-01-2023
3059,1351,4:06:00 PM,111,23-01-2023
3060,1352,4:12:21 PM,129,23-01-2023
3061,1352,4:12:21 PM,113,23-01-2023
3062,1352,4:12:21 PM,131,23-01-2023
3063,1353,4:21:26 PM,101,23-01-2023
3064,1353,4:21:26 PM,108,23-01-2023
3065,1354,4:22:21 PM,129,23-01-2023
3066,1355,4:30:25 PM,109,23-01-2023
3067,1355,4:30:25 PM,113,23-01-2023
3068,1356,5:11:00 PM,120,23-01-2023
3069,1356,5:11:00 PM,122,23-01-2023
3070,1357,5:17:58 PM,107,23-01-2023
3071,1357,5:17:58 PM,122,23-01-2023
3072,1358,5:24:07 PM,102,23-01-2023
3073,1359,5:31:29 PM,118,23-01-2023
3074,1360,5:33:33 PM,105,23-01-2023
3075,1361,5:46:31 PM,113,23-01-2023
3076,1361,5:46:31 PM,131,23-01-2023
3077,1362,5:46:43 PM,101,23-01-2023
3078,1362,5:46:43 PM,117,23-01-2023
3079,1363,5:46:45 PM,127,23-01-2023
3080,1363,5:46:45 PM,112,23-01-2023
3081,1363,5:46:45 PM,105,23-01-2023
3082,1363,5:46:45 PM,132,23-01-2023
3083,1364,5:50:42 PM,101,23-01-2023
3084,1364,5:50:42 PM,107,23-01-2023
3085,1364,5:50:42 PM,110,23-01-2023
3086,1365,5:54:47 PM,105,23-01-2023
3087,1366,6:07:49 PM,113,23-01-2023
3088,1366,6:07:49 PM,119,23-01-2023
3089,1367,6:09:22 PM,111,23-01-2023
3090,1367,6:09:22 PM,118,23-01-2023
3091,1367,6:09:22 PM,118,23-01-2023
3092,1367,6:09:22 PM,120,23-01-2023
3093,1368,6:22:01 PM,101,23-01-2023
3094,1368,6:22:01 PM,106,23-01-2023
3095,1369,6:31:59 PM,124,23-01-2023
3096,1369,6:31:59 PM,125,23-01-2023
3097,1370,6:45:57 PM,111,23-01-2023
3098,1370,6:45:57 PM,111,23-01-2023
3099,1371,6:54:00 PM,101,23-01-2023
3100,1372,6:57:10 PM,107,23-01-2023
3101,1372,6:57:10 PM,110,23-01-2023
3102,1373,7:00:30 PM,113,23-01-2023
3103,1373,7:00:30 PM,122,23-01-2023
3104,1374,7:06:56 PM,109,23-01-2023
3105,1374,7:06:56 PM,114,23-01-2023
3106,1375,7:12:48 PM,101,23-01-2023
3107,1375,7:12:48 PM,101,23-01-2023
3108,1375,7:12:48 PM,107,23-01-2023
3109,1376,7:13:06 PM,119,23-01-2023
3110,1377,7:19:20 PM,107,23-01-2023
3111,1377,7:19:20 PM,125,23-01-2023
3112,1377,7:19:20 PM,127,23-01-2023
3113,1377,7:19:20 PM,128,23-01-2023
3114,1378,7:23:24 PM,101,23-01-2023
3115,1378,7:23:24 PM,125,23-01-2023
3116,1379,7:33:07 PM,125,23-01-2023
3117,1379,7:33:07 PM,119,23-01-2023
3118,1379,7:33:07 PM,121,23-01-2023
3119,1380,7:51:21 PM,117,23-01-2023
3120,1380,7:51:21 PM,113,23-01-2023
3121,1380,7:51:21 PM,105,23-01-2023
3122,1381,8:08:54 PM,102,23-01-2023
3123,1381,8:08:54 PM,131,23-01-2023
3124,1381,8:08:54 PM,106,23-01-2023
3125,1382,8:11:35 PM,109,23-01-2023
3126,1382,8:11:35 PM,129,23-01-2023
3127,1382,8:11:35 PM,113,23-01-2023
3128,1383,8:24:59 PM,124,23-01-2023
3129,1384,8:31:01 PM,108,23-01-2023
3130,1384,8:31:01 PM,132,23-01-2023
3131,1385,8:57:30 PM,104,23-01-2023
3132,1385,8:57:30 PM,112,23-01-2023
3133,1386,9:01:24 PM,101,23-01-2023
3134,1386,9:01:24 PM,110,23-01-2023
3135,1387,9:11:38 PM,111,23-01-2023
3136,1387,9:11:38 PM,120,23-01-2023
3137,1387,9:11:38 PM,106,23-01-2023
3138,1388,10:04:12 PM,102,23-01-2023
3139,1389,10:05:37 PM,108,23-01-2023
3140,1390,11:38:40 AM,106,24-01-2023
3141,1391,12:26:08 PM,117,24-01-2023
3142,1391,12:26:08 PM,121,24-01-2023
3143,1391,12:26:08 PM,123,24-01-2023
3144,1391,12:26:08 PM,123,24-01-2023
3145,1392,12:37:39 PM,126,24-01-2023
3146,1392,12:37:39 PM,111,24-01-2023
3147,1393,12:43:03 PM,101,24-01-2023
3148,1393,12:43:03 PM,106,24-01-2023
3149,1394,1:25:55 PM,109,24-01-2023
3150,1395,1:32:52 PM,106,24-01-2023
3151,1396,1:34:33 PM,104,24-01-2023
3152,1397,1:56:25 PM,124,24-01-2023
3153,1398,2:04:36 PM,108,24-01-2023
3154,1398,2:04:36 PM,109,24-01-2023
3155,1398,2:04:36 PM,130,24-01-2023
3156,1398,2:04:36 PM,130,24-01-2023
3157,1398,2:04:36 PM,106,24-01-2023
3158,1398,2:04:36 PM,106,24-01-2023
3159,1399,2:07:38 PM,107,24-01-2023
3160,1399,2:07:38 PM,111,24-01-2023
3161,1399,2:07:38 PM,119,24-01-2023
3162,1399,2:07:38 PM,106,24-01-2023
3163,1400,2:08:26 PM,108,24-01-2023
3164,1401,2:20:17 PM,106,24-01-2023
3165,1402,2:23:57 PM,108,24-01-2023
3166,1402,2:23:57 PM,109,24-01-2023
3167,1402,2:23:57 PM,121,24-01-2023
3168,1403,2:44:46 PM,129,24-01-2023
3169,1404,2:59:38 PM,126,24-01-2023
3170,1404,2:59:38 PM,118,24-01-2023
3171,1405,3:00:13 PM,101,24-01-2023
3172,1405,3:00:13 PM,102,24-01-2023
3173,1405,3:00:13 PM,120,24-01-2023
3174,1406,3:08:57 PM,108,24-01-2023
3175,1407,3:17:06 PM,129,24-01-2023
3176,1408,4:05:14 PM,112,24-01-2023
3177,1408,4:05:14 PM,123,24-01-2023
3178,1409,4:06:10 PM,119,24-01-2023
3179,1410,4:17:38 PM,107,24-01-2023
3180,1410,4:17:38 PM,127,24-01-2023
3181,1410,4:17:38 PM,120,24-01-2023
3182,1411,4:36:53 PM,113,24-01-2023
3183,1411,4:36:53 PM,130,24-01-2023
3184,1411,4:36:53 PM,123,24-01-2023
3185,1412,4:39:31 PM,124,24-01-2023
3186,1412,4:39:31 PM,131,24-01-2023
3187,1413,4:48:03 PM,109,24-01-2023
3188,1413,4:48:03 PM,117,24-01-2023
3189,1413,4:48:03 PM,119,24-01-2023
3190,1413,4:48:03 PM,120,24-01-2023
3191,1414,4:49:15 PM,120,24-01-2023
3192,1415,5:04:22 PM,129,24-01-2023
3193,1416,5:18:39 PM,102,24-01-2023
3194,1416,5:18:39 PM,118,24-01-2023
3195,1416,5:18:39 PM,119,24-01-2023
3196,1416,5:18:39 PM,121,24-01-2023
3197,1417,5:31:05 PM,110,24-01-2023
3198,1417,5:31:05 PM,117,24-01-2023
3199,1417,5:31:05 PM,129,24-01-2023
3200,1417,5:31:05 PM,111,24-01-2023
3201,1418,5:50:34 PM,120,24-01-2023
3202,1419,6:07:48 PM,111,24-01-2023
3203,1419,6:07:48 PM,132,24-01-2023
3204,1420,6:10:44 PM,115,24-01-2023
3205,1420,6:10:44 PM,116,24-01-2023
3206,1420,6:10:44 PM,130,24-01-2023
3207,1421,6:17:01 PM,122,24-01-2023
3208,1422,6:26:42 PM,129,24-01-2023
3209,1422,6:26:42 PM,106,24-01-2023
3210,1423,6:32:23 PM,107,24-01-2023
3211,1423,6:32:23 PM,108,24-01-2023
3212,1423,6:32:23 PM,119,24-01-2023
3213,1424,6:43:24 PM,118,24-01-2023
3214,1424,6:43:24 PM,132,24-01-2023
3215,1425,6:50:51 PM,102,24-01-2023
3216,1425,6:50:51 PM,128,24-01-2023
3217,1425,6:50:51 PM,106,24-01-2023
3218,1426,7:06:06 PM,118,24-01-2023
3219,1427,7:26:06 PM,124,24-01-2023
3220,1427,7:26:06 PM,117,24-01-2023
3221,1427,7:26:06 PM,119,24-01-2023
3222,1428,7:33:57 PM,104,24-01-2023
3223,1428,7:33:57 PM,132,24-01-2023
3224,1429,7:36:22 PM,108,24-01-2023
3225,1429,7:36:22 PM,124,24-01-2023
3226,1429,7:36:22 PM,112,24-01-2023
3227,1429,7:36:22 PM,118,24-01-2023
3228,1430,7:39:56 PM,102,24-01-2023
3229,1430,7:39:56 PM,127,24-01-2023
3230,1430,7:39:56 PM,NULL,24-01-2023
3231,1431,7:40:03 PM,129,24-01-2023
3232,1432,7:41:52 PM,102,24-01-2023
3233,1432,7:41:52 PM,117,24-01-2023
3234,1432,7:41:52 PM,127,24-01-2023
3235,1433,7:43:23 PM,110,24-01-2023
3236,1433,7:43:23 PM,119,24-01-2023
3237,1434,7:43:40 PM,115,24-01-2023
3238,1434,7:43:40 PM,129,24-01-2023
3239,1435,7:44:56 PM,117,24-01-2023
3240,1435,7:44:56 PM,119,24-01-2023
3241,1435,7:44:56 PM,120,24-01-2023
3242,1435,7:44:56 PM,114,24-01-2023
3243,1436,7:46:06 PM,126,24-01-2023
3244,1436,7:46:06 PM,130,24-01-2023
3245,1436,7:46:06 PM,114,24-01-2023
3246,1437,7:47:50 PM,101,24-01-2023
3247,1438,7:54:07 PM,126,24-01-2023
3248,1438,7:54:07 PM,117,24-01-2023
3249,1439,7:56:32 PM,118,24-01-2023
3250,1439,7:56:32 PM,132,24-01-2023
3251,1440,7:56:33 PM,108,24-01-2023
3252,1441,8:13:00 PM,117,24-01-2023
3253,1441,8:13:00 PM,105,24-01-2023
3254,1442,8:21:20 PM,103,24-01-2023
3255,1442,8:21:20 PM,131,24-01-2023
3256,1442,8:21:20 PM,131,24-01-2023
3257,1442,8:21:20 PM,132,24-01-2023
3258,1443,8:23:34 PM,108,24-01-2023
3259,1443,8:23:34 PM,113,24-01-2023
3260,1444,8:29:10 PM,110,24-01-2023
3261,1445,8:29:40 PM,107,24-01-2023
3262,1445,8:29:40 PM,116,24-01-2023
3263,1445,8:29:40 PM,102,24-01-2023
3264,1445,8:29:40 PM,106,24-01-2023
3265,1446,8:40:47 PM,103,24-01-2023
3266,1446,8:40:47 PM,111,24-01-2023
3267,1447,8:41:28 PM,125,24-01-2023
3268,1447,8:41:28 PM,119,24-01-2023
3269,1448,8:59:29 PM,117,24-01-2023
3270,1449,9:12:27 PM,105,24-01-2023
3271,1449,9:12:27 PM,122,24-01-2023
3272,1450,9:23:08 PM,101,24-01-2023
3273,1450,9:23:08 PM,101,24-01-2023
3274,1450,9:23:08 PM,124,24-01-2023
3275,1450,9:23:08 PM,113,24-01-2023
3276,1451,9:23:59 PM,124,24-01-2023
3277,1451,9:23:59 PM,125,24-01-2023
3278,1451,9:23:59 PM,109,24-01-2023
3279,1451,9:23:59 PM,112,24-01-2023
3280,1452,10:32:11 PM,128,24-01-2023
3281,1452,10:32:11 PM,119,24-01-2023
3282,1453,12:24:36 PM,116,25-01-2023
3283,1453,12:24:36 PM,121,25-01-2023
3284,1453,12:24:36 PM,105,25-01-2023
3285,1453,12:24:36 PM,106,25-01-2023
3286,1454,12:27:51 PM,109,25-01-2023
3287,1454,12:27:51 PM,114,25-01-2023
3288,1455,1:30:03 PM,109,25-01-2023
3289,1456,1:35:14 PM,101,25-01-2023
3290,1457,1:35:53 PM,101,25-01-2023
3291,1457,1:35:53 PM,107,25-01-2023
3292,1457,1:35:53 PM,115,25-01-2023
3293,1457,1:35:53 PM,108,25-01-2023
3294,1457,1:35:53 PM,124,25-01-2023
3295,1457,1:35:53 PM,112,25-01-2023
3296,1457,1:35:53 PM,105,25-01-2023
3297,1457,1:35:53 PM,122,25-01-2023
3298,1457,1:35:53 PM,106,25-01-2023
3299,1457,1:35:53 PM,132,25-01-2023
3300,1458,1:46:05 PM,102,25-01-2023
3301,1458,1:46:05 PM,110,25-01-2023
3302,1458,1:46:05 PM,111,25-01-2023
3303,1458,1:46:05 PM,119,25-01-2023
3304,1459,2:01:11 PM,128,25-01-2023
3305,1459,2:01:11 PM,129,25-01-2023
3306,1460,2:17:13 PM,123,25-01-2023
3307,1461,2:21:02 PM,108,25-01-2023
3308,1461,2:21:02 PM,125,25-01-2023
3309,1461,2:21:02 PM,128,25-01-2023
3310,1461,2:21:02 PM,111,25-01-2023
3311,1461,2:21:02 PM,131,25-01-2023
3312,1462,2:32:07 PM,131,25-01-2023
3313,1463,2:32:44 PM,129,25-01-2023
3314,1464,2:43:49 PM,101,25-01-2023
3315,1465,2:45:05 PM,109,25-01-2023
3316,1465,2:45:05 PM,118,25-01-2023
3317,1466,2:48:05 PM,113,25-01-2023
3318,1466,2:48:05 PM,106,25-01-2023
3319,1467,2:50:29 PM,101,25-01-2023
3320,1468,3:05:16 PM,101,25-01-2023
3321,1468,3:05:16 PM,118,25-01-2023
3322,1469,3:23:21 PM,116,25-01-2023
3323,1469,3:23:21 PM,119,25-01-2023
3324,1470,3:29:05 PM,101,25-01-2023
3325,1470,3:29:05 PM,120,25-01-2023
3326,1471,4:07:00 PM,107,25-01-2023
3327,1471,4:07:00 PM,116,25-01-2023
3328,1471,4:07:00 PM,102,25-01-2023
3329,1471,4:07:00 PM,125,25-01-2023
3330,1472,4:32:36 PM,129,25-01-2023
3331,1472,4:32:36 PM,132,25-01-2023
3332,1473,4:36:54 PM,119,25-01-2023
3333,1473,4:36:54 PM,119,25-01-2023
3334,1474,4:52:12 PM,107,25-01-2023
3335,1474,4:52:12 PM,121,25-01-2023
3336,1475,4:59:21 PM,125,25-01-2023
3337,1475,4:59:21 PM,113,25-01-2023
3338,1475,4:59:21 PM,119,25-01-2023
3339,1475,4:59:21 PM,130,25-01-2023
3340,1476,5:05:06 PM,101,25-01-2023
3341,1477,5:08:54 PM,131,25-01-2023
3342,1478,5:26:23 PM,104,25-01-2023
3343,1478,5:26:23 PM,113,25-01-2023
3344,1478,5:26:23 PM,119,25-01-2023
3345,1478,5:26:23 PM,114,25-01-2023
3346,1479,5:30:14 PM,115,25-01-2023
3347,1479,5:30:14 PM,120,25-01-2023
3348,1480,5:48:20 PM,125,25-01-2023
3349,1480,5:48:20 PM,111,25-01-2023
3350,1481,6:12:26 PM,103,25-01-2023
3351,1481,6:12:26 PM,105,25-01-2023
3352,1482,6:32:16 PM,129,25-01-2023
3353,1483,6:39:10 PM,107,25-01-2023
3354,1483,6:39:10 PM,103,25-01-2023
3355,1483,6:39:10 PM,129,25-01-2023
3356,1484,6:57:43 PM,107,25-01-2023
3357,1484,6:57:43 PM,102,25-01-2023
3358,1484,6:57:43 PM,106,25-01-2023
3359,1485,7:05:15 PM,115,25-01-2023
3360,1485,7:05:15 PM,131,25-01-2023
3361,1486,7:09:03 PM,127,25-01-2023
3362,1487,7:41:47 PM,118,25-01-2023
3363,1488,7:49:28 PM,112,25-01-2023
3364,1488,7:49:28 PM,131,25-01-2023
3365,1489,8:01:54 PM,113,25-01-2023
3366,1490,8:07:13 PM,125,25-01-2023
3367,1490,8:07:13 PM,128,25-01-2023
3368,1490,8:07:13 PM,114,25-01-2023
3369,1490,8:07:13 PM,132,25-01-2023
3370,1491,8:19:40 PM,107,25-01-2023
3371,1492,8:46:56 PM,101,25-01-2023
3372,1492,8:46:56 PM,109,25-01-2023
3373,1492,8:46:56 PM,111,25-01-2023
3374,1492,8:46:56 PM,113,25-01-2023
3375,1493,9:00:40 PM,125,25-01-2023
3376,1494,9:01:50 PM,111,25-01-2023
3377,1494,9:01:50 PM,120,25-01-2023
3378,1494,9:01:50 PM,132,25-01-2023
3379,1495,9:17:32 PM,129,25-01-2023
3380,1495,9:17:32 PM,122,25-01-2023
3381,1495,9:17:32 PM,130,25-01-2023
3382,1496,9:32:38 PM,111,25-01-2023
3383,1497,11:15:57 AM,107,26-01-2023
3384,1497,11:15:57 AM,116,26-01-2023
3385,1497,11:15:57 AM,117,26-01-2023
3386,1498,11:25:10 AM,106,26-01-2023
3387,1499,11:33:33 AM,109,26-01-2023
3388,1500,11:52:57 AM,108,26-01-2023
3389,1500,11:52:57 AM,111,26-01-2023
3390,1500,11:52:57 AM,120,26-01-2023
3391,1500,11:52:57 AM,122,26-01-2023
3392,1501,12:03:55 PM,102,26-01-2023
3393,1501,12:03:55 PM,125,26-01-2023
3394,1501,12:03:55 PM,113,26-01-2023
3395,1501,12:03:55 PM,122,26-01-2023
3396,1502,12:04:48 PM,125,26-01-2023
3397,1502,12:04:48 PM,NULL,26-01-2023
3398,1503,12:10:49 PM,117,26-01-2023
3399,1504,12:44:38 PM,107,26-01-2023
3400,1504,12:44:38 PM,102,26-01-2023
3401,1504,12:44:38 PM,102,26-01-2023
3402,1504,12:44:38 PM,126,26-01-2023
3403,1504,12:44:38 PM,128,26-01-2023
3404,1504,12:44:38 PM,113,26-01-2023
3405,1504,12:44:38 PM,113,26-01-2023
3406,1504,12:44:38 PM,105,26-01-2023
3407,1504,12:44:38 PM,130,26-01-2023
3408,1504,12:44:38 PM,106,26-01-2023
3409,1505,12:47:34 PM,115,26-01-2023
3410,1505,12:47:34 PM,102,26-01-2023
3411,1505,12:47:34 PM,108,26-01-2023
3412,1505,12:47:34 PM,132,26-01-2023
3413,1506,12:56:04 PM,114,26-01-2023
3414,1507,1:02:45 PM,119,26-01-2023
3415,1508,1:03:59 PM,124,26-01-2023
3416,1509,1:08:25 PM,102,26-01-2023
3417,1509,1:08:25 PM,126,26-01-2023
3418,1509,1:08:25 PM,127,26-01-2023
3419,1509,1:08:25 PM,112,26-01-2023
3420,1509,1:08:25 PM,120,26-01-2023
3421,1510,1:15:18 PM,125,26-01-2023
3422,1511,1:24:17 PM,124,26-01-2023
3423,1512,1:27:32 PM,119,26-01-2023
3424,1513,1:46:01 PM,113,26-01-2023
3425,1513,1:46:01 PM,113,26-01-2023
3426,1514,1:51:21 PM,107,26-01-2023
3427,1514,1:51:21 PM,120,26-01-2023
3428,1515,1:52:36 PM,129,26-01-2023
3429,1516,1:54:36 PM,113,26-01-2023
3430,1516,1:54:36 PM,120,26-01-2023
3431,1517,1:56:01 PM,105,26-01-2023
3432,1518,2:00:13 PM,117,26-01-2023
3433,1519,2:21:10 PM,114,26-01-2023
3434,1520,2:25:20 PM,102,26-01-2023
3435,1520,2:25:20 PM,103,26-01-2023
3436,1521,2:32:57 PM,109,26-01-2023
3437,1521,2:32:57 PM,120,26-01-2023
3438,1522,2:35:32 PM,107,26-01-2023
3439,1522,2:35:32 PM,108,26-01-2023
3440,1522,2:35:32 PM,108,26-01-2023
3441,1522,2:35:32 PM,117,26-01-2023
3442,1523,2:38:13 PM,119,26-01-2023
3443,1524,2:47:17 PM,132,26-01-2023
3444,1525,2:47:46 PM,118,26-01-2023
3445,1526,2:55:06 PM,106,26-01-2023
3446,1527,3:14:30 PM,116,26-01-2023
3447,1527,3:14:30 PM,126,26-01-2023
3448,1528,3:24:38 PM,NULL,26-01-2023
3449,1529,3:35:32 PM,118,26-01-2023
3450,1529,3:35:32 PM,114,26-01-2023
3451,1530,3:49:09 PM,125,26-01-2023
3452,1530,3:49:09 PM,128,26-01-2023
3453,1531,3:58:50 PM,109,26-01-2023
3454,1532,4:04:46 PM,107,26-01-2023
3455,1532,4:04:46 PM,113,26-01-2023
3456,1533,4:08:02 PM,101,26-01-2023
3457,1533,4:08:02 PM,112,26-01-2023
3458,1534,4:21:23 PM,128,26-01-2023
3459,1534,4:21:23 PM,130,26-01-2023
3460,1534,4:21:23 PM,114,26-01-2023
3461,1535,4:38:21 PM,101,26-01-2023
3462,1535,4:38:21 PM,125,26-01-2023
3463,1535,4:38:21 PM,127,26-01-2023
3464,1535,4:38:21 PM,131,26-01-2023
3465,1536,4:52:11 PM,116,26-01-2023
3466,1536,4:52:11 PM,113,26-01-2023
3467,1536,4:52:11 PM,120,26-01-2023
3468,1537,5:04:54 PM,104,26-01-2023
3469,1538,5:06:36 PM,103,26-01-2023
3470,1538,5:06:36 PM,130,26-01-2023
3471,1538,5:06:36 PM,131,26-01-2023
3472,1539,6:03:43 PM,124,26-01-2023
3473,1539,6:03:43 PM,117,26-01-2023
3474,1539,6:03:43 PM,106,26-01-2023
3475,1540,6:08:56 PM,127,26-01-2023
3476,1540,6:08:56 PM,121,26-01-2023
3477,1541,6:10:06 PM,106,26-01-2023
3478,1542,6:37:22 PM,116,26-01-2023
3479,1542,6:37:22 PM,130,26-01-2023
3480,1542,6:37:22 PM,123,26-01-2023
3481,1542,6:37:22 PM,106,26-01-2023
3482,1543,7:21:11 PM,124,26-01-2023
3483,1543,7:21:11 PM,106,26-01-2023
3484,1544,7:32:50 PM,111,26-01-2023
3485,1544,7:32:50 PM,122,26-01-2023
3486,1545,7:33:23 PM,109,26-01-2023
3487,1546,7:42:41 PM,105,26-01-2023
3488,1547,8:58:38 PM,110,26-01-2023
3489,1547,8:58:38 PM,131,26-01-2023
3490,1548,8:59:51 PM,110,26-01-2023
3491,1548,8:59:51 PM,105,26-01-2023
3492,1549,9:12:55 PM,105,26-01-2023
3493,1550,9:23:19 PM,107,26-01-2023
3494,1550,9:23:19 PM,118,26-01-2023
3495,1551,9:37:51 PM,130,26-01-2023
3496,1552,11:23:30 AM,110,27-01-2023
3497,1553,11:47:40 AM,116,27-01-2023
3498,1554,11:57:19 AM,127,27-01-2023
3499,1554,11:57:19 AM,118,27-01-2023
3500,1554,11:57:19 AM,119,27-01-2023
3501,1555,12:07:54 PM,132,27-01-2023
3502,1556,12:19:15 PM,129,27-01-2023
3503,1556,12:19:15 PM,105,27-01-2023
3504,1557,12:21:21 PM,109,27-01-2023
3505,1558,12:27:55 PM,127,27-01-2023
3506,1558,12:27:55 PM,132,27-01-2023
3507,1559,12:34:12 PM,109,27-01-2023
3508,1560,12:56:17 PM,117,27-01-2023
3509,1560,12:56:17 PM,111,27-01-2023
3510,1561,12:56:35 PM,103,27-01-2023
3511,1562,1:00:08 PM,108,27-01-2023
3512,1563,1:04:38 PM,108,27-01-2023
3513,1563,1:04:38 PM,110,27-01-2023
3514,1564,1:05:50 PM,124,27-01-2023
3515,1564,1:05:50 PM,109,27-01-2023
3516,1564,1:05:50 PM,129,27-01-2023
3517,1564,1:05:50 PM,113,27-01-2023
3518,1565,1:21:20 PM,101,27-01-2023
3519,1565,1:21:20 PM,102,27-01-2023
3520,1565,1:21:20 PM,110,27-01-2023
3521,1565,1:21:20 PM,110,27-01-2023
3522,1566,1:23:02 PM,131,27-01-2023
3523,1567,1:31:08 PM,109,27-01-2023
3524,1567,1:31:08 PM,129,27-01-2023
3525,1567,1:31:08 PM,119,27-01-2023
3526,1568,1:38:46 PM,102,27-01-2023
3527,1568,1:38:46 PM,108,27-01-2023
3528,1568,1:38:46 PM,127,27-01-2023
3529,1568,1:38:46 PM,131,27-01-2023
3530,1569,1:38:50 PM,101,27-01-2023
3531,1569,1:38:50 PM,115,27-01-2023
3532,1569,1:38:50 PM,109,27-01-2023
3533,1569,1:38:50 PM,110,27-01-2023
3534,1569,1:38:50 PM,111,27-01-2023
3535,1569,1:38:50 PM,113,27-01-2023
3536,1569,1:38:50 PM,113,27-01-2023
3537,1569,1:38:50 PM,118,27-01-2023
3538,1569,1:38:50 PM,121,27-01-2023
3539,1569,1:38:50 PM,105,27-01-2023
3540,1569,1:38:50 PM,122,27-01-2023
3541,1569,1:38:50 PM,123,27-01-2023
3542,1569,1:38:50 PM,106,27-01-2023
3543,1570,1:49:25 PM,102,27-01-2023
3544,1571,2:32:25 PM,101,27-01-2023
3545,1572,2:33:38 PM,120,27-01-2023
3546,1572,2:33:38 PM,123,27-01-2023
3547,1572,2:33:38 PM,106,27-01-2023
3548,1573,2:39:50 PM,106,27-01-2023
3549,1574,3:32:22 PM,101,27-01-2023
3550,1574,3:32:22 PM,118,27-01-2023
3551,1574,3:32:22 PM,131,27-01-2023
3552,1575,3:37:13 PM,112,27-01-2023
3553,1576,3:44:22 PM,121,27-01-2023
3554,1576,3:44:22 PM,114,27-01-2023
3555,1577,3:48:27 PM,112,27-01-2023
3556,1578,4:07:40 PM,125,27-01-2023
3557,1578,4:07:40 PM,129,27-01-2023
3558,1578,4:07:40 PM,113,27-01-2023
3559,1578,4:07:40 PM,NULL,27-01-2023
3560,1579,4:19:56 PM,108,27-01-2023
3561,1579,4:19:56 PM,122,27-01-2023
3562,1580,4:27:31 PM,126,27-01-2023
3563,1580,4:27:31 PM,132,27-01-2023
3564,1581,4:28:38 PM,NULL,27-01-2023
3565,1582,4:34:55 PM,102,27-01-2023
3566,1582,4:34:55 PM,109,27-01-2023
3567,1582,4:34:55 PM,121,27-01-2023
3568,1582,4:34:55 PM,106,27-01-2023
3569,1583,5:01:03 PM,103,27-01-2023
3570,1583,5:01:03 PM,121,27-01-2023
3571,1584,5:08:55 PM,112,27-01-2023
3572,1584,5:08:55 PM,105,27-01-2023
3573,1585,5:14:26 PM,107,27-01-2023
3574,1585,5:14:26 PM,110,27-01-2023
3575,1585,5:14:26 PM,119,27-01-2023
3576,1586,5:15:31 PM,110,27-01-2023
3577,1586,5:15:31 PM,105,27-01-2023
3578,1586,5:15:31 PM,131,27-01-2023
3579,1587,5:26:55 PM,113,27-01-2023
3580,1588,5:29:19 PM,131,27-01-2023
3581,1588,5:29:19 PM,123,27-01-2023
3582,1589,5:46:02 PM,128,27-01-2023
3583,1589,5:46:02 PM,121,27-01-2023
3584,1589,5:46:02 PM,105,27-01-2023
3585,1590,5:56:16 PM,103,27-01-2023
3586,1590,5:56:16 PM,111,27-01-2023
3587,1590,5:56:16 PM,113,27-01-2023
3588,1590,5:56:16 PM,130,27-01-2023
3589,1591,6:00:16 PM,107,27-01-2023
3590,1591,6:00:16 PM,102,27-01-2023
3591,1591,6:00:16 PM,125,27-01-2023
3592,1591,6:00:16 PM,120,27-01-2023
3593,1592,6:02:51 PM,104,27-01-2023
3594,1593,6:06:25 PM,116,27-01-2023
3595,1593,6:06:25 PM,119,27-01-2023
3596,1593,6:06:25 PM,122,27-01-2023
3597,1593,6:06:25 PM,114,27-01-2023
3598,1594,6:16:02 PM,104,27-01-2023
3599,1595,6:17:38 PM,120,27-01-2023
3600,1595,6:17:38 PM,114,27-01-2023
3601,1596,6:22:07 PM,121,27-01-2023
3602,1596,6:22:07 PM,106,27-01-2023
3603,1597,6:22:23 PM,105,27-01-2023
3604,1598,6:31:26 PM,125,27-01-2023
3605,1598,6:31:26 PM,119,27-01-2023
3606,1599,6:33:59 PM,124,27-01-2023
3607,1599,6:33:59 PM,119,27-01-2023
3608,1600,6:37:54 PM,111,27-01-2023
3609,1600,6:37:54 PM,112,27-01-2023
3610,1601,6:48:01 PM,110,27-01-2023
3611,1601,6:48:01 PM,114,27-01-2023
3612,1602,6:49:15 PM,116,27-01-2023
3613,1602,6:49:15 PM,106,27-01-2023
3614,1603,7:16:45 PM,109,27-01-2023
3615,1604,8:05:01 PM,129,27-01-2023
3616,1604,8:05:01 PM,111,27-01-2023
3617,1605,8:05:27 PM,110,27-01-2023
3618,1605,8:05:27 PM,127,27-01-2023
3619,1606,8:07:37 PM,128,27-01-2023
3620,1606,8:07:37 PM,113,27-01-2023
3621,1607,8:09:27 PM,115,27-01-2023
3622,1607,8:09:27 PM,109,27-01-2023
3623,1607,8:09:27 PM,110,27-01-2023
3624,1608,8:10:32 PM,132,27-01-2023
3625,1609,8:17:48 PM,109,27-01-2023
3626,1609,8:17:48 PM,128,27-01-2023
3627,1610,8:43:11 PM,119,27-01-2023
3628,1611,9:03:04 PM,108,27-01-2023
3629,1611,9:03:04 PM,112,27-01-2023
3630,1611,9:03:04 PM,113,27-01-2023
3631,1611,9:03:04 PM,118,27-01-2023
3632,1612,9:03:29 PM,122,27-01-2023
3633,1612,9:03:29 PM,114,27-01-2023
3634,1613,9:05:59 PM,125,27-01-2023
3635,1613,9:05:59 PM,110,27-01-2023
3636,1613,9:05:59 PM,105,27-01-2023
3637,1613,9:05:59 PM,132,27-01-2023
3638,1614,10:10:01 PM,107,27-01-2023
3639,1614,10:10:01 PM,111,27-01-2023
3640,1615,10:11:38 PM,111,27-01-2023
3641,1616,10:22:25 PM,113,27-01-2023
3642,1616,10:22:25 PM,123,27-01-2023
3643,1617,10:25:26 PM,125,27-01-2023
3644,1617,10:25:26 PM,118,27-01-2023
3645,1618,11:28:33 AM,107,28-01-2023
3646,1618,11:28:33 AM,104,28-01-2023
3647,1618,11:28:33 AM,113,28-01-2023
3648,1618,11:28:33 AM,120,28-01-2023
3649,1619,11:36:34 AM,101,28-01-2023
3650,1619,11:36:34 AM,108,28-01-2023
3651,1620,11:38:50 AM,118,28-01-2023
3652,1620,11:38:50 AM,122,28-01-2023
3653,1621,11:43:54 AM,107,28-01-2023
3654,1622,11:49:42 AM,115,28-01-2023
3655,1622,11:49:42 AM,122,28-01-2023
3656,1623,11:50:41 AM,117,28-01-2023
3657,1624,11:55:46 AM,102,28-01-2023
3658,1625,11:58:42 AM,117,28-01-2023
3659,1626,12:04:16 PM,109,28-01-2023
3660,1627,12:09:40 PM,101,28-01-2023
3661,1628,12:16:39 PM,115,28-01-2023
3662,1628,12:16:39 PM,125,28-01-2023
3663,1628,12:16:39 PM,131,28-01-2023
3664,1629,12:17:09 PM,108,28-01-2023
3665,1629,12:17:09 PM,118,28-01-2023
3666,1629,12:17:09 PM,106,28-01-2023
3667,1630,12:19:50 PM,124,28-01-2023
3668,1630,12:19:50 PM,126,28-01-2023
3669,1630,12:19:50 PM,113,28-01-2023
3670,1631,12:20:11 PM,108,28-01-2023
3671,1631,12:20:11 PM,132,28-01-2023
3672,1632,12:20:31 PM,112,28-01-2023
3673,1632,12:20:31 PM,122,28-01-2023
3674,1632,12:20:31 PM,131,28-01-2023
3675,1633,12:45:52 PM,113,28-01-2023
3676,1633,12:45:52 PM,120,28-01-2023
3677,1633,12:45:52 PM,130,28-01-2023
3678,1634,12:47:43 PM,126,28-01-2023
3679,1635,1:07:37 PM,107,28-01-2023
3680,1636,1:07:52 PM,132,28-01-2023
3681,1637,1:21:08 PM,101,28-01-2023
3682,1637,1:21:08 PM,108,28-01-2023
3683,1637,1:21:08 PM,120,28-01-2023
3684,1638,1:34:25 PM,110,28-01-2023
3685,1638,1:34:25 PM,129,28-01-2023
3686,1638,1:34:25 PM,131,28-01-2023
3687,1638,1:34:25 PM,NULL,28-01-2023
3688,1639,1:37:57 PM,101,28-01-2023
3689,1639,1:37:57 PM,104,28-01-2023
3690,1639,1:37:57 PM,109,28-01-2023
3691,1639,1:37:57 PM,109,28-01-2023
3692,1639,1:37:57 PM,109,28-01-2023
3693,1639,1:37:57 PM,118,28-01-2023
3694,1639,1:37:57 PM,119,28-01-2023
3695,1639,1:37:57 PM,NULL,28-01-2023
3696,1640,1:45:42 PM,131,28-01-2023
3697,1641,2:21:48 PM,108,28-01-2023
3698,1641,2:21:48 PM,113,28-01-2023
3699,1642,2:26:49 PM,102,28-01-2023
3700,1642,2:26:49 PM,108,28-01-2023
3701,1642,2:26:49 PM,121,28-01-2023
3702,1642,2:26:49 PM,105,28-01-2023
3703,1643,2:46:45 PM,102,28-01-2023
3704,1643,2:46:45 PM,103,28-01-2023
3705,1643,2:46:45 PM,111,28-01-2023
3706,1644,3:01:14 PM,101,28-01-2023
3707,1644,3:01:14 PM,101,28-01-2023
3708,1644,3:01:14 PM,108,28-01-2023
3709,1645,3:16:01 PM,132,28-01-2023
3710,1646,3:28:30 PM,101,28-01-2023
3711,1646,3:28:30 PM,110,28-01-2023
3712,1646,3:28:30 PM,111,28-01-2023
3713,1647,3:29:24 PM,125,28-01-2023
3714,1648,3:43:15 PM,117,28-01-2023
3715,1648,3:43:15 PM,129,28-01-2023
3716,1648,3:43:15 PM,105,28-01-2023
3717,1648,3:43:15 PM,122,28-01-2023
3718,1649,4:26:11 PM,116,28-01-2023
3719,1650,4:35:45 PM,101,28-01-2023
3720,1650,4:35:45 PM,102,28-01-2023
3721,1650,4:35:45 PM,110,28-01-2023
3722,1650,4:35:45 PM,105,28-01-2023
3723,1651,4:40:16 PM,127,28-01-2023
3724,1652,4:56:19 PM,106,28-01-2023
3725,1652,4:56:19 PM,132,28-01-2023
3726,1653,5:28:53 PM,107,28-01-2023
3727,1653,5:28:53 PM,129,28-01-2023
3728,1654,5:31:36 PM,120,28-01-2023
3729,1654,5:31:36 PM,122,28-01-2023
3730,1655,6:15:14 PM,101,28-01-2023
3731,1655,6:15:14 PM,121,28-01-2023
3732,1655,6:15:14 PM,122,28-01-2023
3733,1656,6:15:57 PM,109,28-01-2023
3734,1656,6:15:57 PM,112,28-01-2023
3735,1656,6:15:57 PM,131,28-01-2023
3736,1656,6:15:57 PM,114,28-01-2023
3737,1657,6:24:14 PM,101,28-01-2023
3738,1657,6:24:14 PM,131,28-01-2023
3739,1658,6:44:20 PM,108,28-01-2023
3740,1658,6:44:20 PM,121,28-01-2023
3741,1659,6:48:06 PM,124,28-01-2023
3742,1659,6:48:06 PM,110,28-01-2023
3743,1659,6:48:06 PM,112,28-01-2023
3744,1659,6:48:06 PM,120,28-01-2023
3745,1660,7:00:12 PM,107,28-01-2023
3746,1661,7:05:34 PM,103,28-01-2023
3747,1661,7:05:34 PM,111,28-01-2023
3748,1662,7:54:25 PM,111,28-01-2023
3749,1663,8:46:18 PM,127,28-01-2023
3750,1663,8:46:18 PM,127,28-01-2023
3751,1663,8:46:18 PM,120,28-01-2023
3752,1663,8:46:18 PM,106,28-01-2023
3753,1664,9:09:10 PM,129,28-01-2023
3754,1665,9:24:32 PM,120,28-01-2023
3755,1665,9:24:32 PM,106,28-01-2023
3756,1666,9:28:58 PM,120,28-01-2023
3757,1667,9:41:42 PM,111,28-01-2023
3758,1668,10:28:44 PM,107,28-01-2023
3759,1668,10:28:44 PM,109,28-01-2023
3760,1668,10:28:44 PM,113,28-01-2023
3761,1669,11:43:36 AM,104,29-01-2023
3762,1670,11:52:11 AM,124,29-01-2023
3763,1670,11:52:11 AM,105,29-01-2023
3764,1670,11:52:11 AM,122,29-01-2023
3765,1670,11:52:11 AM,132,29-01-2023
3766,1671,11:55:01 AM,101,29-01-2023
3767,1671,11:55:01 AM,102,29-01-2023
3768,1672,12:14:46 PM,130,29-01-2023
3769,1673,12:19:02 PM,129,29-01-2023
3770,1674,12:26:17 PM,124,29-01-2023
3771,1675,12:26:53 PM,109,29-01-2023
3772,1675,12:26:53 PM,113,29-01-2023
3773,1675,12:26:53 PM,120,29-01-2023
3774,1675,12:26:53 PM,122,29-01-2023
3775,1676,12:39:31 PM,125,29-01-2023
3776,1677,12:45:39 PM,104,29-01-2023
3777,1678,1:06:51 PM,113,29-01-2023
3778,1679,1:08:52 PM,116,29-01-2023
3779,1680,1:10:44 PM,NULL,29-01-2023
3780,1681,1:23:39 PM,101,29-01-2023
3781,1681,1:23:39 PM,102,29-01-2023
3782,1682,1:27:10 PM,101,29-01-2023
3783,1682,1:27:10 PM,113,29-01-2023
3784,1683,1:27:41 PM,129,29-01-2023
3785,1684,1:33:16 PM,101,29-01-2023
3786,1684,1:33:16 PM,107,29-01-2023
3787,1684,1:33:16 PM,113,29-01-2023
3788,1684,1:33:16 PM,120,29-01-2023
3789,1684,1:33:16 PM,121,29-01-2023
3790,1684,1:33:16 PM,106,29-01-2023
3791,1685,1:36:52 PM,101,29-01-2023
3792,1685,1:36:52 PM,102,29-01-2023
3793,1685,1:36:52 PM,124,29-01-2023
3794,1685,1:36:52 PM,110,29-01-2023
3795,1685,1:36:52 PM,117,29-01-2023
3796,1685,1:36:52 PM,128,29-01-2023
3797,1685,1:36:52 PM,128,29-01-2023
3798,1685,1:36:52 PM,111,29-01-2023
3799,1685,1:36:52 PM,118,29-01-2023
3800,1685,1:36:52 PM,120,29-01-2023
3801,1685,1:36:52 PM,120,29-01-2023
3802,1685,1:36:52 PM,105,29-01-2023
3803,1685,1:36:52 PM,106,29-01-2023
3804,1686,1:37:50 PM,124,29-01-2023
3805,1686,1:37:50 PM,110,29-01-2023
3806,1686,1:37:50 PM,119,29-01-2023
3807,1686,1:37:50 PM,132,29-01-2023
3808,1687,1:39:42 PM,118,29-01-2023
3809,1687,1:39:42 PM,106,29-01-2023
3810,1688,1:42:20 PM,113,29-01-2023
3811,1689,1:51:07 PM,131,29-01-2023
3812,1690,1:55:35 PM,125,29-01-2023
3813,1691,2:13:32 PM,110,29-01-2023
3814,1692,2:24:36 PM,127,29-01-2023
3815,1693,2:28:24 PM,127,29-01-2023
3816,1694,2:39:52 PM,102,29-01-2023
3817,1695,3:11:01 PM,120,29-01-2023
3818,1695,3:11:01 PM,106,29-01-2023
3819,1696,3:26:55 PM,101,29-01-2023
3820,1696,3:26:55 PM,129,29-01-2023
3821,1697,4:01:52 PM,108,29-01-2023
3822,1697,4:01:52 PM,119,29-01-2023
3823,1698,4:04:23 PM,117,29-01-2023
3824,1698,4:04:23 PM,119,29-01-2023
3825,1698,4:04:23 PM,120,29-01-2023
3826,1699,4:05:53 PM,105,29-01-2023
3827,1700,4:07:41 PM,116,29-01-2023
3828,1701,4:40:57 PM,111,29-01-2023
3829,1702,4:48:09 PM,104,29-01-2023
3830,1703,5:47:55 PM,101,29-01-2023
3831,1703,5:47:55 PM,119,29-01-2023
3832,1704,6:15:40 PM,103,29-01-2023
3833,1704,6:15:40 PM,117,29-01-2023
3834,1704,6:15:40 PM,121,29-01-2023
3835,1704,6:15:40 PM,132,29-01-2023
3836,1705,6:38:41 PM,110,29-01-2023
3837,1705,6:38:41 PM,129,29-01-2023
3838,1706,6:44:29 PM,129,29-01-2023
3839,1707,6:45:58 PM,110,29-01-2023
3840,1707,6:45:58 PM,113,29-01-2023
3841,1708,6:53:35 PM,117,29-01-2023
3842,1709,6:55:40 PM,101,29-01-2023
3843,1709,6:55:40 PM,118,29-01-2023
3844,1709,6:55:40 PM,NULL,29-01-2023
3845,1710,6:58:20 PM,102,29-01-2023
3846,1710,6:58:20 PM,125,29-01-2023
3847,1710,6:58:20 PM,109,29-01-2023
3848,1711,6:59:29 PM,125,29-01-2023
3849,1712,7:23:49 PM,102,29-01-2023
3850,1712,7:23:49 PM,117,29-01-2023
3851,1713,7:32:08 PM,127,29-01-2023
3852,1714,7:34:31 PM,112,29-01-2023
3853,1715,7:36:45 PM,124,29-01-2023
3854,1715,7:36:45 PM,109,29-01-2023
3855,1715,7:36:45 PM,113,29-01-2023
3856,1715,7:36:45 PM,132,29-01-2023
3857,1716,8:05:12 PM,112,29-01-2023
3858,1716,8:05:12 PM,113,29-01-2023
3859,1717,8:15:35 PM,124,29-01-2023
3860,1718,8:15:51 PM,102,29-01-2023
3861,1718,8:15:51 PM,119,29-01-2023
3862,1718,8:15:51 PM,122,29-01-2023
3863,1718,8:15:51 PM,130,29-01-2023
3864,1719,8:23:41 PM,105,29-01-2023
3865,1720,8:37:53 PM,129,29-01-2023
3866,1720,8:37:53 PM,114,29-01-2023
3867,1721,8:38:52 PM,101,29-01-2023
3868,1721,8:38:52 PM,106,29-01-2023
3869,1722,8:41:46 PM,104,29-01-2023
3870,1723,8:50:55 PM,115,29-01-2023
3871,1724,9:04:42 PM,122,29-01-2023
3872,1725,9:27:53 PM,109,29-01-2023
3873,1725,9:27:53 PM,130,29-01-2023
3874,1726,10:44:10 PM,108,29-01-2023
3875,1726,10:44:10 PM,112,29-01-2023
3876,1727,11:25:25 AM,113,30-01-2023
3877,1727,11:25:25 AM,106,30-01-2023
3878,1728,11:30:32 AM,129,30-01-2023
3879,1728,11:30:32 AM,119,30-01-2023
3880,1729,11:37:42 AM,108,30-01-2023
3881,1730,11:39:14 AM,109,30-01-2023
3882,1730,11:39:14 AM,117,30-01-2023
3883,1730,11:39:14 AM,119,30-01-2023
3884,1731,12:17:29 PM,120,30-01-2023
3885,1732,12:20:46 PM,101,30-01-2023
3886,1732,12:20:46 PM,107,30-01-2023
3887,1732,12:20:46 PM,119,30-01-2023
3888,1733,12:26:56 PM,110,30-01-2023
3889,1734,12:36:42 PM,101,30-01-2023
3890,1734,12:36:42 PM,107,30-01-2023
3891,1734,12:36:42 PM,102,30-01-2023
3892,1734,12:36:42 PM,103,30-01-2023
3893,1734,12:36:42 PM,104,30-01-2023
3894,1734,12:36:42 PM,108,30-01-2023
3895,1734,12:36:42 PM,125,30-01-2023
3896,1734,12:36:42 PM,117,30-01-2023
3897,1734,12:36:42 PM,129,30-01-2023
3898,1734,12:36:42 PM,120,30-01-2023
3899,1734,12:36:42 PM,122,30-01-2023
3900,1734,12:36:42 PM,106,30-01-2023
3901,1734,12:36:42 PM,106,30-01-2023
3902,1735,12:59:38 PM,102,30-01-2023
3903,1736,1:34:18 PM,113,30-01-2023
3904,1737,1:41:21 PM,116,30-01-2023
3905,1737,1:41:21 PM,103,30-01-2023
3906,1737,1:41:21 PM,104,30-01-2023
3907,1738,1:46:49 PM,101,30-01-2023
3908,1738,1:46:49 PM,109,30-01-2023
3909,1738,1:46:49 PM,117,30-01-2023
3910,1738,1:46:49 PM,127,30-01-2023
3911,1739,1:49:56 PM,101,30-01-2023
3912,1739,1:49:56 PM,101,30-01-2023
3913,1740,2:14:17 PM,103,30-01-2023
3914,1741,2:19:34 PM,120,30-01-2023
3915,1742,2:23:30 PM,124,30-01-2023
3916,1743,2:25:35 PM,121,30-01-2023
3917,1744,2:26:51 PM,101,30-01-2023
3918,1744,2:26:51 PM,108,30-01-2023
3919,1744,2:26:51 PM,118,30-01-2023
3920,1745,2:43:16 PM,115,30-01-2023
3921,1745,2:43:16 PM,108,30-01-2023
3922,1745,2:43:16 PM,126,30-01-2023
3923,1745,2:43:16 PM,123,30-01-2023
3924,1746,3:07:16 PM,108,30-01-2023
3925,1747,3:17:51 PM,113,30-01-2023
3926,1747,3:17:51 PM,NULL,30-01-2023
3927,1748,3:32:57 PM,102,30-01-2023
3928,1749,4:02:56 PM,130,30-01-2023
3929,1749,4:02:56 PM,123,30-01-2023
3930,1749,4:02:56 PM,NULL,30-01-2023
3931,1750,4:12:42 PM,101,30-01-2023
3932,1750,4:12:42 PM,128,30-01-2023
3933,1751,4:49:58 PM,102,30-01-2023
3934,1751,4:49:58 PM,125,30-01-2023
3935,1752,4:51:01 PM,127,30-01-2023
3936,1752,4:51:01 PM,122,30-01-2023
3937,1753,4:53:40 PM,102,30-01-2023
3938,1753,4:53:40 PM,123,30-01-2023
3939,1754,5:11:32 PM,101,30-01-2023
3940,1754,5:11:32 PM,103,30-01-2023
3941,1754,5:11:32 PM,127,30-01-2023
3942,1754,5:11:32 PM,105,30-01-2023
3943,1755,5:22:31 PM,109,30-01-2023
3944,1755,5:22:31 PM,114,30-01-2023
3945,1756,5:30:17 PM,128,30-01-2023
3946,1757,5:32:30 PM,108,30-01-2023
3947,1757,5:32:30 PM,110,30-01-2023
3948,1758,5:38:25 PM,105,30-01-2023
3949,1758,5:38:25 PM,132,30-01-2023
3950,1759,5:49:25 PM,117,30-01-2023
3951,1759,5:49:25 PM,129,30-01-2023
3952,1759,5:49:25 PM,119,30-01-2023
3953,1759,5:49:25 PM,131,30-01-2023
3954,1760,6:00:46 PM,126,30-01-2023
3955,1761,6:02:30 PM,108,30-01-2023
3956,1762,6:14:18 PM,110,30-01-2023
3957,1763,6:24:28 PM,125,30-01-2023
3958,1764,6:24:57 PM,127,30-01-2023
3959,1764,6:24:57 PM,121,30-01-2023
3960,1764,6:24:57 PM,130,30-01-2023
3961,1765,6:32:30 PM,127,30-01-2023
3962,1765,6:32:30 PM,129,30-01-2023
3963,1766,6:50:13 PM,129,30-01-2023
3964,1767,7:03:49 PM,102,30-01-2023
3965,1767,7:03:49 PM,108,30-01-2023
3966,1767,7:03:49 PM,124,30-01-2023
3967,1767,7:03:49 PM,117,30-01-2023
3968,1768,7:28:42 PM,103,30-01-2023
3969,1769,7:28:51 PM,109,30-01-2023
3970,1769,7:28:51 PM,119,30-01-2023
3971,1770,7:31:17 PM,103,30-01-2023
3972,1771,7:46:17 PM,108,30-01-2023
3973,1771,7:46:17 PM,131,30-01-2023
3974,1772,7:57:11 PM,127,30-01-2023
3975,1773,8:06:40 PM,107,30-01-2023
3976,1773,8:06:40 PM,108,30-01-2023
3977,1773,8:06:40 PM,123,30-01-2023
3978,1773,8:06:40 PM,106,30-01-2023
3979,1774,8:07:05 PM,119,30-01-2023
3980,1775,8:07:17 PM,118,30-01-2023
3981,1776,8:09:16 PM,125,30-01-2023
3982,1776,8:09:16 PM,130,30-01-2023
3983,1776,8:09:16 PM,106,30-01-2023
3984,1777,8:11:18 PM,120,30-01-2023
3985,1778,8:26:02 PM,109,30-01-2023
3986,1779,8:27:12 PM,116,30-01-2023
3987,1780,8:54:47 PM,118,30-01-2023
3988,1781,9:05:03 PM,101,30-01-2023
3989,1781,9:05:03 PM,116,30-01-2023
3990,1782,9:05:29 PM,101,30-01-2023
3991,1782,9:05:29 PM,111,30-01-2023
3992,1783,9:05:39 PM,125,30-01-2023
3993,1784,9:06:05 PM,108,30-01-2023
3994,1784,9:06:05 PM,125,30-01-2023
3995,1784,9:06:05 PM,127,30-01-2023
3996,1784,9:06:05 PM,122,30-01-2023
3997,1785,9:08:02 PM,108,30-01-2023
3998,1785,9:08:02 PM,124,30-01-2023
3999,1786,9:20:25 PM,102,30-01-2023
4000,1786,9:20:25 PM,114,30-01-2023
4001,1787,9:25:54 PM,110,30-01-2023
4002,1787,9:25:54 PM,113,30-01-2023
4003,1787,9:25:54 PM,132,30-01-2023
4004,1788,9:35:08 PM,118,30-01-2023
4005,1788,9:35:08 PM,123,30-01-2023
4006,1789,9:49:27 PM,125,30-01-2023
4007,1789,9:49:27 PM,120,30-01-2023
4008,1789,9:49:27 PM,123,30-01-2023
4009,1790,10:07:03 PM,122,30-01-2023
4010,1791,10:46:02 PM,102,30-01-2023
4011,1791,10:46:02 PM,125,30-01-2023
4012,1791,10:46:02 PM,112,30-01-2023
4013,1791,10:46:02 PM,106,30-01-2023
4014,1792,11:31:03 AM,129,31-01-2023
4015,1792,11:31:03 AM,123,31-01-2023
4016,1792,11:31:03 AM,NULL,31-01-2023
4017,1793,11:44:04 AM,125,31-01-2023
4018,1793,11:44:04 AM,118,31-01-2023
4019,1793,11:44:04 AM,132,31-01-2023
4020,1794,11:56:54 AM,102,31-01-2023
4021,1795,1:21:53 PM,101,31-01-2023
4022,1795,1:21:53 PM,101,31-01-2023
4023,1795,1:21:53 PM,116,31-01-2023
4024,1795,1:21:53 PM,104,31-01-2023
4025,1795,1:21:53 PM,108,31-01-2023
4026,1795,1:21:53 PM,125,31-01-2023
4027,1795,1:21:53 PM,129,31-01-2023
4028,1795,1:21:53 PM,120,31-01-2023
4029,1795,1:21:53 PM,121,31-01-2023
4030,1795,1:21:53 PM,122,31-01-2023
4031,1795,1:21:53 PM,122,31-01-2023
4032,1796,1:31:47 PM,102,31-01-2023
4033,1796,1:31:47 PM,125,31-01-2023
4034,1796,1:31:47 PM,110,31-01-2023
4035,1796,1:31:47 PM,111,31-01-2023
4036,1796,1:31:47 PM,118,31-01-2023
4037,1796,1:31:47 PM,121,31-01-2023
4038,1797,1:40:00 PM,111,31-01-2023
4039,1797,1:40:00 PM,106,31-01-2023
4040,1798,2:03:30 PM,104,31-01-2023
4041,1799,2:07:32 PM,118,31-01-2023
4042,1800,2:17:39 PM,123,31-01-2023
4043,1801,2:37:52 PM,102,31-01-2023
4044,1801,2:37:52 PM,110,31-01-2023
4045,1801,2:37:52 PM,117,31-01-2023
4046,1801,2:37:52 PM,120,31-01-2023
4047,1801,2:37:52 PM,NULL,31-01-2023
4048,1802,2:55:20 PM,115,31-01-2023
4049,1802,2:55:20 PM,110,31-01-2023
4050,1802,2:55:20 PM,106,31-01-2023
4051,1802,2:55:20 PM,132,31-01-2023
4052,1803,3:12:38 PM,110,31-01-2023
4053,1803,3:12:38 PM,127,31-01-2023
4054,1803,3:12:38 PM,132,31-01-2023
4055,1804,3:44:13 PM,116,31-01-2023
4056,1804,3:44:13 PM,125,31-01-2023
4057,1805,4:01:42 PM,109,31-01-2023
4058,1805,4:01:42 PM,123,31-01-2023
4059,1806,4:02:17 PM,109,31-01-2023
4060,1806,4:02:17 PM,111,31-01-2023
4061,1806,4:02:17 PM,113,31-01-2023
4062,1807,4:07:02 PM,107,31-01-2023
4063,1807,4:07:02 PM,126,31-01-2023
4064,1807,4:07:02 PM,131,31-01-2023
4065,1808,4:07:49 PM,107,31-01-2023
4066,1808,4:07:49 PM,132,31-01-2023
4067,1809,4:13:08 PM,124,31-01-2023
4068,1809,4:13:08 PM,120,31-01-2023
4069,1810,4:16:19 PM,108,31-01-2023
4070,1811,4:23:44 PM,126,31-01-2023
4071,1811,4:23:44 PM,109,31-01-2023
4072,1811,4:23:44 PM,118,31-01-2023
4073,1812,5:13:55 PM,108,31-01-2023
4074,1812,5:13:55 PM,132,31-01-2023
4075,1813,5:21:03 PM,124,31-01-2023
4076,1813,5:21:03 PM,132,31-01-2023
4077,1814,5:24:47 PM,107,31-01-2023
4078,1814,5:24:47 PM,103,31-01-2023
4079,1814,5:24:47 PM,120,31-01-2023
4080,1815,5:33:56 PM,107,31-01-2023
4081,1815,5:33:56 PM,109,31-01-2023
4082,1815,5:33:56 PM,110,31-01-2023
4083,1816,5:59:29 PM,125,31-01-2023
4084,1816,5:59:29 PM,109,31-01-2023
4085,1816,5:59:29 PM,122,31-01-2023
4086,1817,6:05:04 PM,107,31-01-2023
4087,1817,6:05:04 PM,118,31-01-2023
4088,1817,6:05:04 PM,120,31-01-2023
4089,1818,6:05:33 PM,111,31-01-2023
4090,1818,6:05:33 PM,120,31-01-2023
4091,1819,6:06:26 PM,101,31-01-2023
4092,1819,6:06:26 PM,113,31-01-2023
4093,1819,6:06:26 PM,132,31-01-2023
4094,1820,6:13:57 PM,102,31-01-2023
4095,1820,6:13:57 PM,125,31-01-2023
4096,1820,6:13:57 PM,111,31-01-2023
4097,1821,6:14:53 PM,103,31-01-2023
4098,1821,6:14:53 PM,131,31-01-2023
4099,1822,6:17:53 PM,116,31-01-2023
4100,1822,6:17:53 PM,117,31-01-2023
4101,1823,6:19:33 PM,102,31-01-2023
4102,1824,6:20:38 PM,107,31-01-2023
4103,1824,6:20:38 PM,105,31-01-2023
4104,1825,6:22:51 PM,108,31-01-2023
4105,1825,6:22:51 PM,124,31-01-2023
4106,1825,6:22:51 PM,120,31-01-2023
4107,1826,6:33:05 PM,125,31-01-2023
4108,1826,6:33:05 PM,119,31-01-2023
4109,1826,6:33:05 PM,119,31-01-2023
4110,1826,6:33:05 PM,114,31-01-2023
4111,1827,6:56:22 PM,117,31-01-2023
4112,1827,6:56:22 PM,129,31-01-2023
4113,1827,6:56:22 PM,121,31-01-2023
4114,1828,7:12:25 PM,113,31-01-2023
4115,1828,7:12:25 PM,123,31-01-2023
4116,1828,7:12:25 PM,106,31-01-2023
4117,1829,7:15:50 PM,102,31-01-2023
4118,1829,7:15:50 PM,112,31-01-2023
4119,1829,7:15:50 PM,106,31-01-2023
4120,1829,7:15:50 PM,114,31-01-2023
4121,1830,7:23:54 PM,120,31-01-2023
4122,1831,8:02:14 PM,120,31-01-2023
4123,1832,8:08:22 PM,111,31-01-2023
4124,1833,8:11:10 PM,102,31-01-2023
4125,1833,8:11:10 PM,129,31-01-2023
4126,1834,8:26:06 PM,117,31-01-2023
4127,1834,8:26:06 PM,119,31-01-2023
4128,1835,8:28:11 PM,102,31-01-2023
4129,1835,8:28:11 PM,109,31-01-2023
4130,1835,8:28:11 PM,127,31-01-2023
4131,1835,8:28:11 PM,112,31-01-2023
4132,1836,8:46:18 PM,132,31-01-2023
4133,1837,8:56:35 PM,101,31-01-2023
4134,1837,8:56:35 PM,110,31-01-2023
4135,1837,8:56:35 PM,128,31-01-2023
4136,1837,8:56:35 PM,132,31-01-2023
4137,1838,8:56:38 PM,125,31-01-2023
4138,1838,8:56:38 PM,110,31-01-2023
4139,1838,8:56:38 PM,105,31-01-2023
4140,1839,8:58:38 PM,122,31-01-2023
4141,1840,9:01:00 PM,107,31-01-2023
4142,1840,9:01:00 PM,108,31-01-2023
4143,1840,9:01:00 PM,109,31-01-2023
4144,1840,9:01:00 PM,117,31-01-2023
4145,1841,9:01:18 PM,121,31-01-2023
4146,1841,9:01:18 PM,122,31-01-2023
4147,1842,9:07:17 PM,111,31-01-2023
4148,1842,9:07:17 PM,113,31-01-2023
4149,1843,9:28:07 PM,107,31-01-2023
4150,1843,9:28:07 PM,113,31-01-2023
4151,1844,10:09:40 PM,112,31-01-2023
4152,1844,10:09:40 PM,123,31-01-2023
4153,1845,10:43:07 PM,127,31-01-2023
4154,1845,10:43:07 PM,118,31-01-2023
4155,1845,10:43:07 PM,121,31-01-2023
4156,1845,10:43:07 PM,132,31-01-2023
4157,1846,11:32:07 AM,107,01-02-2023
4158,1847,11:36:27 AM,108,01-02-2023
4159,1848,11:40:46 AM,108,01-02-2023
4160,1848,11:40:46 AM,110,01-02-2023
4161,1849,11:40:47 AM,124,01-02-2023
4162,1849,11:40:47 AM,125,01-02-2023
4163,1849,11:40:47 AM,120,01-02-2023
4164,1850,11:44:12 AM,109,01-02-2023
4165,1850,11:44:12 AM,129,01-02-2023
4166,1851,11:49:01 AM,107,01-02-2023
4167,1851,11:49:01 AM,102,01-02-2023
4168,1851,11:49:01 AM,108,01-02-2023
4169,1851,11:49:01 AM,127,01-02-2023
4170,1851,11:49:01 AM,111,01-02-2023
4171,1851,11:49:01 AM,113,01-02-2023
4172,1851,11:49:01 AM,118,01-02-2023
4173,1851,11:49:01 AM,121,01-02-2023
4174,1851,11:49:01 AM,122,01-02-2023
4175,1851,11:49:01 AM,131,01-02-2023
4176,1851,11:49:01 AM,123,01-02-2023
4177,1851,11:49:01 AM,106,01-02-2023
4178,1852,11:54:36 AM,116,01-02-2023
4179,1852,11:54:36 AM,125,01-02-2023
4180,1853,12:12:59 PM,117,01-02-2023
4181,1853,12:12:59 PM,111,01-02-2023
4182,1854,12:27:17 PM,107,01-02-2023
4183,1855,12:28:09 PM,104,01-02-2023
4184,1855,12:28:09 PM,118,01-02-2023
4185,1855,12:28:09 PM,105,01-02-2023
4186,1855,12:28:09 PM,131,01-02-2023
4187,1856,12:32:48 PM,120,01-02-2023
4188,1857,12:34:00 PM,116,01-02-2023
4189,1858,12:43:50 PM,122,01-02-2023
4190,1859,1:18:55 PM,118,01-02-2023
4191,1860,1:19:52 PM,108,01-02-2023
4192,1861,1:21:23 PM,130,01-02-2023
4193,1862,1:27:02 PM,102,01-02-2023
4194,1862,1:27:02 PM,129,01-02-2023
4195,1863,1:39:45 PM,115,01-02-2023
4196,1864,1:46:26 PM,118,01-02-2023
4197,1865,2:09:37 PM,101,01-02-2023
4198,1865,2:09:37 PM,103,01-02-2023
4199,1865,2:09:37 PM,119,01-02-2023
4200,1865,2:09:37 PM,130,01-02-2023
4201,1866,2:18:56 PM,115,01-02-2023
4202,1866,2:18:56 PM,108,01-02-2023
4203,1866,2:18:56 PM,117,01-02-2023
4204,1866,2:18:56 PM,121,01-02-2023
4205,1866,2:18:56 PM,105,01-02-2023
4206,1866,2:18:56 PM,123,01-02-2023
4207,1867,2:35:50 PM,122,01-02-2023
4208,1868,2:35:56 PM,124,01-02-2023
4209,1868,2:35:56 PM,123,01-02-2023
4210,1869,2:37:38 PM,127,01-02-2023
4211,1869,2:37:38 PM,113,01-02-2023
4212,1869,2:37:38 PM,119,01-02-2023
4213,1869,2:37:38 PM,119,01-02-2023
4214,1870,2:45:45 PM,107,01-02-2023
4215,1871,3:01:40 PM,110,01-02-2023
4216,1872,3:07:28 PM,117,01-02-2023
4217,1872,3:07:28 PM,129,01-02-2023
4218,1872,3:07:28 PM,118,01-02-2023
4219,1872,3:07:28 PM,106,01-02-2023
4220,1873,3:09:20 PM,102,01-02-2023
4221,1873,3:09:20 PM,120,01-02-2023
4222,1874,3:19:35 PM,120,01-02-2023
4223,1875,3:52:26 PM,113,01-02-2023
4224,1875,3:52:26 PM,105,01-02-2023
4225,1876,3:56:21 PM,101,01-02-2023
4226,1876,3:56:21 PM,116,01-02-2023
4227,1876,3:56:21 PM,125,01-02-2023
4228,1876,3:56:21 PM,130,01-02-2023
4229,1877,4:03:52 PM,105,01-02-2023
4230,1877,4:03:52 PM,130,01-02-2023
4231,1878,4:07:22 PM,108,01-02-2023
4232,1878,4:07:22 PM,111,01-02-2023
4233,1879,4:14:27 PM,107,01-02-2023
4234,1880,4:15:40 PM,110,01-02-2023
4235,1880,4:15:40 PM,127,01-02-2023
4236,1880,4:15:40 PM,129,01-02-2023
4237,1881,4:16:16 PM,111,01-02-2023
4238,1881,4:16:16 PM,113,01-02-2023
4239,1882,4:18:31 PM,102,01-02-2023
4240,1882,4:18:31 PM,124,01-02-2023
4241,1883,4:25:39 PM,109,01-02-2023
4242,1884,4:34:15 PM,102,01-02-2023
4243,1884,4:34:15 PM,126,01-02-2023
4244,1884,4:34:15 PM,109,01-02-2023
4245,1884,4:34:15 PM,106,01-02-2023
4246,1885,4:34:57 PM,108,01-02-2023
4247,1885,4:34:57 PM,117,01-02-2023
4248,1885,4:34:57 PM,122,01-02-2023
4249,1885,4:34:57 PM,130,01-02-2023
4250,1886,4:43:54 PM,129,01-02-2023
4251,1887,4:48:06 PM,102,01-02-2023
4252,1887,4:48:06 PM,108,01-02-2023
4253,1887,4:48:06 PM,110,01-02-2023
4254,1887,4:48:06 PM,113,01-02-2023
4255,1887,4:48:06 PM,105,01-02-2023
4256,1888,5:01:44 PM,116,01-02-2023
4257,1888,5:01:44 PM,111,01-02-2023
4258,1889,5:03:26 PM,101,01-02-2023
4259,1889,5:03:26 PM,117,01-02-2023
4260,1890,5:09:36 PM,124,01-02-2023
4261,1890,5:09:36 PM,112,01-02-2023
4262,1891,5:11:07 PM,116,01-02-2023
4263,1891,5:11:07 PM,102,01-02-2023
4264,1891,5:11:07 PM,122,01-02-2023
4265,1891,5:11:07 PM,114,01-02-2023
4266,1892,5:11:28 PM,102,01-02-2023
4267,1892,5:11:28 PM,109,01-02-2023
4268,1892,5:11:28 PM,120,01-02-2023
4269,1893,5:11:36 PM,106,01-02-2023
4270,1894,5:13:57 PM,108,01-02-2023
4271,1894,5:13:57 PM,NULL,01-02-2023
4272,1895,5:24:50 PM,116,01-02-2023
4273,1895,5:24:50 PM,105,01-02-2023
4274,1895,5:24:50 PM,122,01-02-2023
4275,1895,5:24:50 PM,106,01-02-2023
4276,1896,5:28:49 PM,102,01-02-2023
4277,1897,5:32:37 PM,112,01-02-2023
4278,1897,5:32:37 PM,105,01-02-2023
4279,1897,5:32:37 PM,106,01-02-2023
4280,1898,5:34:26 PM,103,01-02-2023
4281,1899,5:35:39 PM,103,01-02-2023
4282,1899,5:35:39 PM,118,01-02-2023
4283,1900,5:42:49 PM,109,01-02-2023
4284,1901,5:47:51 PM,101,01-02-2023
4285,1901,5:47:51 PM,125,01-02-2023
4286,1902,5:50:51 PM,125,01-02-2023
4287,1902,5:50:51 PM,110,01-02-2023
4288,1903,6:06:22 PM,125,01-02-2023
4289,1904,6:13:17 PM,107,01-02-2023
4290,1904,6:13:17 PM,108,01-02-2023
4291,1904,6:13:17 PM,117,01-02-2023
4292,1904,6:13:17 PM,113,01-02-2023
4293,1905,6:14:34 PM,101,01-02-2023
4294,1905,6:14:34 PM,102,01-02-2023
4295,1905,6:14:34 PM,108,01-02-2023
4296,1906,6:17:07 PM,124,01-02-2023
4297,1907,6:25:35 PM,131,01-02-2023
4298,1908,6:28:56 PM,101,01-02-2023
4299,1909,6:45:56 PM,117,01-02-2023
4300,1910,6:57:06 PM,101,01-02-2023
4301,1911,7:01:15 PM,102,01-02-2023
4302,1912,7:01:32 PM,112,01-02-2023
4303,1912,7:01:32 PM,119,01-02-2023
4304,1913,7:04:46 PM,102,01-02-2023
4305,1914,7:24:03 PM,113,01-02-2023
4306,1915,7:24:26 PM,113,01-02-2023
4307,1915,7:24:26 PM,122,01-02-2023
4308,1916,7:27:59 PM,101,01-02-2023
4309,1916,7:27:59 PM,111,01-02-2023
4310,1917,7:48:51 PM,115,01-02-2023
4311,1917,7:48:51 PM,129,01-02-2023
4312,1917,7:48:51 PM,105,01-02-2023
4313,1917,7:48:51 PM,114,01-02-2023
4314,1918,7:50:54 PM,102,01-02-2023
4315,1919,8:03:59 PM,122,01-02-2023
4316,1920,8:04:38 PM,101,01-02-2023
4317,1920,8:04:38 PM,119,01-02-2023
4318,1921,8:07:50 PM,127,01-02-2023
4319,1922,8:09:20 PM,104,01-02-2023
4320,1922,8:09:20 PM,126,01-02-2023
4321,1922,8:09:20 PM,NULL,01-02-2023
4322,1922,8:09:20 PM,132,01-02-2023
4323,1923,8:34:14 PM,101,01-02-2023
4324,1923,8:34:14 PM,108,01-02-2023
4325,1924,8:40:02 PM,101,01-02-2023
4326,1924,8:40:02 PM,119,01-02-2023
4327,1924,8:40:02 PM,131,01-02-2023
4328,1925,8:43:56 PM,117,01-02-2023
4329,1925,8:43:56 PM,113,01-02-2023
4330,1926,9:12:29 PM,126,01-02-2023
4331,1926,9:12:29 PM,113,01-02-2023
4332,1927,9:31:03 PM,121,01-02-2023
4333,1927,9:31:03 PM,122,01-02-2023
4334,1927,9:31:03 PM,106,01-02-2023
4335,1928,9:57:20 PM,101,01-02-2023
4336,1929,10:08:01 PM,102,01-02-2023
4337,1929,10:08:01 PM,108,01-02-2023
4338,1929,10:08:01 PM,109,01-02-2023
4339,1929,10:08:01 PM,111,01-02-2023
4340,1930,10:11:02 PM,116,01-02-2023
4341,1931,10:15:43 PM,107,01-02-2023
4342,1931,10:15:43 PM,105,01-02-2023
4343,1932,10:29:35 PM,102,01-02-2023
4344,1932,10:29:35 PM,106,01-02-2023
4345,1933,11:17:08 AM,102,02-02-2023
4346,1933,11:17:08 AM,127,02-02-2023
4347,1933,11:17:08 AM,106,02-02-2023
4348,1933,11:17:08 AM,106,02-02-2023
4349,1934,11:24:45 AM,102,02-02-2023
4350,1935,11:24:47 AM,127,02-02-2023
4351,1935,11:24:47 AM,119,02-02-2023
4352,1936,11:34:50 AM,109,02-02-2023
4353,1936,11:34:50 AM,106,02-02-2023
4354,1937,11:43:47 AM,120,02-02-2023
4355,1938,11:46:18 AM,113,02-02-2023
4356,1939,12:29:44 PM,113,02-02-2023
4357,1940,12:30:48 PM,132,02-02-2023
4358,1941,12:33:21 PM,113,02-02-2023
4359,1942,12:38:58 PM,108,02-02-2023
4360,1942,12:38:58 PM,106,02-02-2023
4361,1943,12:40:35 PM,124,02-02-2023
4362,1943,12:40:35 PM,109,02-02-2023
4363,1944,12:49:13 PM,125,02-02-2023
4364,1944,12:49:13 PM,122,02-02-2023
4365,1945,12:50:14 PM,131,02-02-2023
4366,1946,1:01:49 PM,102,02-02-2023
4367,1946,1:01:49 PM,102,02-02-2023
4368,1946,1:01:49 PM,103,02-02-2023
4369,1946,1:01:49 PM,110,02-02-2023
4370,1946,1:01:49 PM,128,02-02-2023
4371,1946,1:01:49 PM,129,02-02-2023
4372,1946,1:01:49 PM,120,02-02-2023
4373,1946,1:01:49 PM,121,02-02-2023
4374,1947,1:12:14 PM,101,02-02-2023
4375,1947,1:12:14 PM,106,02-02-2023
4376,1948,1:13:28 PM,117,02-02-2023
4377,1948,1:13:28 PM,129,02-02-2023
4378,1948,1:13:28 PM,112,02-02-2023
4379,1949,1:14:06 PM,101,02-02-2023
4380,1950,1:14:40 PM,110,02-02-2023
4381,1951,1:39:08 PM,113,02-02-2023
4382,1951,1:39:08 PM,122,02-02-2023
4383,1952,1:41:46 PM,129,02-02-2023
4384,1953,1:42:31 PM,117,02-02-2023
4385,1954,1:53:10 PM,112,02-02-2023
4386,1955,2:28:24 PM,114,02-02-2023
4387,1956,2:36:07 PM,116,02-02-2023
4388,1956,2:36:07 PM,104,02-02-2023
4389,1956,2:36:07 PM,132,02-02-2023
4390,1957,2:50:01 PM,107,02-02-2023
4391,1957,2:50:01 PM,103,02-02-2023
4392,1957,2:50:01 PM,104,02-02-2023
4393,1957,2:50:01 PM,126,02-02-2023
4394,1957,2:50:01 PM,117,02-02-2023
4395,1957,2:50:01 PM,112,02-02-2023
4396,1957,2:50:01 PM,113,02-02-2023
4397,1957,2:50:01 PM,118,02-02-2023
4398,1957,2:50:01 PM,118,02-02-2023
4399,1957,2:50:01 PM,131,02-02-2023
4400,1957,2:50:01 PM,131,02-02-2023
4401,1957,2:50:01 PM,106,02-02-2023
4402,1957,2:50:01 PM,132,02-02-2023
4403,1957,2:50:01 PM,132,02-02-2023
4404,1958,3:05:43 PM,118,02-02-2023
4405,1959,3:09:10 PM,106,02-02-2023
4406,1960,3:15:16 PM,113,02-02-2023
4407,1961,3:29:57 PM,107,02-02-2023
4408,1961,3:29:57 PM,129,02-02-2023
4409,1962,3:32:15 PM,102,02-02-2023
4410,1963,3:59:08 PM,107,02-02-2023
4411,1963,3:59:08 PM,119,02-02-2023
4412,1963,3:59:08 PM,122,02-02-2023
4413,1964,4:09:42 PM,120,02-02-2023
4414,1964,4:09:42 PM,123,02-02-2023
4415,1964,4:09:42 PM,132,02-02-2023
4416,1965,4:10:04 PM,124,02-02-2023
4417,1965,4:10:04 PM,125,02-02-2023
4418,1965,4:10:04 PM,109,02-02-2023
4419,1965,4:10:04 PM,110,02-02-2023
4420,1966,4:14:14 PM,120,02-02-2023
4421,1966,4:14:14 PM,121,02-02-2023
4422,1966,4:14:14 PM,122,02-02-2023
4423,1966,4:14:14 PM,123,02-02-2023
4424,1967,4:41:43 PM,109,02-02-2023
4425,1967,4:41:43 PM,112,02-02-2023
4426,1967,4:41:43 PM,105,02-02-2023
4427,1967,4:41:43 PM,131,02-02-2023
4428,1968,4:58:41 PM,107,02-02-2023
4429,1968,4:58:41 PM,115,02-02-2023
4430,1968,4:58:41 PM,108,02-02-2023
4431,1969,5:10:43 PM,109,02-02-2023
4432,1970,5:30:16 PM,101,02-02-2023
4433,1971,5:31:16 PM,110,02-02-2023
4434,1971,5:31:16 PM,110,02-02-2023
4435,1972,5:35:29 PM,116,02-02-2023
4436,1972,5:35:29 PM,129,02-02-2023
4437,1972,5:35:29 PM,113,02-02-2023
4438,1972,5:35:29 PM,119,02-02-2023
4439,1973,5:48:51 PM,125,02-02-2023
4440,1974,5:49:37 PM,107,02-02-2023
4441,1974,5:49:37 PM,110,02-02-2023
4442,1974,5:49:37 PM,130,02-02-2023
4443,1975,6:07:34 PM,108,02-02-2023
4444,1975,6:07:34 PM,113,02-02-2023
4445,1976,6:25:11 PM,124,02-02-2023
4446,1976,6:25:11 PM,105,02-02-2023
4447,1976,6:25:11 PM,106,02-02-2023
4448,1977,6:27:37 PM,103,02-02-2023
4449,1978,7:03:28 PM,113,02-02-2023
4450,1979,7:05:23 PM,114,02-02-2023
4451,1980,7:07:15 PM,110,02-02-2023
4452,1981,7:10:40 PM,103,02-02-2023
4453,1981,7:10:40 PM,109,02-02-2023
4454,1981,7:10:40 PM,122,02-02-2023
4455,1981,7:10:40 PM,130,02-02-2023
4456,1982,7:36:26 PM,113,02-02-2023
4457,1983,7:39:08 PM,121,02-02-2023
4458,1984,7:50:13 PM,107,02-02-2023
4459,1984,7:50:13 PM,132,02-02-2023
4460,1985,8:00:05 PM,119,02-02-2023
4461,1985,8:00:05 PM,130,02-02-2023
4462,1986,8:07:17 PM,101,02-02-2023
4463,1986,8:07:17 PM,111,02-02-2023
4464,1986,8:07:17 PM,131,02-02-2023
4465,1986,8:07:17 PM,132,02-02-2023
4466,1987,8:09:54 PM,116,02-02-2023
4467,1987,8:09:54 PM,103,02-02-2023
4468,1987,8:09:54 PM,132,02-02-2023
4469,1988,8:46:01 PM,102,02-02-2023
4470,1988,8:46:01 PM,104,02-02-2023
4471,1988,8:46:01 PM,118,02-02-2023
4472,1989,9:15:17 PM,101,02-02-2023
4473,1989,9:15:17 PM,132,02-02-2023
4474,1990,9:22:35 PM,116,02-02-2023
4475,1990,9:22:35 PM,109,02-02-2023
4476,1990,9:22:35 PM,122,02-02-2023
4477,1991,9:47:12 PM,123,02-02-2023
4478,1992,9:48:32 PM,103,02-02-2023
4479,1993,10:07:29 PM,132,02-02-2023
4480,1994,10:08:10 PM,102,02-02-2023
4481,1994,10:08:10 PM,109,02-02-2023
4482,1994,10:08:10 PM,118,02-02-2023
4483,1994,10:08:10 PM,123,02-02-2023
4484,1995,10:19:33 PM,101,02-02-2023
4485,1995,10:19:33 PM,116,02-02-2023
4486,1995,10:19:33 PM,124,02-02-2023
4487,1995,10:19:33 PM,123,02-02-2023
4488,1996,11:25:25 AM,124,03-02-2023
4489,1996,11:25:25 AM,110,03-02-2023
4490,1996,11:25:25 AM,120,03-02-2023
4491,1997,11:35:10 AM,126,03-02-2023
4492,1998,11:47:03 AM,131,03-02-2023
4493,1999,12:07:51 PM,107,03-02-2023
4494,1999,12:07:51 PM,116,03-02-2023
4495,1999,12:07:51 PM,116,03-02-2023
4496,1999,12:07:51 PM,110,03-02-2023
4497,1999,12:07:51 PM,117,03-02-2023
4498,1999,12:07:51 PM,127,03-02-2023
4499,1999,12:07:51 PM,111,03-02-2023
4500,1999,12:07:51 PM,112,03-02-2023
4501,1999,12:07:51 PM,122,03-02-2023
4502,1999,12:07:51 PM,106,03-02-2023
4503,2000,12:14:27 PM,101,03-02-2023
4504,2000,12:14:27 PM,107,03-02-2023
4505,2000,12:14:27 PM,116,03-02-2023
4506,2000,12:14:27 PM,125,03-02-2023
4507,2000,12:14:27 PM,112,03-02-2023
4508,2000,12:14:27 PM,113,03-02-2023
4509,2000,12:14:27 PM,121,03-02-2023
4510,2000,12:14:27 PM,130,03-02-2023
4511,2000,12:14:27 PM,106,03-02-2023
4512,2000,12:14:27 PM,132,03-02-2023
4513,2000,12:14:27 PM,132,03-02-2023
4514,2001,12:20:45 PM,116,03-02-2023
4515,2001,12:20:45 PM,116,03-02-2023
4516,2001,12:20:45 PM,125,03-02-2023
4517,2001,12:20:45 PM,110,03-02-2023
4518,2002,12:21:10 PM,107,03-02-2023
4519,2002,12:21:10 PM,117,03-02-2023
4520,2002,12:21:10 PM,131,03-02-2023
4521,2003,12:21:25 PM,126,03-02-2023
4522,2004,12:24:06 PM,110,03-02-2023
4523,2004,12:24:06 PM,118,03-02-2023
4524,2004,12:24:06 PM,119,03-02-2023
4525,2005,12:32:02 PM,102,03-02-2023
4526,2005,12:32:02 PM,103,03-02-2023
4527,2005,12:32:02 PM,118,03-02-2023
4528,2005,12:32:02 PM,123,03-02-2023
4529,2006,12:35:28 PM,103,03-02-2023
4530,2006,12:35:28 PM,126,03-02-2023
4531,2006,12:35:28 PM,109,03-02-2023
4532,2006,12:35:28 PM,106,03-02-2023
4533,2007,12:37:21 PM,101,03-02-2023
4534,2007,12:37:21 PM,131,03-02-2023
4535,2008,12:47:12 PM,111,03-02-2023
4536,2009,12:55:07 PM,114,03-02-2023
4537,2010,1:00:41 PM,107,03-02-2023
4538,2010,1:00:41 PM,113,03-02-2023
4539,2010,1:00:41 PM,120,03-02-2023
4540,2010,1:00:41 PM,131,03-02-2023
4541,2011,1:01:28 PM,103,03-02-2023
4542,2011,1:01:28 PM,118,03-02-2023
4543,2011,1:01:28 PM,122,03-02-2023
4544,2011,1:01:28 PM,132,03-02-2023
4545,2012,1:19:00 PM,122,03-02-2023
4546,2012,1:19:00 PM,NULL,03-02-2023
4547,2013,1:20:46 PM,107,03-02-2023
4548,2013,1:20:46 PM,115,03-02-2023
4549,2013,1:20:46 PM,108,03-02-2023
4550,2014,1:23:13 PM,122,03-02-2023
4551,2015,1:23:49 PM,109,03-02-2023
4552,2016,1:47:00 PM,101,03-02-2023
4553,2016,1:47:00 PM,126,03-02-2023
4554,2016,1:47:00 PM,127,03-02-2023
4555,2017,1:51:56 PM,101,03-02-2023
4556,2017,1:51:56 PM,110,03-02-2023
4557,2018,2:06:04 PM,113,03-02-2023
4558,2018,2:06:04 PM,118,03-02-2023
4559,2018,2:06:04 PM,120,03-02-2023
4560,2018,2:06:04 PM,NULL,03-02-2023
4561,2019,2:14:03 PM,105,03-02-2023
4562,2020,2:14:05 PM,107,03-02-2023
4563,2021,2:25:13 PM,102,03-02-2023
4564,2021,2:25:13 PM,110,03-02-2023
4565,2021,2:25:13 PM,113,03-02-2023
4566,2021,2:25:13 PM,118,03-02-2023
4567,2022,2:36:36 PM,104,03-02-2023
4568,2022,2:36:36 PM,114,03-02-2023
4569,2023,3:05:28 PM,125,03-02-2023
4570,2024,4:04:02 PM,121,03-02-2023
4571,2024,4:04:02 PM,105,03-02-2023
4572,2024,4:04:02 PM,131,03-02-2023
4573,2025,4:11:01 PM,102,03-02-2023
4574,2025,4:11:01 PM,132,03-02-2023
4575,2026,4:11:48 PM,129,03-02-2023
4576,2027,4:20:30 PM,105,03-02-2023
4577,2027,4:20:30 PM,131,03-02-2023
4578,2028,4:38:16 PM,125,03-02-2023
4579,2029,4:47:49 PM,123,03-02-2023
4580,2029,4:47:49 PM,106,03-02-2023
4581,2030,4:50:44 PM,124,03-02-2023
4582,2030,4:50:44 PM,105,03-02-2023
4583,2031,4:51:05 PM,102,03-02-2023
4584,2031,4:51:05 PM,113,03-02-2023
4585,2031,4:51:05 PM,105,03-02-2023
4586,2032,5:12:51 PM,114,03-02-2023
4587,2033,5:13:15 PM,101,03-02-2023
4588,2033,5:13:15 PM,122,03-02-2023
4589,2033,5:13:15 PM,130,03-02-2023
4590,2033,5:13:15 PM,132,03-02-2023
4591,2034,5:15:18 PM,107,03-02-2023
4592,2034,5:15:18 PM,113,03-02-2023
4593,2035,5:16:16 PM,108,03-02-2023
4594,2036,5:17:29 PM,101,03-02-2023
4595,2036,5:17:29 PM,124,03-02-2023
4596,2036,5:17:29 PM,110,03-02-2023
4597,2037,5:30:57 PM,128,03-02-2023
4598,2038,5:31:35 PM,120,03-02-2023
4599,2039,5:36:07 PM,112,03-02-2023
4600,2040,5:36:45 PM,125,03-02-2023
4601,2041,5:40:35 PM,108,03-02-2023
4602,2042,6:01:43 PM,101,03-02-2023
4603,2042,6:01:43 PM,117,03-02-2023
4604,2042,6:01:43 PM,132,03-02-2023
4605,2043,6:23:13 PM,114,03-02-2023
4606,2044,6:33:46 PM,119,03-02-2023
4607,2044,6:33:46 PM,123,03-02-2023
4608,2045,6:46:11 PM,118,03-02-2023
4609,2046,6:46:54 PM,127,03-02-2023
4610,2046,6:46:54 PM,111,03-02-2023
4611,2047,6:47:08 PM,113,03-02-2023
4612,2047,6:47:08 PM,119,03-02-2023
4613,2047,6:47:08 PM,131,03-02-2023
4614,2048,6:48:26 PM,122,03-02-2023
4615,2049,7:00:24 PM,101,03-02-2023
4616,2049,7:00:24 PM,102,03-02-2023
4617,2049,7:00:24 PM,132,03-02-2023
4618,2050,7:20:46 PM,127,03-02-2023
4619,2050,7:20:46 PM,112,03-02-2023
4620,2050,7:20:46 PM,121,03-02-2023
4621,2050,7:20:46 PM,123,03-02-2023
4622,2051,7:51:00 PM,116,03-02-2023
4623,2051,7:51:00 PM,102,03-02-2023
4624,2051,7:51:00 PM,129,03-02-2023
4625,2051,7:51:00 PM,123,03-02-2023
4626,2052,7:54:31 PM,115,03-02-2023
4627,2052,7:54:31 PM,124,03-02-2023
4628,2052,7:54:31 PM,125,03-02-2023
4629,2052,7:54:31 PM,120,03-02-2023
4630,2053,8:42:43 PM,125,03-02-2023
4631,2053,8:42:43 PM,113,03-02-2023
4632,2054,8:46:45 PM,125,03-02-2023
4633,2054,8:46:45 PM,127,03-02-2023
4634,2055,8:59:30 PM,104,03-02-2023
4635,2055,8:59:30 PM,110,03-02-2023
4636,2056,9:05:04 PM,112,03-02-2023
4637,2056,9:05:04 PM,121,03-02-2023
4638,2056,9:05:04 PM,132,03-02-2023
4639,2057,9:11:26 PM,125,03-02-2023
4640,2057,9:11:26 PM,NULL,03-02-2023
4641,2058,11:19:17 AM,113,04-02-2023
4642,2058,11:19:17 AM,122,04-02-2023
4643,2059,11:41:34 AM,117,04-02-2023
4644,2059,11:41:34 AM,105,04-02-2023
4645,2059,11:41:34 AM,122,04-02-2023
4646,2060,11:45:09 AM,110,04-02-2023
4647,2060,11:45:09 AM,122,04-02-2023
4648,2061,11:49:00 AM,104,04-02-2023
4649,2061,11:49:00 AM,123,04-02-2023
4650,2062,11:56:32 AM,110,04-02-2023
4651,2063,12:25:02 PM,107,04-02-2023
4652,2064,12:26:39 PM,101,04-02-2023
4653,2064,12:26:39 PM,103,04-02-2023
4654,2064,12:26:39 PM,128,04-02-2023
4655,2064,12:26:39 PM,129,04-02-2023
4656,2065,12:27:21 PM,117,04-02-2023
4657,2065,12:27:21 PM,120,04-02-2023
4658,2065,12:27:21 PM,132,04-02-2023
4659,2066,12:44:20 PM,109,04-02-2023
4660,2066,12:44:20 PM,109,04-02-2023
4661,2067,12:47:00 PM,122,04-02-2023
4662,2068,12:49:48 PM,107,04-02-2023
4663,2068,12:49:48 PM,115,04-02-2023
4664,2069,12:58:32 PM,113,04-02-2023
4665,2069,12:58:32 PM,131,04-02-2023
4666,2070,1:00:47 PM,120,04-02-2023
4667,2070,1:00:47 PM,132,04-02-2023
4668,2071,1:06:29 PM,108,04-02-2023
4669,2072,1:08:24 PM,117,04-02-2023
4670,2073,1:35:51 PM,101,04-02-2023
4671,2073,1:35:51 PM,126,04-02-2023
4672,2073,1:35:51 PM,109,04-02-2023
4673,2073,1:35:51 PM,109,04-02-2023
4674,2073,1:35:51 PM,110,04-02-2023
4675,2073,1:35:51 PM,110,04-02-2023
4676,2073,1:35:51 PM,117,04-02-2023
4677,2073,1:35:51 PM,106,04-02-2023
4678,2073,1:35:51 PM,106,04-02-2023
4679,2074,1:41:08 PM,124,04-02-2023
4680,2074,1:41:08 PM,109,04-02-2023
4681,2075,2:03:04 PM,107,04-02-2023
4682,2075,2:03:04 PM,115,04-02-2023
4683,2075,2:03:04 PM,102,04-02-2023
4684,2075,2:03:04 PM,124,04-02-2023
4685,2075,2:03:04 PM,125,04-02-2023
4686,2075,2:03:04 PM,127,04-02-2023
4687,2075,2:03:04 PM,129,04-02-2023
4688,2075,2:03:04 PM,111,04-02-2023
4689,2075,2:03:04 PM,112,04-02-2023
4690,2075,2:03:04 PM,118,04-02-2023
4691,2075,2:03:04 PM,122,04-02-2023
4692,2075,2:03:04 PM,132,04-02-2023
4693,2075,2:03:04 PM,132,04-02-2023
4694,2076,2:11:44 PM,101,04-02-2023
4695,2076,2:11:44 PM,127,04-02-2023
4696,2077,2:31:27 PM,117,04-02-2023
4697,2078,2:49:29 PM,101,04-02-2023
4698,2078,2:49:29 PM,131,04-02-2023
4699,2079,2:57:11 PM,122,04-02-2023
4700,2080,2:58:48 PM,102,04-02-2023
4701,2080,2:58:48 PM,128,04-02-2023
4702,2081,3:14:39 PM,129,04-02-2023
4703,2081,3:14:39 PM,112,04-02-2023
4704,2081,3:14:39 PM,112,04-02-2023
4705,2081,3:14:39 PM,113,04-02-2023
4706,2082,3:16:20 PM,112,04-02-2023
4707,2083,3:40:20 PM,104,04-02-2023
4708,2084,4:06:23 PM,125,04-02-2023
4709,2084,4:06:23 PM,117,04-02-2023
4710,2085,4:16:36 PM,127,04-02-2023
4711,2086,4:38:50 PM,109,04-02-2023
4712,2086,4:38:50 PM,111,04-02-2023
4713,2087,4:39:18 PM,101,04-02-2023
4714,2087,4:39:18 PM,125,04-02-2023
4715,2088,4:48:57 PM,123,04-02-2023
4716,2089,5:05:16 PM,122,04-02-2023
4717,2090,5:17:07 PM,101,04-02-2023
4718,2090,5:17:07 PM,110,04-02-2023
4719,2090,5:17:07 PM,105,04-02-2023
4720,2090,5:17:07 PM,131,04-02-2023
4721,2091,5:17:43 PM,124,04-02-2023
4722,2091,5:17:43 PM,121,04-02-2023
4723,2092,5:31:43 PM,109,04-02-2023
4724,2092,5:31:43 PM,129,04-02-2023
4725,2093,5:33:29 PM,113,04-02-2023
4726,2093,5:33:29 PM,123,04-02-2023
4727,2094,5:35:45 PM,109,04-02-2023
4728,2094,5:35:45 PM,127,04-02-2023
4729,2095,5:49:55 PM,101,04-02-2023
4730,2095,5:49:55 PM,102,04-02-2023
4731,2095,5:49:55 PM,110,04-02-2023
4732,2095,5:49:55 PM,105,04-02-2023
4733,2096,6:11:16 PM,112,04-02-2023
4734,2097,6:13:32 PM,125,04-02-2023
4735,2097,6:13:32 PM,105,04-02-2023
4736,2097,6:13:32 PM,NULL,04-02-2023
4737,2098,6:16:27 PM,108,04-02-2023
4738,2098,6:16:27 PM,124,04-02-2023
4739,2099,6:44:17 PM,113,04-02-2023
4740,2100,6:46:03 PM,108,04-02-2023
4741,2100,6:46:03 PM,117,04-02-2023
4742,2101,7:27:08 PM,115,04-02-2023
4743,2101,7:27:08 PM,108,04-02-2023
4744,2101,7:27:08 PM,117,04-02-2023
4745,2102,7:30:52 PM,107,04-02-2023
4746,2102,7:30:52 PM,127,04-02-2023
4747,2102,7:30:52 PM,129,04-02-2023
4748,2103,7:38:28 PM,101,04-02-2023
4749,2103,7:38:28 PM,116,04-02-2023
4750,2103,7:38:28 PM,102,04-02-2023
4751,2103,7:38:28 PM,105,04-02-2023
4752,2104,8:09:43 PM,124,04-02-2023
4753,2104,8:09:43 PM,129,04-02-2023
4754,2104,8:09:43 PM,105,04-02-2023
4755,2105,8:22:27 PM,125,04-02-2023
4756,2106,8:54:54 PM,131,04-02-2023
4757,2106,8:54:54 PM,114,04-02-2023
4758,2107,9:01:41 PM,128,04-02-2023
4759,2107,9:01:41 PM,118,04-02-2023
4760,2108,9:05:07 PM,102,04-02-2023
4761,2108,9:05:07 PM,124,04-02-2023
4762,2108,9:05:07 PM,131,04-02-2023
4763,2108,9:05:07 PM,123,04-02-2023
4764,2109,9:13:14 PM,102,04-02-2023
4765,2109,9:13:14 PM,113,04-02-2023
4766,2110,9:16:34 PM,111,04-02-2023
4767,2110,9:16:34 PM,119,04-02-2023
4768,2111,9:28:44 PM,101,04-02-2023
4769,2111,9:28:44 PM,103,04-02-2023
4770,2111,9:28:44 PM,110,04-02-2023
4771,2111,9:28:44 PM,113,04-02-2023
4772,2112,10:07:51 PM,101,04-02-2023
4773,2113,10:16:08 PM,103,04-02-2023
4774,2113,10:16:08 PM,129,04-02-2023
4775,2114,10:26:28 PM,108,04-02-2023
4776,2115,11:15:19 AM,107,05-02-2023
4777,2115,11:15:19 AM,109,05-02-2023
4778,2115,11:15:19 AM,113,05-02-2023
4779,2115,11:15:19 AM,105,05-02-2023
4780,2116,12:11:52 PM,129,05-02-2023
4781,2117,12:20:33 PM,120,05-02-2023
4782,2118,12:24:57 PM,102,05-02-2023
4783,2118,12:24:57 PM,105,05-02-2023
4784,2118,12:24:57 PM,105,05-02-2023
4785,2119,12:30:46 PM,111,05-02-2023
4786,2120,12:47:12 PM,114,05-02-2023
4787,2121,12:50:51 PM,114,05-02-2023
4788,2122,12:52:55 PM,110,05-02-2023
4789,2122,12:52:55 PM,110,05-02-2023
4790,2123,12:54:56 PM,122,05-02-2023
4791,2124,12:56:27 PM,117,05-02-2023
4792,2124,12:56:27 PM,129,05-02-2023
4793,2124,12:56:27 PM,120,05-02-2023
4794,2124,12:56:27 PM,120,05-02-2023
4795,2124,12:56:27 PM,121,05-02-2023
4796,2125,1:06:10 PM,109,05-02-2023
4797,2126,1:31:29 PM,101,05-02-2023
4798,2126,1:31:29 PM,101,05-02-2023
4799,2126,1:31:29 PM,104,05-02-2023
4800,2126,1:31:29 PM,125,05-02-2023
4801,2126,1:31:29 PM,126,05-02-2023
4802,2126,1:31:29 PM,109,05-02-2023
4803,2126,1:31:29 PM,128,05-02-2023
4804,2126,1:31:29 PM,111,05-02-2023
4805,2126,1:31:29 PM,113,05-02-2023
4806,2126,1:31:29 PM,118,05-02-2023
4807,2126,1:31:29 PM,119,05-02-2023
4808,2126,1:31:29 PM,120,05-02-2023
4809,2126,1:31:29 PM,132,05-02-2023
4810,2127,1:42:16 PM,108,05-02-2023
4811,2128,1:42:50 PM,108,05-02-2023
4812,2128,1:42:50 PM,120,05-02-2023
4813,2129,1:48:38 PM,125,05-02-2023
4814,2129,1:48:38 PM,109,05-02-2023
4815,2129,1:48:38 PM,117,05-02-2023
4816,2129,1:48:38 PM,131,05-02-2023
4817,2130,2:17:14 PM,122,05-02-2023
4818,2131,2:17:24 PM,116,05-02-2023
4819,2132,2:18:04 PM,115,05-02-2023
4820,2132,2:18:04 PM,109,05-02-2023
4821,2132,2:18:04 PM,111,05-02-2023
4822,2132,2:18:04 PM,114,05-02-2023
4823,2133,2:18:52 PM,131,05-02-2023
4824,2134,2:36:32 PM,110,05-02-2023
4825,2134,2:36:32 PM,113,05-02-2023
4826,2134,2:36:32 PM,131,05-02-2023
4827,2135,2:38:28 PM,107,05-02-2023
4828,2135,2:38:28 PM,125,05-02-2023
4829,2135,2:38:28 PM,126,05-02-2023
4830,2136,2:54:49 PM,102,05-02-2023
4831,2136,2:54:49 PM,108,05-02-2023
4832,2136,2:54:49 PM,111,05-02-2023
4833,2137,3:00:15 PM,116,05-02-2023
4834,2137,3:00:15 PM,102,05-02-2023
4835,2137,3:00:15 PM,109,05-02-2023
4836,2138,3:08:13 PM,109,05-02-2023
4837,2138,3:08:13 PM,132,05-02-2023
4838,2139,3:41:58 PM,125,05-02-2023
4839,2140,4:55:35 PM,130,05-02-2023
4840,2141,5:00:13 PM,112,05-02-2023
4841,2142,5:36:09 PM,101,05-02-2023
4842,2142,5:36:09 PM,123,05-02-2023
4843,2143,5:44:52 PM,108,05-02-2023
4844,2143,5:44:52 PM,108,05-02-2023
4845,2143,5:44:52 PM,108,05-02-2023
4846,2143,5:44:52 PM,113,05-02-2023
4847,2144,5:48:08 PM,102,05-02-2023
4848,2144,5:48:08 PM,105,05-02-2023
4849,2145,5:57:12 PM,111,05-02-2023
4850,2145,5:57:12 PM,131,05-02-2023
4851,2146,6:04:19 PM,126,05-02-2023
4852,2146,6:04:19 PM,117,05-02-2023
4853,2147,6:11:25 PM,124,05-02-2023
4854,2147,6:11:25 PM,113,05-02-2023
4855,2147,6:11:25 PM,113,05-02-2023
4856,2147,6:11:25 PM,123,05-02-2023
4857,2148,6:15:37 PM,117,05-02-2023
4858,2148,6:15:37 PM,119,05-02-2023
4859,2149,6:19:51 PM,117,05-02-2023
4860,2150,6:22:25 PM,110,05-02-2023
4861,2151,6:22:28 PM,101,05-02-2023
4862,2151,6:22:28 PM,130,05-02-2023
4863,2152,6:35:11 PM,110,05-02-2023
4864,2152,6:35:11 PM,118,05-02-2023
4865,2153,6:38:01 PM,109,05-02-2023
4866,2153,6:38:01 PM,122,05-02-2023
4867,2154,6:55:27 PM,101,05-02-2023
4868,2154,6:55:27 PM,116,05-02-2023
4869,2155,6:59:56 PM,117,05-02-2023
4870,2155,6:59:56 PM,106,05-02-2023
4871,2156,7:29:29 PM,117,05-02-2023
4872,2156,7:29:29 PM,129,05-02-2023
4873,2156,7:29:29 PM,121,05-02-2023
4874,2157,7:39:29 PM,110,05-02-2023
4875,2157,7:39:29 PM,105,05-02-2023
4876,2158,7:49:47 PM,117,05-02-2023
4877,2158,7:49:47 PM,113,05-02-2023
4878,2159,7:55:12 PM,107,05-02-2023
4879,2159,7:55:12 PM,102,05-02-2023
4880,2159,7:55:12 PM,108,05-02-2023
4881,2159,7:55:12 PM,109,05-02-2023
4882,2160,8:01:50 PM,113,05-02-2023
4883,2161,8:10:24 PM,101,05-02-2023
4884,2161,8:10:24 PM,118,05-02-2023
4885,2162,8:15:06 PM,108,05-02-2023
4886,2162,8:15:06 PM,105,05-02-2023
4887,2163,8:18:08 PM,115,05-02-2023
4888,2163,8:18:08 PM,123,05-02-2023
4889,2164,8:23:49 PM,103,05-02-2023
4890,2165,8:29:51 PM,102,05-02-2023
4891,2165,8:29:51 PM,105,05-02-2023
4892,2166,8:41:36 PM,132,05-02-2023
4893,2167,8:56:14 PM,122,05-02-2023
4894,2168,8:59:08 PM,119,05-02-2023
4895,2169,9:23:02 PM,119,05-02-2023
4896,2169,9:23:02 PM,132,05-02-2023
4897,2170,9:34:23 PM,124,05-02-2023
4898,2171,9:48:24 PM,119,05-02-2023
4899,2172,9:51:44 PM,115,05-02-2023
4900,2172,9:51:44 PM,125,05-02-2023
4901,2172,9:51:44 PM,120,05-02-2023
4902,2172,9:51:44 PM,120,05-02-2023
4903,2173,9:56:42 PM,107,05-02-2023
4904,2174,10:00:17 PM,118,05-02-2023
4905,2174,10:00:17 PM,120,05-02-2023
4906,2174,10:00:17 PM,121,05-02-2023
4907,2174,10:00:17 PM,105,05-02-2023
4908,2175,11:16:08 AM,124,06-02-2023
4909,2176,11:18:53 AM,116,06-02-2023
4910,2177,11:25:48 AM,116,06-02-2023
4911,2177,11:25:48 AM,113,06-02-2023
4912,2178,11:32:25 AM,109,06-02-2023
4913,2179,11:54:09 AM,113,06-02-2023
4914,2180,11:59:14 AM,108,06-02-2023
4915,2180,11:59:14 AM,130,06-02-2023
4916,2181,12:06:15 PM,125,06-02-2023
4917,2181,12:06:15 PM,125,06-02-2023
4918,2182,12:22:30 PM,107,06-02-2023
4919,2182,12:22:30 PM,102,06-02-2023
4920,2182,12:22:30 PM,108,06-02-2023
4921,2182,12:22:30 PM,125,06-02-2023
4922,2182,12:22:30 PM,109,06-02-2023
4923,2182,12:22:30 PM,110,06-02-2023
4924,2182,12:22:30 PM,117,06-02-2023
4925,2182,12:22:30 PM,118,06-02-2023
4926,2182,12:22:30 PM,120,06-02-2023
4927,2183,12:25:17 PM,101,06-02-2023
4928,2183,12:25:17 PM,104,06-02-2023
4929,2183,12:25:17 PM,111,06-02-2023
4930,2183,12:25:17 PM,105,06-02-2023
4931,2184,12:40:25 PM,107,06-02-2023
4932,2184,12:40:25 PM,115,06-02-2023
4933,2184,12:40:25 PM,108,06-02-2023
4934,2185,12:54:25 PM,103,06-02-2023
4935,2186,1:03:16 PM,112,06-02-2023
4936,2187,1:10:13 PM,116,06-02-2023
4937,2187,1:10:13 PM,124,06-02-2023
4938,2187,1:10:13 PM,120,06-02-2023
4939,2187,1:10:13 PM,105,06-02-2023
4940,2187,1:10:13 PM,114,06-02-2023
4941,2188,1:13:33 PM,116,06-02-2023
4942,2188,1:13:33 PM,108,06-02-2023
4943,2188,1:13:33 PM,124,06-02-2023
4944,2188,1:13:33 PM,109,06-02-2023
4945,2188,1:13:33 PM,109,06-02-2023
4946,2188,1:13:33 PM,127,06-02-2023
4947,2188,1:13:33 PM,128,06-02-2023
4948,2188,1:13:33 PM,112,06-02-2023
4949,2188,1:13:33 PM,112,06-02-2023
4950,2188,1:13:33 PM,113,06-02-2023
4951,2188,1:13:33 PM,121,06-02-2023
4952,2188,1:13:33 PM,122,06-02-2023
4953,2188,1:13:33 PM,131,06-02-2023
4954,2189,1:14:59 PM,103,06-02-2023
4955,2189,1:14:59 PM,119,06-02-2023
4956,2190,1:19:45 PM,107,06-02-2023
4957,2190,1:19:45 PM,111,06-02-2023
4958,2191,1:19:59 PM,112,06-02-2023
4959,2191,1:19:59 PM,131,06-02-2023
4960,2191,1:19:59 PM,106,06-02-2023
4961,2192,1:20:41 PM,106,06-02-2023
4962,2193,1:21:21 PM,125,06-02-2023
4963,2193,1:21:21 PM,109,06-02-2023
4964,2193,1:21:21 PM,118,06-02-2023
4965,2193,1:21:21 PM,119,06-02-2023
4966,2194,1:22:11 PM,102,06-02-2023
4967,2194,1:22:11 PM,108,06-02-2023
4968,2195,1:39:29 PM,108,06-02-2023
4969,2195,1:39:29 PM,118,06-02-2023
4970,2195,1:39:29 PM,123,06-02-2023
4971,2196,1:45:32 PM,105,06-02-2023
4972,2197,2:01:18 PM,109,06-02-2023
4973,2197,2:01:18 PM,111,06-02-2023
4974,2198,2:13:09 PM,102,06-02-2023
4975,2198,2:13:09 PM,108,06-02-2023
4976,2198,2:13:09 PM,126,06-02-2023
4977,2198,2:13:09 PM,110,06-02-2023
4978,2199,2:36:06 PM,120,06-02-2023
4979,2200,3:21:45 PM,130,06-02-2023
4980,2201,3:24:02 PM,128,06-02-2023
4981,2202,3:31:14 PM,111,06-02-2023
4982,2202,3:31:14 PM,131,06-02-2023
4983,2203,4:11:41 PM,101,06-02-2023
4984,2203,4:11:41 PM,129,06-02-2023
4985,2203,4:11:41 PM,105,06-02-2023
4986,2203,4:11:41 PM,131,06-02-2023
4987,2204,4:28:46 PM,130,06-02-2023
4988,2205,4:39:28 PM,101,06-02-2023
4989,2205,4:39:28 PM,117,06-02-2023
4990,2206,4:59:29 PM,107,06-02-2023
4991,2206,4:59:29 PM,102,06-02-2023
4992,2206,4:59:29 PM,112,06-02-2023
4993,2207,5:00:57 PM,106,06-02-2023
4994,2208,5:10:44 PM,107,06-02-2023
4995,2208,5:10:44 PM,109,06-02-2023
4996,2209,5:11:37 PM,105,06-02-2023
4997,2209,5:11:37 PM,122,06-02-2023
4998,2209,5:11:37 PM,132,06-02-2023
4999,2210,5:24:07 PM,108,06-02-2023
5000,2211,5:30:36 PM,126,06-02-2023
5001,2211,5:30:36 PM,111,06-02-2023
5002,2212,5:52:48 PM,113,06-02-2023
5003,2213,5:53:26 PM,124,06-02-2023
5004,2213,5:53:26 PM,106,06-02-2023
5005,2214,5:57:31 PM,120,06-02-2023
5006,2214,5:57:31 PM,122,06-02-2023
5007,2215,6:07:53 PM,109,06-02-2023
5008,2215,6:07:53 PM,122,06-02-2023
5009,2216,6:10:26 PM,117,06-02-2023
5010,2216,6:10:26 PM,120,06-02-2023
5011,2217,6:21:44 PM,101,06-02-2023
5012,2217,6:21:44 PM,118,06-02-2023
5013,2217,6:21:44 PM,120,06-02-2023
5014,2218,6:29:00 PM,130,06-02-2023
5015,2218,6:29:00 PM,131,06-02-2023
5016,2219,6:41:54 PM,128,06-02-2023
5017,2219,6:41:54 PM,132,06-02-2023
5018,2220,6:46:32 PM,128,06-02-2023
5019,2221,6:47:16 PM,116,06-02-2023
5020,2221,6:47:16 PM,105,06-02-2023
5021,2221,6:47:16 PM,106,06-02-2023
5022,2221,6:47:16 PM,132,06-02-2023
5023,2222,6:51:55 PM,101,06-02-2023
5024,2222,6:51:55 PM,116,06-02-2023
5025,2222,6:51:55 PM,120,06-02-2023
5026,2223,7:02:30 PM,NULL,06-02-2023
5027,2224,7:02:49 PM,117,06-02-2023
5028,2225,7:23:26 PM,120,06-02-2023
5029,2226,7:29:57 PM,102,06-02-2023
5030,2226,7:29:57 PM,113,06-02-2023
5031,2226,7:29:57 PM,122,06-02-2023
5032,2227,7:43:48 PM,132,06-02-2023
5033,2228,8:04:33 PM,111,06-02-2023
5034,2228,8:04:33 PM,130,06-02-2023
5035,2229,8:16:54 PM,102,06-02-2023
5036,2229,8:16:54 PM,109,06-02-2023
5037,2229,8:16:54 PM,112,06-02-2023
5038,2230,8:41:12 PM,108,06-02-2023
5039,2231,8:42:58 PM,131,06-02-2023
5040,2232,8:50:02 PM,101,06-02-2023
5041,2232,8:50:02 PM,124,06-02-2023
5042,2232,8:50:02 PM,117,06-02-2023
5043,2233,9:07:01 PM,109,06-02-2023
5044,2234,9:17:17 PM,107,06-02-2023
5045,2234,9:17:17 PM,124,06-02-2023
5046,2234,9:17:17 PM,117,06-02-2023
5047,2234,9:17:17 PM,132,06-02-2023
5048,2235,9:26:37 PM,111,06-02-2023
5049,2235,9:26:37 PM,118,06-02-2023
5050,2236,9:32:03 PM,104,06-02-2023
5051,2236,9:32:03 PM,118,06-02-2023
5052,2236,9:32:03 PM,130,06-02-2023
5053,2237,9:37:09 PM,102,06-02-2023
5054,2237,9:37:09 PM,109,06-02-2023
5055,2237,9:37:09 PM,122,06-02-2023
5056,2238,9:38:28 PM,114,06-02-2023
5057,2239,10:09:09 PM,108,06-02-2023
5058,2240,10:22:17 PM,115,06-02-2023
5059,2240,10:22:17 PM,130,06-02-2023
5060,2241,11:40:43 AM,109,07-02-2023
5061,2241,11:40:43 AM,131,07-02-2023
5062,2241,11:40:43 AM,106,07-02-2023
5063,2242,11:57:32 AM,107,07-02-2023
5064,2242,11:57:32 AM,102,07-02-2023
5065,2242,11:57:32 AM,110,07-02-2023
5066,2242,11:57:32 AM,117,07-02-2023
5067,2242,11:57:32 AM,129,07-02-2023
5068,2243,12:22:59 PM,101,07-02-2023
5069,2243,12:22:59 PM,104,07-02-2023
5070,2244,12:24:36 PM,132,07-02-2023
5071,2245,12:30:31 PM,122,07-02-2023
5072,2246,12:52:30 PM,102,07-02-2023
5073,2246,12:52:30 PM,108,07-02-2023
5074,2247,1:15:55 PM,120,07-02-2023
5075,2248,1:22:06 PM,103,07-02-2023
5076,2248,1:22:06 PM,105,07-02-2023
5077,2249,1:24:15 PM,130,07-02-2023
5078,2250,1:31:14 PM,119,07-02-2023
5079,2251,1:58:00 PM,106,07-02-2023
5080,2251,1:58:00 PM,114,07-02-2023
5081,2252,2:32:17 PM,107,07-02-2023
5082,2252,2:32:17 PM,132,07-02-2023
5083,2253,2:54:01 PM,101,07-02-2023
5084,2254,3:00:58 PM,101,07-02-2023
5085,2254,3:00:58 PM,115,07-02-2023
5086,2254,3:00:58 PM,108,07-02-2023
5087,2254,3:00:58 PM,117,07-02-2023
5088,2254,3:00:58 PM,117,07-02-2023
5089,2254,3:00:58 PM,127,07-02-2023
5090,2254,3:00:58 PM,120,07-02-2023
5091,2254,3:00:58 PM,106,07-02-2023
5092,2254,3:00:58 PM,132,07-02-2023
5093,2255,3:15:54 PM,107,07-02-2023
5094,2255,3:15:54 PM,108,07-02-2023
5095,2255,3:15:54 PM,122,07-02-2023
5096,2256,3:22:04 PM,125,07-02-2023
5097,2256,3:22:04 PM,113,07-02-2023
5098,2256,3:22:04 PM,106,07-02-2023
5099,2256,3:22:04 PM,132,07-02-2023
5100,2257,3:28:55 PM,107,07-02-2023
5101,2257,3:28:55 PM,117,07-02-2023
5102,2257,3:28:55 PM,106,07-02-2023
5103,2258,3:34:05 PM,NULL,07-02-2023
5104,2259,3:41:25 PM,119,07-02-2023
5105,2260,3:43:28 PM,101,07-02-2023
5106,2260,3:43:28 PM,115,07-02-2023
5107,2260,3:43:28 PM,130,07-02-2023
5108,2260,3:43:28 PM,131,07-02-2023
5109,2261,3:48:00 PM,110,07-02-2023
5110,2262,4:36:54 PM,125,07-02-2023
5111,2262,4:36:54 PM,119,07-02-2023
5112,2263,4:42:45 PM,102,07-02-2023
5113,2263,4:42:45 PM,122,07-02-2023
5114,2264,4:46:03 PM,110,07-02-2023
5115,2264,4:46:03 PM,131,07-02-2023
5116,2265,5:05:42 PM,101,07-02-2023
5117,2265,5:05:42 PM,126,07-02-2023
5118,2265,5:05:42 PM,109,07-02-2023
5119,2265,5:05:42 PM,132,07-02-2023
5120,2266,5:20:38 PM,131,07-02-2023
5121,2267,5:22:30 PM,103,07-02-2023
5122,2267,5:22:30 PM,108,07-02-2023
5123,2267,5:22:30 PM,121,07-02-2023
5124,2268,5:27:05 PM,105,07-02-2023
5125,2269,5:40:20 PM,107,07-02-2023
5126,2269,5:40:20 PM,117,07-02-2023
5127,2270,5:57:15 PM,120,07-02-2023
5128,2270,5:57:15 PM,106,07-02-2023
5129,2271,6:09:56 PM,105,07-02-2023
5130,2272,6:17:46 PM,104,07-02-2023
5131,2272,6:17:46 PM,127,07-02-2023
5132,2272,6:17:46 PM,118,07-02-2023
5133,2272,6:17:46 PM,131,07-02-2023
5134,2273,6:31:29 PM,107,07-02-2023
5135,2273,6:31:29 PM,116,07-02-2023
5136,2273,6:31:29 PM,110,07-02-2023
5137,2274,6:35:51 PM,132,07-02-2023
5138,2275,6:42:49 PM,108,07-02-2023
5139,2275,6:42:49 PM,109,07-02-2023
5140,2276,6:44:16 PM,103,07-02-2023
5141,2277,6:53:49 PM,116,07-02-2023
5142,2277,6:53:49 PM,125,07-02-2023
5143,2277,6:53:49 PM,125,07-02-2023
5144,2277,6:53:49 PM,121,07-02-2023
5145,2278,7:02:51 PM,131,07-02-2023
5146,2278,7:02:51 PM,132,07-02-2023
5147,2279,7:13:49 PM,125,07-02-2023
5148,2280,7:14:00 PM,117,07-02-2023
5149,2280,7:14:00 PM,113,07-02-2023
5150,2280,7:14:00 PM,119,07-02-2023
5151,2280,7:14:00 PM,131,07-02-2023
5152,2281,7:15:58 PM,131,07-02-2023
5153,2282,7:33:21 PM,114,07-02-2023
5154,2283,7:34:04 PM,103,07-02-2023
5155,2283,7:34:04 PM,124,07-02-2023
5156,2283,7:34:04 PM,126,07-02-2023
5157,2283,7:34:04 PM,129,07-02-2023
5158,2284,7:35:53 PM,102,07-02-2023
5159,2284,7:35:53 PM,108,07-02-2023
5160,2284,7:35:53 PM,110,07-02-2023
5161,2285,7:38:29 PM,117,07-02-2023
5162,2286,7:42:45 PM,110,07-02-2023
5163,2287,8:13:16 PM,117,07-02-2023
5164,2288,8:20:41 PM,106,07-02-2023
5165,2289,8:29:43 PM,102,07-02-2023
5166,2289,8:29:43 PM,119,07-02-2023
5167,2289,8:29:43 PM,120,07-02-2023
5168,2289,8:29:43 PM,131,07-02-2023
5169,2290,8:47:23 PM,110,07-02-2023
5170,2291,8:55:05 PM,102,07-02-2023
5171,2291,8:55:05 PM,102,07-02-2023
5172,2291,8:55:05 PM,124,07-02-2023
5173,2292,8:57:53 PM,108,07-02-2023
5174,2292,8:57:53 PM,113,07-02-2023
5175,2292,8:57:53 PM,119,07-02-2023
5176,2292,8:57:53 PM,105,07-02-2023
5177,2293,9:14:52 PM,101,07-02-2023
5178,2293,9:14:52 PM,122,07-02-2023
5179,2294,9:16:09 PM,119,07-02-2023
5180,2295,9:21:53 PM,119,07-02-2023
5181,2296,9:24:01 PM,102,07-02-2023
5182,2296,9:24:01 PM,117,07-02-2023
5183,2296,9:24:01 PM,105,07-02-2023
5184,2296,9:24:01 PM,122,07-02-2023
5185,2297,9:35:12 PM,126,07-02-2023
5186,2298,9:40:33 PM,104,07-02-2023
5187,2298,9:40:33 PM,108,07-02-2023
5188,2298,9:40:33 PM,105,07-02-2023
5189,2298,9:40:33 PM,106,07-02-2023
5190,2299,9:55:00 PM,119,07-02-2023
5191,2299,9:55:00 PM,114,07-02-2023
5192,2300,9:59:07 PM,125,07-02-2023
5193,2301,10:10:57 PM,116,07-02-2023
5194,2301,10:10:57 PM,102,07-02-2023
5195,2302,11:46:15 AM,124,08-02-2023
5196,2302,11:46:15 AM,110,08-02-2023
5197,2303,12:10:20 PM,103,08-02-2023
5198,2303,12:10:20 PM,114,08-02-2023
5199,2304,12:22:04 PM,107,08-02-2023
5200,2304,12:22:04 PM,128,08-02-2023
5201,2305,12:27:40 PM,107,08-02-2023
5202,2306,12:45:27 PM,113,08-02-2023
5203,2306,12:45:27 PM,113,08-02-2023
5204,2306,12:45:27 PM,119,08-02-2023
5205,2307,12:51:06 PM,131,08-02-2023
5206,2308,1:03:37 PM,117,08-02-2023
5207,2308,1:03:37 PM,119,08-02-2023
5208,2308,1:03:37 PM,130,08-02-2023
5209,2309,1:06:36 PM,101,08-02-2023
5210,2309,1:06:36 PM,102,08-02-2023
5211,2309,1:06:36 PM,103,08-02-2023
5212,2309,1:06:36 PM,104,08-02-2023
5213,2309,1:06:36 PM,125,08-02-2023
5214,2309,1:06:36 PM,117,08-02-2023
5215,2309,1:06:36 PM,129,08-02-2023
5216,2309,1:06:36 PM,122,08-02-2023
5217,2309,1:06:36 PM,130,08-02-2023
5218,2310,1:38:04 PM,113,08-02-2023
5219,2311,1:38:52 PM,131,08-02-2023
5220,2312,2:10:27 PM,109,08-02-2023
5221,2312,2:10:27 PM,128,08-02-2023
5222,2312,2:10:27 PM,105,08-02-2023
5223,2313,2:12:59 PM,115,08-02-2023
5224,2313,2:12:59 PM,109,08-02-2023
5225,2314,2:25:11 PM,107,08-02-2023
5226,2314,2:25:11 PM,105,08-02-2023
5227,2314,2:25:11 PM,122,08-02-2023
5228,2315,2:33:52 PM,124,08-02-2023
5229,2315,2:33:52 PM,117,08-02-2023
5230,2315,2:33:52 PM,113,08-02-2023
5231,2315,2:33:52 PM,119,08-02-2023
5232,2316,2:37:47 PM,109,08-02-2023
5233,2317,2:49:35 PM,101,08-02-2023
5234,2317,2:49:35 PM,112,08-02-2023
5235,2317,2:49:35 PM,118,08-02-2023
5236,2317,2:49:35 PM,120,08-02-2023
5237,2318,3:00:00 PM,122,08-02-2023
5238,2319,3:10:49 PM,118,08-02-2023
5239,2319,3:10:49 PM,119,08-02-2023
5240,2320,3:27:41 PM,108,08-02-2023
5241,2321,3:33:33 PM,117,08-02-2023
5242,2322,3:46:13 PM,103,08-02-2023
5243,2322,3:46:13 PM,110,08-02-2023
5244,2322,3:46:13 PM,113,08-02-2023
5245,2322,3:46:13 PM,106,08-02-2023
5246,2323,4:07:18 PM,101,08-02-2023
5247,2324,4:16:21 PM,120,08-02-2023
5248,2325,4:28:32 PM,118,08-02-2023
5249,2326,4:28:40 PM,124,08-02-2023
5250,2326,4:28:40 PM,109,08-02-2023
5251,2326,4:28:40 PM,111,08-02-2023
5252,2326,4:28:40 PM,106,08-02-2023
5253,2327,4:58:21 PM,102,08-02-2023
5254,2327,4:58:21 PM,111,08-02-2023
5255,2328,5:02:47 PM,102,08-02-2023
5256,2329,5:19:00 PM,109,08-02-2023
5257,2329,5:19:00 PM,122,08-02-2023
5258,2329,5:19:00 PM,123,08-02-2023
5259,2330,5:19:54 PM,113,08-02-2023
5260,2330,5:19:54 PM,119,08-02-2023
5261,2331,5:20:08 PM,127,08-02-2023
5262,2331,5:20:08 PM,131,08-02-2023
5263,2332,5:53:01 PM,107,08-02-2023
5264,2332,5:53:01 PM,103,08-02-2023
5265,2332,5:53:01 PM,108,08-02-2023
5266,2333,6:02:00 PM,104,08-02-2023
5267,2333,6:02:00 PM,110,08-02-2023
5268,2333,6:02:00 PM,110,08-02-2023
5269,2333,6:02:00 PM,122,08-02-2023
5270,2334,6:06:04 PM,124,08-02-2023
5271,2334,6:06:04 PM,122,08-02-2023
5272,2334,6:06:04 PM,130,08-02-2023
5273,2335,6:20:27 PM,108,08-02-2023
5274,2335,6:20:27 PM,105,08-02-2023
5275,2335,6:20:27 PM,122,08-02-2023
5276,2336,6:24:31 PM,112,08-02-2023
5277,2337,6:50:18 PM,107,08-02-2023
5278,2337,6:50:18 PM,109,08-02-2023
5279,2338,6:51:54 PM,106,08-02-2023
5280,2339,6:54:41 PM,128,08-02-2023
5281,2339,6:54:41 PM,114,08-02-2023
5282,2340,6:59:56 PM,127,08-02-2023
5283,2340,6:59:56 PM,132,08-02-2023
5284,2341,7:07:53 PM,101,08-02-2023
5285,2341,7:07:53 PM,117,08-02-2023
5286,2341,7:07:53 PM,127,08-02-2023
5287,2342,7:12:49 PM,106,08-02-2023
5288,2343,7:20:14 PM,122,08-02-2023
5289,2343,7:20:14 PM,106,08-02-2023
5290,2344,8:20:37 PM,108,08-02-2023
5291,2344,8:20:37 PM,109,08-02-2023
5292,2344,8:20:37 PM,110,08-02-2023
5293,2345,8:20:51 PM,120,08-02-2023
5294,2346,8:25:39 PM,101,08-02-2023
5295,2346,8:25:39 PM,102,08-02-2023
5296,2346,8:25:39 PM,128,08-02-2023
5297,2346,8:25:39 PM,119,08-02-2023
5298,2347,8:28:32 PM,126,08-02-2023
5299,2347,8:28:32 PM,113,08-02-2023
5300,2347,8:28:32 PM,105,08-02-2023
5301,2348,8:58:36 PM,101,08-02-2023
5302,2348,8:58:36 PM,115,08-02-2023
5303,2348,8:58:36 PM,121,08-02-2023
5304,2349,8:59:06 PM,122,08-02-2023
5305,2350,9:21:37 PM,120,08-02-2023
5306,2351,9:52:14 PM,109,08-02-2023
5307,2351,9:52:14 PM,119,08-02-2023
5308,2351,9:52:14 PM,119,08-02-2023
5309,2351,9:52:14 PM,123,08-02-2023
5310,2352,10:21:27 PM,112,08-02-2023
5311,2352,10:21:27 PM,106,08-02-2023
5312,2353,10:23:41 PM,106,08-02-2023
5313,2354,10:36:28 PM,129,08-02-2023
5314,2354,10:36:28 PM,119,08-02-2023
5315,2354,10:36:28 PM,123,08-02-2023
5316,2354,10:36:28 PM,132,08-02-2023
5317,2355,11:26:25 AM,129,09-02-2023
5318,2356,11:31:10 AM,114,09-02-2023
5319,2357,11:44:49 AM,NULL,09-02-2023
5320,2358,12:13:41 PM,102,09-02-2023
5321,2358,12:13:41 PM,117,09-02-2023
5322,2359,12:16:09 PM,132,09-02-2023
5323,2360,12:19:47 PM,102,09-02-2023
5324,2360,12:19:47 PM,120,09-02-2023
5325,2361,12:23:58 PM,113,09-02-2023
5326,2362,12:30:05 PM,125,09-02-2023
5327,2362,12:30:05 PM,111,09-02-2023
5328,2362,12:30:05 PM,105,09-02-2023
5329,2363,12:35:50 PM,108,09-02-2023
5330,2363,12:35:50 PM,119,09-02-2023
5331,2363,12:35:50 PM,120,09-02-2023
5332,2363,12:35:50 PM,106,09-02-2023
5333,2364,12:52:36 PM,101,09-02-2023
5334,2364,12:52:36 PM,109,09-02-2023
5335,2364,12:52:36 PM,117,09-02-2023
5336,2364,12:52:36 PM,127,09-02-2023
5337,2364,12:52:36 PM,127,09-02-2023
5338,2364,12:52:36 PM,127,09-02-2023
5339,2364,12:52:36 PM,119,09-02-2023
5340,2364,12:52:36 PM,120,09-02-2023
5341,2364,12:52:36 PM,132,09-02-2023
5342,2365,1:02:33 PM,109,09-02-2023
5343,2366,1:07:01 PM,117,09-02-2023
5344,2366,1:07:01 PM,106,09-02-2023
5345,2366,1:07:01 PM,106,09-02-2023
5346,2367,1:08:29 PM,112,09-02-2023
5347,2367,1:08:29 PM,131,09-02-2023
5348,2368,1:35:05 PM,105,09-02-2023
5349,2369,2:00:19 PM,107,09-02-2023
5350,2369,2:00:19 PM,102,09-02-2023
5351,2369,2:00:19 PM,124,09-02-2023
5352,2369,2:00:19 PM,117,09-02-2023
5353,2369,2:00:19 PM,113,09-02-2023
5354,2369,2:00:19 PM,118,09-02-2023
5355,2369,2:00:19 PM,120,09-02-2023
5356,2369,2:00:19 PM,105,09-02-2023
5357,2369,2:00:19 PM,105,09-02-2023
5358,2369,2:00:19 PM,106,09-02-2023
5359,2369,2:00:19 PM,114,09-02-2023
5360,2369,2:00:19 PM,NULL,09-02-2023
5361,2370,2:00:23 PM,127,09-02-2023
5362,2370,2:00:23 PM,106,09-02-2023
5363,2371,2:00:40 PM,104,09-02-2023
5364,2372,2:04:34 PM,107,09-02-2023
5365,2372,2:04:34 PM,124,09-02-2023
5366,2372,2:04:34 PM,126,09-02-2023
5367,2372,2:04:34 PM,122,09-02-2023
5368,2373,2:29:17 PM,130,09-02-2023
5369,2374,2:35:54 PM,125,09-02-2023
5370,2374,2:35:54 PM,126,09-02-2023
5371,2374,2:35:54 PM,117,09-02-2023
5372,2374,2:35:54 PM,113,09-02-2023
5373,2375,3:14:42 PM,101,09-02-2023
5374,2375,3:14:42 PM,111,09-02-2023
5375,2375,3:14:42 PM,132,09-02-2023
5376,2376,3:25:59 PM,101,09-02-2023
5377,2376,3:25:59 PM,108,09-02-2023
5378,2376,3:25:59 PM,125,09-02-2023
5379,2376,3:25:59 PM,110,09-02-2023
5380,2377,3:26:16 PM,109,09-02-2023
5381,2377,3:26:16 PM,122,09-02-2023
5382,2378,4:05:30 PM,111,09-02-2023
5383,2378,4:05:30 PM,119,09-02-2023
5384,2379,4:18:14 PM,110,09-02-2023
5385,2379,4:18:14 PM,129,09-02-2023
5386,2380,4:22:26 PM,103,09-02-2023
5387,2380,4:22:26 PM,111,09-02-2023
5388,2381,4:49:40 PM,102,09-02-2023
5389,2381,4:49:40 PM,102,09-02-2023
5390,2381,4:49:40 PM,113,09-02-2023
5391,2381,4:49:40 PM,120,09-02-2023
5392,2382,5:09:34 PM,101,09-02-2023
5393,2382,5:09:34 PM,107,09-02-2023
5394,2382,5:09:34 PM,122,09-02-2023
5395,2382,5:09:34 PM,114,09-02-2023
5396,2383,5:12:03 PM,109,09-02-2023
5397,2383,5:12:03 PM,105,09-02-2023
5398,2384,5:17:07 PM,121,09-02-2023
5399,2385,5:23:46 PM,119,09-02-2023
5400,2386,5:36:17 PM,109,09-02-2023
5401,2386,5:36:17 PM,129,09-02-2023
5402,2387,5:38:39 PM,101,09-02-2023
5403,2387,5:38:39 PM,104,09-02-2023
5404,2387,5:38:39 PM,124,09-02-2023
5405,2387,5:38:39 PM,132,09-02-2023
5406,2388,5:46:35 PM,108,09-02-2023
5407,2389,5:57:51 PM,120,09-02-2023
5408,2390,6:02:29 PM,129,09-02-2023
5409,2390,6:02:29 PM,105,09-02-2023
5410,2391,6:05:26 PM,119,09-02-2023
5411,2392,6:05:44 PM,103,09-02-2023
5412,2392,6:05:44 PM,104,09-02-2023
5413,2393,6:06:54 PM,126,09-02-2023
5414,2393,6:06:54 PM,113,09-02-2023
5415,2393,6:06:54 PM,132,09-02-2023
5416,2394,6:14:43 PM,101,09-02-2023
5417,2394,6:14:43 PM,127,09-02-2023
5418,2394,6:14:43 PM,123,09-02-2023
5419,2395,6:33:38 PM,102,09-02-2023
5420,2395,6:33:38 PM,128,09-02-2023
5421,2396,6:34:07 PM,122,09-02-2023
5422,2396,6:34:07 PM,130,09-02-2023
5423,2396,6:34:07 PM,114,09-02-2023
5424,2397,6:35:19 PM,102,09-02-2023
5425,2397,6:35:19 PM,111,09-02-2023
5426,2398,6:53:44 PM,125,09-02-2023
5427,2398,6:53:44 PM,112,09-02-2023
5428,2398,6:53:44 PM,114,09-02-2023
5429,2399,7:00:56 PM,125,09-02-2023
5430,2399,7:00:56 PM,109,09-02-2023
5431,2399,7:00:56 PM,127,09-02-2023
5432,2399,7:00:56 PM,129,09-02-2023
5433,2400,7:30:28 PM,126,09-02-2023
5434,2401,7:33:50 PM,102,09-02-2023
5435,2401,7:33:50 PM,120,09-02-2023
5436,2401,7:33:50 PM,131,09-02-2023
5437,2401,7:33:50 PM,132,09-02-2023
5438,2402,7:38:23 PM,110,09-02-2023
5439,2403,7:54:24 PM,109,09-02-2023
5440,2403,7:54:24 PM,121,09-02-2023
5441,2403,7:54:24 PM,131,09-02-2023
5442,2404,8:09:44 PM,109,09-02-2023
5443,2404,8:09:44 PM,119,09-02-2023
5444,2404,8:09:44 PM,130,09-02-2023
5445,2405,8:38:13 PM,118,09-02-2023
5446,2406,9:08:21 PM,107,09-02-2023
5447,2406,9:08:21 PM,113,09-02-2023
5448,2407,9:51:59 PM,128,09-02-2023
5449,2408,10:01:04 PM,124,09-02-2023
5450,2408,10:01:04 PM,125,09-02-2023
5451,2409,11:28:16 AM,101,10-02-2023
5452,2409,11:28:16 AM,113,10-02-2023
5453,2409,11:28:16 AM,121,10-02-2023
5454,2409,11:28:16 AM,114,10-02-2023
5455,2410,11:43:09 AM,111,10-02-2023
5456,2410,11:43:09 AM,121,10-02-2023
5457,2410,11:43:09 AM,105,10-02-2023
5458,2411,11:53:29 AM,116,10-02-2023
5459,2412,12:09:03 PM,127,10-02-2023
5460,2413,12:10:19 PM,101,10-02-2023
5461,2414,12:10:37 PM,105,10-02-2023
5462,2415,12:34:39 PM,120,10-02-2023
5463,2415,12:34:39 PM,122,10-02-2023
5464,2416,12:37:42 PM,117,10-02-2023
5465,2416,12:37:42 PM,122,10-02-2023
5466,2417,12:38:36 PM,124,10-02-2023
5467,2417,12:38:36 PM,125,10-02-2023
5468,2417,12:38:36 PM,111,10-02-2023
5469,2417,12:38:36 PM,119,10-02-2023
5470,2418,12:40:03 PM,121,10-02-2023
5471,2419,12:41:17 PM,120,10-02-2023
5472,2420,12:43:17 PM,131,10-02-2023
5473,2421,12:48:04 PM,106,10-02-2023
5474,2422,12:58:32 PM,102,10-02-2023
5475,2422,12:58:32 PM,124,10-02-2023
5476,2422,12:58:32 PM,113,10-02-2023
5477,2422,12:58:32 PM,122,10-02-2023
5478,2423,1:04:06 PM,109,10-02-2023
5479,2423,1:04:06 PM,111,10-02-2023
5480,2423,1:04:06 PM,119,10-02-2023
5481,2424,1:04:23 PM,115,10-02-2023
5482,2424,1:04:23 PM,111,10-02-2023
5483,2425,1:17:12 PM,122,10-02-2023
5484,2426,1:37:25 PM,108,10-02-2023
5485,2426,1:37:25 PM,126,10-02-2023
5486,2426,1:37:25 PM,110,10-02-2023
5487,2427,1:42:50 PM,106,10-02-2023
5488,2428,1:45:23 PM,120,10-02-2023
5489,2429,1:49:59 PM,131,10-02-2023
5490,2430,1:54:52 PM,129,10-02-2023
5491,2430,1:54:52 PM,111,10-02-2023
5492,2430,1:54:52 PM,105,10-02-2023
5493,2431,2:06:28 PM,102,10-02-2023
5494,2431,2:06:28 PM,125,10-02-2023
5495,2431,2:06:28 PM,117,10-02-2023
5496,2431,2:06:28 PM,127,10-02-2023
5497,2431,2:06:28 PM,111,10-02-2023
5498,2431,2:06:28 PM,120,10-02-2023
5499,2431,2:06:28 PM,120,10-02-2023
5500,2431,2:06:28 PM,122,10-02-2023
5501,2432,2:11:49 PM,124,10-02-2023
5502,2432,2:11:49 PM,110,10-02-2023
5503,2432,2:11:49 PM,120,10-02-2023
5504,2432,2:11:49 PM,NULL,10-02-2023
5505,2433,2:23:45 PM,102,10-02-2023
5506,2433,2:23:45 PM,127,10-02-2023
5507,2433,2:23:45 PM,123,10-02-2023
5508,2434,2:25:40 PM,119,10-02-2023
5509,2435,2:28:48 PM,129,10-02-2023
5510,2436,2:58:42 PM,118,10-02-2023
5511,2436,2:58:42 PM,105,10-02-2023
5512,2437,3:01:08 PM,126,10-02-2023
5513,2437,3:01:08 PM,120,10-02-2023
5514,2438,3:31:30 PM,120,10-02-2023
5515,2439,4:43:26 PM,111,10-02-2023
5516,2439,4:43:26 PM,121,10-02-2023
5517,2440,4:43:55 PM,108,10-02-2023
5518,2440,4:43:55 PM,127,10-02-2023
5519,2440,4:43:55 PM,113,10-02-2023
5520,2441,4:49:23 PM,122,10-02-2023
5521,2442,4:49:38 PM,101,10-02-2023
5522,2442,4:49:38 PM,115,10-02-2023
5523,2442,4:49:38 PM,112,10-02-2023
5524,2443,4:54:05 PM,102,10-02-2023
5525,2444,5:02:57 PM,125,10-02-2023
5526,2444,5:02:57 PM,113,10-02-2023
5527,2445,5:10:46 PM,107,10-02-2023
5528,2445,5:10:46 PM,124,10-02-2023
5529,2445,5:10:46 PM,129,10-02-2023
5530,2446,5:19:06 PM,104,10-02-2023
5531,2447,5:20:30 PM,125,10-02-2023
5532,2447,5:20:30 PM,130,10-02-2023
5533,2447,5:20:30 PM,123,10-02-2023
5534,2447,5:20:30 PM,106,10-02-2023
5535,2448,5:26:11 PM,112,10-02-2023
5536,2449,5:51:44 PM,132,10-02-2023
5537,2450,5:55:50 PM,110,10-02-2023
5538,2450,5:55:50 PM,122,10-02-2023
5539,2451,5:58:53 PM,113,10-02-2023
5540,2451,5:58:53 PM,105,10-02-2023
5541,2452,6:09:01 PM,108,10-02-2023
5542,2452,6:09:01 PM,128,10-02-2023
5543,2452,6:09:01 PM,132,10-02-2023
5544,2453,6:51:01 PM,126,10-02-2023
5545,2454,7:00:37 PM,117,10-02-2023
5546,2454,7:00:37 PM,106,10-02-2023
5547,2455,7:07:28 PM,129,10-02-2023
5548,2455,7:07:28 PM,118,10-02-2023
5549,2455,7:07:28 PM,131,10-02-2023
5550,2455,7:07:28 PM,114,10-02-2023
5551,2456,7:19:00 PM,126,10-02-2023
5552,2456,7:19:00 PM,110,10-02-2023
5553,2456,7:19:00 PM,112,10-02-2023
5554,2456,7:19:00 PM,113,10-02-2023
5555,2457,8:01:34 PM,111,10-02-2023
5556,2458,8:09:17 PM,125,10-02-2023
5557,2458,8:09:17 PM,113,10-02-2023
5558,2458,8:09:17 PM,105,10-02-2023
5559,2458,8:09:17 PM,132,10-02-2023
5560,2459,8:12:30 PM,104,10-02-2023
5561,2459,8:12:30 PM,121,10-02-2023
5562,2460,8:13:13 PM,111,10-02-2023
5563,2461,8:14:23 PM,108,10-02-2023
5564,2462,8:18:10 PM,101,10-02-2023
5565,2462,8:18:10 PM,101,10-02-2023
5566,2463,8:20:20 PM,110,10-02-2023
5567,2463,8:20:20 PM,120,10-02-2023
5568,2464,8:20:24 PM,127,10-02-2023
5569,2465,8:33:37 PM,115,10-02-2023
5570,2465,8:33:37 PM,120,10-02-2023
5571,2466,9:11:59 PM,117,10-02-2023
5572,2467,9:35:04 PM,132,10-02-2023
5573,2468,11:44:12 AM,130,11-02-2023
5574,2469,11:44:58 AM,110,11-02-2023
5575,2470,11:46:05 AM,125,11-02-2023
5576,2470,11:46:05 AM,113,11-02-2023
5577,2471,11:48:07 AM,107,11-02-2023
5578,2471,11:48:07 AM,102,11-02-2023
5579,2471,11:48:07 AM,102,11-02-2023
5580,2471,11:48:07 AM,108,11-02-2023
5581,2471,11:48:07 AM,125,11-02-2023
5582,2471,11:48:07 AM,125,11-02-2023
5583,2471,11:48:07 AM,109,11-02-2023
5584,2471,11:48:07 AM,105,11-02-2023
5585,2472,11:53:20 AM,108,11-02-2023
5586,2473,12:00:54 PM,123,11-02-2023
5587,2474,12:02:54 PM,103,11-02-2023
5588,2475,12:08:37 PM,118,11-02-2023
5589,2476,12:11:27 PM,125,11-02-2023
5590,2476,12:11:27 PM,109,11-02-2023
5591,2477,12:20:06 PM,103,11-02-2023
5592,2477,12:20:06 PM,106,11-02-2023
5593,2478,12:27:39 PM,113,11-02-2023
5594,2478,12:27:39 PM,105,11-02-2023
5595,2479,12:35:27 PM,101,11-02-2023
5596,2479,12:35:27 PM,108,11-02-2023
5597,2479,12:35:27 PM,108,11-02-2023
5598,2479,12:35:27 PM,114,11-02-2023
5599,2479,12:35:27 PM,132,11-02-2023
5600,2480,12:42:27 PM,113,11-02-2023
5601,2481,12:54:36 PM,108,11-02-2023
5602,2481,12:54:36 PM,123,11-02-2023
5603,2482,12:55:29 PM,119,11-02-2023
5604,2483,12:56:55 PM,113,11-02-2023
5605,2484,1:14:20 PM,129,11-02-2023
5606,2485,1:22:08 PM,124,11-02-2023
5607,2485,1:22:08 PM,117,11-02-2023
5608,2485,1:22:08 PM,129,11-02-2023
5609,2485,1:22:08 PM,113,11-02-2023
5610,2486,1:30:45 PM,102,11-02-2023
5611,2486,1:30:45 PM,103,11-02-2023
5612,2486,1:30:45 PM,122,11-02-2023
5613,2486,1:30:45 PM,131,11-02-2023
5614,2487,1:34:18 PM,NULL,11-02-2023
5615,2488,1:43:20 PM,101,11-02-2023
5616,2488,1:43:20 PM,117,11-02-2023
5617,2488,1:43:20 PM,118,11-02-2023
5618,2488,1:43:20 PM,106,11-02-2023
5619,2489,1:52:56 PM,108,11-02-2023
5620,2490,1:58:36 PM,104,11-02-2023
5621,2491,2:00:00 PM,124,11-02-2023
5622,2491,2:00:00 PM,109,11-02-2023
5623,2491,2:00:00 PM,112,11-02-2023
5624,2491,2:00:00 PM,121,11-02-2023
5625,2491,2:00:00 PM,105,11-02-2023
5626,2491,2:00:00 PM,106,11-02-2023
5627,2492,2:20:32 PM,101,11-02-2023
5628,2493,2:40:54 PM,107,11-02-2023
5629,2493,2:40:54 PM,104,11-02-2023
5630,2494,2:41:21 PM,102,11-02-2023
5631,2495,2:50:55 PM,109,11-02-2023
5632,2496,3:02:30 PM,125,11-02-2023
5633,2496,3:02:30 PM,125,11-02-2023
5634,2496,3:02:30 PM,127,11-02-2023
5635,2497,3:12:46 PM,116,11-02-2023
5636,2497,3:12:46 PM,125,11-02-2023
5637,2497,3:12:46 PM,129,11-02-2023
5638,2497,3:12:46 PM,113,11-02-2023
5639,2498,3:23:21 PM,108,11-02-2023
5640,2499,4:34:30 PM,122,11-02-2023
5641,2500,5:00:13 PM,124,11-02-2023
5642,2501,5:00:41 PM,105,11-02-2023
5643,2502,5:08:01 PM,108,11-02-2023
5644,2502,5:08:01 PM,124,11-02-2023
5645,2502,5:08:01 PM,127,11-02-2023
5646,2503,5:08:24 PM,120,11-02-2023
5647,2503,5:08:24 PM,132,11-02-2023
5648,2504,5:12:25 PM,113,11-02-2023
5649,2504,5:12:25 PM,119,11-02-2023
5650,2505,5:22:02 PM,117,11-02-2023
5651,2505,5:22:02 PM,128,11-02-2023
5652,2506,5:44:46 PM,104,11-02-2023
5653,2506,5:44:46 PM,108,11-02-2023
5654,2506,5:44:46 PM,125,11-02-2023
5655,2506,5:44:46 PM,113,11-02-2023
5656,2507,5:47:02 PM,104,11-02-2023
5657,2507,5:47:02 PM,126,11-02-2023
5658,2507,5:47:02 PM,109,11-02-2023
5659,2507,5:47:02 PM,120,11-02-2023
5660,2508,5:47:30 PM,126,11-02-2023
5661,2508,5:47:30 PM,109,11-02-2023
5662,2509,5:49:56 PM,117,11-02-2023
5663,2510,5:53:00 PM,116,11-02-2023
5664,2511,6:00:12 PM,109,11-02-2023
5665,2511,6:00:12 PM,129,11-02-2023
5666,2511,6:00:12 PM,113,11-02-2023
5667,2512,6:02:54 PM,107,11-02-2023
5668,2512,6:02:54 PM,109,11-02-2023
5669,2512,6:02:54 PM,129,11-02-2023
5670,2512,6:02:54 PM,120,11-02-2023
5671,2513,6:21:25 PM,120,11-02-2023
5672,2514,6:25:46 PM,109,11-02-2023
5673,2514,6:25:46 PM,105,11-02-2023
5674,2515,6:46:12 PM,103,11-02-2023
5675,2515,6:46:12 PM,112,11-02-2023
5676,2515,6:46:12 PM,120,11-02-2023
5677,2515,6:46:12 PM,132,11-02-2023
5678,2516,6:50:33 PM,102,11-02-2023
5679,2516,6:50:33 PM,126,11-02-2023
5680,2517,6:56:35 PM,130,11-02-2023
5681,2518,7:02:19 PM,116,11-02-2023
5682,2518,7:02:19 PM,118,11-02-2023
5683,2518,7:02:19 PM,131,11-02-2023
5684,2518,7:02:19 PM,123,11-02-2023
5685,2519,7:04:08 PM,113,11-02-2023
5686,2519,7:04:08 PM,122,11-02-2023
5687,2520,7:06:07 PM,127,11-02-2023
5688,2521,7:11:58 PM,113,11-02-2023
5689,2521,7:11:58 PM,120,11-02-2023
5690,2522,7:25:46 PM,125,11-02-2023
5691,2522,7:25:46 PM,111,11-02-2023
5692,2522,7:25:46 PM,121,11-02-2023
5693,2522,7:25:46 PM,106,11-02-2023
5694,2523,7:30:16 PM,125,11-02-2023
5695,2523,7:30:16 PM,128,11-02-2023
5696,2523,7:30:16 PM,106,11-02-2023
5697,2523,7:30:16 PM,132,11-02-2023
5698,2524,7:31:47 PM,124,11-02-2023
5699,2524,7:31:47 PM,125,11-02-2023
5700,2524,7:31:47 PM,112,11-02-2023
5701,2524,7:31:47 PM,106,11-02-2023
5702,2525,7:32:54 PM,126,11-02-2023
5703,2526,7:36:30 PM,107,11-02-2023
5704,2526,7:36:30 PM,125,11-02-2023
5705,2527,7:53:46 PM,101,11-02-2023
5706,2527,7:53:46 PM,127,11-02-2023
5707,2527,7:53:46 PM,130,11-02-2023
5708,2528,7:54:40 PM,102,11-02-2023
5709,2528,7:54:40 PM,113,11-02-2023
5710,2529,8:06:11 PM,125,11-02-2023
5711,2529,8:06:11 PM,109,11-02-2023
5712,2529,8:06:11 PM,113,11-02-2023
5713,2529,8:06:11 PM,132,11-02-2023
5714,2530,8:11:26 PM,112,11-02-2023
5715,2530,8:11:26 PM,120,11-02-2023
5716,2530,8:11:26 PM,114,11-02-2023
5717,2531,8:22:03 PM,112,11-02-2023
5718,2531,8:22:03 PM,120,11-02-2023
5719,2532,8:33:15 PM,109,11-02-2023
5720,2533,9:34:53 PM,101,11-02-2023
5721,2534,9:44:25 PM,124,11-02-2023
5722,2535,9:45:46 PM,117,11-02-2023
5723,2535,9:45:46 PM,119,11-02-2023
5724,2536,9:52:14 PM,125,11-02-2023
5725,2537,11:17:06 AM,102,12-02-2023
5726,2538,11:37:34 AM,124,12-02-2023
5727,2538,11:37:34 AM,110,12-02-2023
5728,2538,11:37:34 AM,119,12-02-2023
5729,2539,11:38:35 AM,127,12-02-2023
5730,2539,11:38:35 AM,105,12-02-2023
5731,2540,11:48:50 AM,109,12-02-2023
5732,2540,11:48:50 AM,121,12-02-2023
5733,2541,11:54:44 AM,129,12-02-2023
5734,2541,11:54:44 AM,119,12-02-2023
5735,2542,11:57:08 AM,122,12-02-2023
5736,2543,12:00:00 PM,103,12-02-2023
5737,2544,12:03:27 PM,101,12-02-2023
5738,2544,12:03:27 PM,117,12-02-2023
5739,2544,12:03:27 PM,113,12-02-2023
5740,2545,12:12:17 PM,131,12-02-2023
5741,2546,12:41:02 PM,107,12-02-2023
5742,2547,12:45:49 PM,101,12-02-2023
5743,2547,12:45:49 PM,101,12-02-2023
5744,2547,12:45:49 PM,115,12-02-2023
5745,2547,12:45:49 PM,108,12-02-2023
5746,2547,12:45:49 PM,124,12-02-2023
5747,2547,12:45:49 PM,125,12-02-2023
5748,2547,12:45:49 PM,109,12-02-2023
5749,2547,12:45:49 PM,127,12-02-2023
5750,2547,12:45:49 PM,128,12-02-2023
5751,2547,12:45:49 PM,129,12-02-2023
5752,2547,12:45:49 PM,113,12-02-2023
5753,2547,12:45:49 PM,130,12-02-2023
5754,2548,12:48:03 PM,101,12-02-2023
5755,2548,12:48:03 PM,101,12-02-2023
5756,2548,12:48:03 PM,115,12-02-2023
5757,2548,12:48:03 PM,110,12-02-2023
5758,2548,12:48:03 PM,127,12-02-2023
5759,2548,12:48:03 PM,112,12-02-2023
5760,2549,1:06:59 PM,121,12-02-2023
5761,2550,1:18:54 PM,120,12-02-2023
5762,2551,1:28:21 PM,116,12-02-2023
5763,2551,1:28:21 PM,109,12-02-2023
5764,2552,1:47:03 PM,101,12-02-2023
5765,2553,1:47:07 PM,114,12-02-2023
5766,2554,1:53:40 PM,125,12-02-2023
5767,2555,2:00:00 PM,101,12-02-2023
5768,2555,2:00:00 PM,115,12-02-2023
5769,2556,2:00:38 PM,117,12-02-2023
5770,2556,2:00:38 PM,106,12-02-2023
5771,2557,2:09:47 PM,124,12-02-2023
5772,2557,2:09:47 PM,120,12-02-2023
5773,2557,2:09:47 PM,114,12-02-2023
5774,2557,2:09:47 PM,114,12-02-2023
5775,2558,2:20:14 PM,125,12-02-2023
5776,2558,2:20:14 PM,109,12-02-2023
5777,2559,2:22:23 PM,122,12-02-2023
5778,2560,2:27:16 PM,115,12-02-2023
5779,2561,2:28:55 PM,103,12-02-2023
5780,2562,2:30:22 PM,110,12-02-2023
5781,2562,2:30:22 PM,129,12-02-2023
5782,2562,2:30:22 PM,113,12-02-2023
5783,2562,2:30:22 PM,105,12-02-2023
5784,2563,2:43:38 PM,116,12-02-2023
5785,2563,2:43:38 PM,111,12-02-2023
5786,2563,2:43:38 PM,114,12-02-2023
5787,2564,2:53:19 PM,106,12-02-2023
5788,2565,3:04:49 PM,103,12-02-2023
5789,2565,3:04:49 PM,108,12-02-2023
5790,2565,3:04:49 PM,109,12-02-2023
5791,2566,3:25:11 PM,124,12-02-2023
5792,2566,3:25:11 PM,106,12-02-2023
5793,2567,3:38:37 PM,102,12-02-2023
5794,2568,3:53:33 PM,101,12-02-2023
5795,2568,3:53:33 PM,132,12-02-2023
5796,2569,3:53:59 PM,102,12-02-2023
5797,2569,3:53:59 PM,127,12-02-2023
5798,2569,3:53:59 PM,119,12-02-2023
5799,2569,3:53:59 PM,114,12-02-2023
5800,2570,3:54:49 PM,109,12-02-2023
5801,2571,3:58:47 PM,107,12-02-2023
5802,2571,3:58:47 PM,124,12-02-2023
5803,2571,3:58:47 PM,132,12-02-2023
5804,2572,4:04:07 PM,108,12-02-2023
5805,2573,4:10:39 PM,108,12-02-2023
5806,2573,4:10:39 PM,124,12-02-2023
5807,2574,4:22:32 PM,130,12-02-2023
5808,2574,4:22:32 PM,106,12-02-2023
5809,2575,4:30:57 PM,108,12-02-2023
5810,2576,4:58:29 PM,107,12-02-2023
5811,2576,4:58:29 PM,113,12-02-2023
5812,2577,5:21:15 PM,112,12-02-2023
5813,2577,5:21:15 PM,120,12-02-2023
5814,2578,5:36:09 PM,115,12-02-2023
5815,2578,5:36:09 PM,110,12-02-2023
5816,2578,5:36:09 PM,120,12-02-2023
5817,2578,5:36:09 PM,121,12-02-2023
5818,2579,5:38:32 PM,104,12-02-2023
5819,2579,5:38:32 PM,108,12-02-2023
5820,2579,5:38:32 PM,125,12-02-2023
5821,2580,5:42:00 PM,129,12-02-2023
5822,2580,5:42:00 PM,118,12-02-2023
5823,2581,5:56:55 PM,107,12-02-2023
5824,2581,5:56:55 PM,109,12-02-2023
5825,2582,5:59:55 PM,122,12-02-2023
5826,2583,6:14:11 PM,113,12-02-2023
5827,2584,6:25:21 PM,109,12-02-2023
5828,2584,6:25:21 PM,119,12-02-2023
5829,2585,6:27:56 PM,111,12-02-2023
5830,2585,6:27:56 PM,113,12-02-2023
5831,2586,7:04:06 PM,101,12-02-2023
5832,2586,7:04:06 PM,131,12-02-2023
5833,2587,7:09:56 PM,108,12-02-2023
5834,2587,7:09:56 PM,125,12-02-2023
5835,2587,7:09:56 PM,120,12-02-2023
5836,2588,8:01:13 PM,101,12-02-2023
5837,2588,8:01:13 PM,102,12-02-2023
5838,2588,8:01:13 PM,120,12-02-2023
5839,2588,8:01:13 PM,122,12-02-2023
5840,2589,8:14:33 PM,128,12-02-2023
5841,2590,8:25:21 PM,126,12-02-2023
5842,2590,8:25:21 PM,126,12-02-2023
5843,2591,8:39:09 PM,117,12-02-2023
5844,2591,8:39:09 PM,130,12-02-2023
5845,2592,9:43:21 PM,107,12-02-2023
5846,2593,10:02:05 PM,117,12-02-2023
5847,2593,10:02:05 PM,113,12-02-2023
5848,2593,10:02:05 PM,120,12-02-2023
5849,2593,10:02:05 PM,132,12-02-2023
5850,2594,10:54:43 PM,108,12-02-2023
5851,2594,10:54:43 PM,114,12-02-2023
5852,2595,11:25:30 AM,NULL,13-02-2023
5853,2596,11:27:46 AM,103,13-02-2023
5854,2596,11:27:46 AM,129,13-02-2023
5855,2596,11:27:46 AM,119,13-02-2023
5856,2596,11:27:46 AM,122,13-02-2023
5857,2597,11:31:11 AM,104,13-02-2023
5858,2598,11:37:51 AM,111,13-02-2023
5859,2599,11:52:09 AM,121,13-02-2023
5860,2599,11:52:09 AM,132,13-02-2023
5861,2600,11:53:11 AM,104,13-02-2023
5862,2601,12:03:27 PM,107,13-02-2023
5863,2601,12:03:27 PM,116,13-02-2023
5864,2601,12:03:27 PM,119,13-02-2023
5865,2602,12:10:01 PM,102,13-02-2023
5866,2602,12:10:01 PM,103,13-02-2023
5867,2602,12:10:01 PM,103,13-02-2023
5868,2602,12:10:01 PM,125,13-02-2023
5869,2602,12:10:01 PM,117,13-02-2023
5870,2602,12:10:01 PM,113,13-02-2023
5871,2602,12:10:01 PM,119,13-02-2023
5872,2602,12:10:01 PM,120,13-02-2023
5873,2603,12:22:43 PM,101,13-02-2023
5874,2604,12:33:36 PM,101,13-02-2023
5875,2604,12:33:36 PM,127,13-02-2023
5876,2604,12:33:36 PM,113,13-02-2023
5877,2605,12:46:15 PM,120,13-02-2023
5878,2606,12:56:00 PM,101,13-02-2023
5879,2606,12:56:00 PM,102,13-02-2023
5880,2607,1:00:12 PM,111,13-02-2023
5881,2608,1:11:19 PM,122,13-02-2023
5882,2609,1:12:42 PM,101,13-02-2023
5883,2609,1:12:42 PM,107,13-02-2023
5884,2609,1:12:42 PM,109,13-02-2023
5885,2609,1:12:42 PM,127,13-02-2023
5886,2610,1:17:50 PM,113,13-02-2023
5887,2611,1:22:38 PM,124,13-02-2023
5888,2612,1:43:11 PM,101,13-02-2023
5889,2612,1:43:11 PM,107,13-02-2023
5890,2612,1:43:11 PM,116,13-02-2023
5891,2612,1:43:11 PM,102,13-02-2023
5892,2612,1:43:11 PM,126,13-02-2023
5893,2612,1:43:11 PM,110,13-02-2023
5894,2612,1:43:11 PM,111,13-02-2023
5895,2612,1:43:11 PM,120,13-02-2023
5896,2612,1:43:11 PM,122,13-02-2023
5897,2612,1:43:11 PM,123,13-02-2023
5898,2612,1:43:11 PM,123,13-02-2023
5899,2612,1:43:11 PM,106,13-02-2023
5900,2613,1:46:46 PM,107,13-02-2023
5901,2613,1:46:46 PM,110,13-02-2023
5902,2614,1:52:26 PM,NULL,13-02-2023
5903,2615,1:54:55 PM,129,13-02-2023
5904,2615,1:54:55 PM,119,13-02-2023
5905,2616,1:59:40 PM,108,13-02-2023
5906,2616,1:59:40 PM,130,13-02-2023
5907,2616,1:59:40 PM,132,13-02-2023
5908,2617,2:38:42 PM,101,13-02-2023
5909,2618,2:46:51 PM,126,13-02-2023
5910,2618,2:46:51 PM,117,13-02-2023
5911,2619,2:53:46 PM,131,13-02-2023
5912,2620,3:00:24 PM,110,13-02-2023
5913,2621,3:34:03 PM,110,13-02-2023
5914,2622,4:06:27 PM,104,13-02-2023
5915,2622,4:06:27 PM,124,13-02-2023
5916,2622,4:06:27 PM,131,13-02-2023
5917,2623,4:08:36 PM,111,13-02-2023
5918,2624,4:21:18 PM,108,13-02-2023
5919,2624,4:21:18 PM,121,13-02-2023
5920,2625,4:23:52 PM,109,13-02-2023
5921,2625,4:23:52 PM,111,13-02-2023
5922,2625,4:23:52 PM,122,13-02-2023
5923,2625,4:23:52 PM,131,13-02-2023
5924,2626,4:49:57 PM,102,13-02-2023
5925,2626,4:49:57 PM,122,13-02-2023
5926,2626,4:49:57 PM,106,13-02-2023
5927,2626,4:49:57 PM,NULL,13-02-2023
5928,2627,4:50:09 PM,113,13-02-2023
5929,2627,4:50:09 PM,105,13-02-2023
5930,2628,4:57:02 PM,107,13-02-2023
5931,2628,4:57:02 PM,126,13-02-2023
5932,2628,4:57:02 PM,113,13-02-2023
5933,2628,4:57:02 PM,NULL,13-02-2023
5934,2629,5:07:10 PM,120,13-02-2023
5935,2630,5:15:17 PM,118,13-02-2023
5936,2630,5:15:17 PM,121,13-02-2023
5937,2630,5:15:17 PM,106,13-02-2023
5938,2631,5:19:26 PM,107,13-02-2023
5939,2631,5:19:26 PM,126,13-02-2023
5940,2631,5:19:26 PM,113,13-02-2023
5941,2631,5:19:26 PM,118,13-02-2023
5942,2632,5:24:48 PM,108,13-02-2023
5943,2632,5:24:48 PM,117,13-02-2023
5944,2633,5:37:46 PM,113,13-02-2023
5945,2633,5:37:46 PM,113,13-02-2023
5946,2633,5:37:46 PM,120,13-02-2023
5947,2633,5:37:46 PM,122,13-02-2023
5948,2634,6:01:27 PM,125,13-02-2023
5949,2634,6:01:27 PM,113,13-02-2023
5950,2635,6:09:55 PM,113,13-02-2023
5951,2636,6:10:11 PM,112,13-02-2023
5952,2637,6:17:35 PM,101,13-02-2023
5953,2638,6:27:27 PM,103,13-02-2023
5954,2638,6:27:27 PM,119,13-02-2023
5955,2638,6:27:27 PM,106,13-02-2023
5956,2639,6:38:55 PM,105,13-02-2023
5957,2639,6:38:55 PM,106,13-02-2023
5958,2640,7:21:23 PM,101,13-02-2023
5959,2641,7:52:22 PM,107,13-02-2023
5960,2641,7:52:22 PM,125,13-02-2023
5961,2641,7:52:22 PM,110,13-02-2023
5962,2641,7:52:22 PM,106,13-02-2023
5963,2642,8:02:53 PM,109,13-02-2023
5964,2643,8:08:34 PM,109,13-02-2023
5965,2643,8:08:34 PM,106,13-02-2023
5966,2644,8:22:27 PM,108,13-02-2023
5967,2644,8:22:27 PM,109,13-02-2023
5968,2644,8:22:27 PM,105,13-02-2023
5969,2645,8:26:18 PM,102,13-02-2023
5970,2645,8:26:18 PM,123,13-02-2023
5971,2646,8:29:23 PM,107,13-02-2023
5972,2647,8:45:14 PM,115,13-02-2023
5973,2647,8:45:14 PM,110,13-02-2023
5974,2647,8:45:14 PM,118,13-02-2023
5975,2647,8:45:14 PM,122,13-02-2023
5976,2648,8:48:10 PM,101,13-02-2023
5977,2648,8:48:10 PM,107,13-02-2023
5978,2648,8:48:10 PM,102,13-02-2023
5979,2649,8:52:50 PM,109,13-02-2023
5980,2649,8:52:50 PM,123,13-02-2023
5981,2649,8:52:50 PM,106,13-02-2023
5982,2650,8:55:07 PM,102,13-02-2023
5983,2650,8:55:07 PM,104,13-02-2023
5984,2650,8:55:07 PM,113,13-02-2023
5985,2650,8:55:07 PM,122,13-02-2023
5986,2651,8:59:54 PM,102,13-02-2023
5987,2652,9:00:56 PM,109,13-02-2023
5988,2653,9:03:23 PM,115,13-02-2023
5989,2653,9:03:23 PM,125,13-02-2023
5990,2654,9:05:06 PM,127,13-02-2023
5991,2654,9:05:06 PM,112,13-02-2023
5992,2655,9:34:36 PM,112,13-02-2023
5993,2655,9:34:36 PM,120,13-02-2023
5994,2655,9:34:36 PM,114,13-02-2023
5995,2655,9:34:36 PM,132,13-02-2023
5996,2656,9:36:02 PM,107,13-02-2023
5997,2657,9:46:22 PM,117,13-02-2023
5998,2657,9:46:22 PM,129,13-02-2023
5999,2658,9:59:50 PM,112,13-02-2023
6000,2659,10:00:43 PM,102,13-02-2023
6001,2659,10:00:43 PM,125,13-02-2023
6002,2660,10:02:38 PM,102,13-02-2023
6003,2661,10:09:27 PM,102,13-02-2023
6004,2661,10:09:27 PM,129,13-02-2023
6005,2662,10:22:32 PM,117,13-02-2023
6006,2662,10:22:32 PM,121,13-02-2023
6007,2663,10:24:52 PM,111,13-02-2023
6008,2663,10:24:52 PM,105,13-02-2023
6009,2664,10:38:02 PM,116,13-02-2023
6010,2664,10:38:02 PM,119,13-02-2023
6011,2665,10:41:26 PM,101,13-02-2023
6012,2666,11:48:35 AM,118,14-02-2023
6013,2666,11:48:35 AM,122,14-02-2023
6014,2667,12:10:23 PM,129,14-02-2023
6015,2668,12:22:58 PM,111,14-02-2023
6016,2668,12:22:58 PM,114,14-02-2023
6017,2669,12:42:49 PM,105,14-02-2023
6018,2670,1:13:51 PM,125,14-02-2023
6019,2670,1:13:51 PM,119,14-02-2023
6020,2670,1:13:51 PM,122,14-02-2023
6021,2670,1:13:51 PM,132,14-02-2023
6022,2671,1:17:44 PM,129,14-02-2023
6023,2672,2:05:30 PM,107,14-02-2023
6024,2672,2:05:30 PM,126,14-02-2023
6025,2673,2:07:03 PM,105,14-02-2023
6026,2674,2:15:01 PM,132,14-02-2023
6027,2675,2:41:49 PM,101,14-02-2023
6028,2675,2:41:49 PM,102,14-02-2023
6029,2675,2:41:49 PM,108,14-02-2023
6030,2675,2:41:49 PM,124,14-02-2023
6031,2675,2:41:49 PM,117,14-02-2023
6032,2675,2:41:49 PM,117,14-02-2023
6033,2675,2:41:49 PM,129,14-02-2023
6034,2675,2:41:49 PM,112,14-02-2023
6035,2675,2:41:49 PM,120,14-02-2023
6036,2675,2:41:49 PM,105,14-02-2023
6037,2675,2:41:49 PM,123,14-02-2023
6038,2675,2:41:49 PM,114,14-02-2023
6039,2675,2:41:49 PM,132,14-02-2023
6040,2675,2:41:49 PM,132,14-02-2023
6041,2676,3:17:34 PM,110,14-02-2023
6042,2677,3:27:42 PM,115,14-02-2023
6043,2677,3:27:42 PM,102,14-02-2023
6044,2677,3:27:42 PM,117,14-02-2023
6045,2677,3:27:42 PM,106,14-02-2023
6046,2678,3:47:53 PM,101,14-02-2023
6047,2679,4:01:35 PM,106,14-02-2023
6048,2680,4:10:21 PM,102,14-02-2023
6049,2681,4:39:19 PM,106,14-02-2023
6050,2682,4:40:26 PM,120,14-02-2023
6051,2683,4:56:35 PM,116,14-02-2023
6052,2683,4:56:35 PM,113,14-02-2023
6053,2684,5:02:18 PM,103,14-02-2023
6054,2685,5:15:58 PM,112,14-02-2023
6055,2685,5:15:58 PM,131,14-02-2023
6056,2686,5:23:06 PM,110,14-02-2023
6057,2687,5:31:20 PM,112,14-02-2023
6058,2688,5:43:28 PM,101,14-02-2023
6059,2689,5:48:59 PM,105,14-02-2023
6060,2689,5:48:59 PM,132,14-02-2023
6061,2690,5:49:26 PM,101,14-02-2023
6062,2690,5:49:26 PM,112,14-02-2023
6063,2691,5:52:15 PM,125,14-02-2023
6064,2692,5:55:07 PM,107,14-02-2023
6065,2692,5:55:07 PM,126,14-02-2023
6066,2692,5:55:07 PM,109,14-02-2023
6067,2692,5:55:07 PM,110,14-02-2023
6068,2693,6:01:21 PM,116,14-02-2023
6069,2693,6:01:21 PM,110,14-02-2023
6070,2693,6:01:21 PM,129,14-02-2023
6071,2693,6:01:21 PM,121,14-02-2023
6072,2694,6:10:04 PM,116,14-02-2023
6073,2695,6:15:16 PM,101,14-02-2023
6074,2695,6:15:16 PM,102,14-02-2023
6075,2696,6:32:58 PM,109,14-02-2023
6076,2696,6:32:58 PM,120,14-02-2023
6077,2696,6:32:58 PM,NULL,14-02-2023
6078,2697,6:43:18 PM,109,14-02-2023
6079,2697,6:43:18 PM,129,14-02-2023
6080,2697,6:43:18 PM,121,14-02-2023
6081,2697,6:43:18 PM,122,14-02-2023
6082,2698,6:43:20 PM,104,14-02-2023
6083,2698,6:43:20 PM,130,14-02-2023
6084,2699,6:44:17 PM,125,14-02-2023
6085,2699,6:44:17 PM,129,14-02-2023
6086,2699,6:44:17 PM,120,14-02-2023
6087,2699,6:44:17 PM,106,14-02-2023
6088,2700,6:47:34 PM,108,14-02-2023
6089,2700,6:47:34 PM,124,14-02-2023
6090,2700,6:47:34 PM,126,14-02-2023
6091,2700,6:47:34 PM,128,14-02-2023
6092,2701,6:53:37 PM,117,14-02-2023
6093,2702,6:54:29 PM,116,14-02-2023
6094,2702,6:54:29 PM,108,14-02-2023
6095,2702,6:54:29 PM,105,14-02-2023
6096,2703,7:11:09 PM,122,14-02-2023
6097,2704,7:11:21 PM,105,14-02-2023
6098,2705,7:34:31 PM,107,14-02-2023
6099,2705,7:34:31 PM,124,14-02-2023
6100,2705,7:34:31 PM,129,14-02-2023
6101,2705,7:34:31 PM,105,14-02-2023
6102,2706,7:35:44 PM,127,14-02-2023
6103,2707,7:35:46 PM,108,14-02-2023
6104,2707,7:35:46 PM,117,14-02-2023
6105,2707,7:35:46 PM,112,14-02-2023
6106,2707,7:35:46 PM,106,14-02-2023
6107,2708,7:40:04 PM,102,14-02-2023
6108,2708,7:40:04 PM,125,14-02-2023
6109,2708,7:40:04 PM,109,14-02-2023
6110,2708,7:40:04 PM,119,14-02-2023
6111,2709,7:44:58 PM,125,14-02-2023
6112,2709,7:44:58 PM,126,14-02-2023
6113,2709,7:44:58 PM,117,14-02-2023
6114,2709,7:44:58 PM,129,14-02-2023
6115,2710,8:00:00 PM,103,14-02-2023
6116,2710,8:00:00 PM,126,14-02-2023
6117,2710,8:00:00 PM,105,14-02-2023
6118,2710,8:00:00 PM,NULL,14-02-2023
6119,2711,8:00:33 PM,125,14-02-2023
6120,2711,8:00:33 PM,113,14-02-2023
6121,2711,8:00:33 PM,118,14-02-2023
6122,2711,8:00:33 PM,123,14-02-2023
6123,2712,8:52:05 PM,117,14-02-2023
6124,2712,8:52:05 PM,114,14-02-2023
6125,2713,9:08:21 PM,116,14-02-2023
6126,2713,9:08:21 PM,127,14-02-2023
6127,2714,9:22:31 PM,117,14-02-2023
6128,2715,9:31:51 PM,121,14-02-2023
6129,2715,9:31:51 PM,122,14-02-2023
6130,2715,9:31:51 PM,NULL,14-02-2023
6131,2715,9:31:51 PM,132,14-02-2023
6132,2716,9:33:46 PM,101,14-02-2023
6133,2716,9:33:46 PM,101,14-02-2023
6134,2716,9:33:46 PM,110,14-02-2023
6135,2717,9:58:09 PM,126,14-02-2023
6136,2717,9:58:09 PM,129,14-02-2023
6137,2717,9:58:09 PM,NULL,14-02-2023
6138,2718,10:16:39 PM,101,14-02-2023
6139,2718,10:16:39 PM,116,14-02-2023
6140,2718,10:16:39 PM,129,14-02-2023
6141,2718,10:16:39 PM,130,14-02-2023
6142,2719,10:22:46 PM,102,14-02-2023
6143,2719,10:22:46 PM,123,14-02-2023
6144,2720,10:29:54 PM,101,14-02-2023
6145,2721,10:29:57 PM,124,14-02-2023
6146,2722,10:52:37 PM,101,14-02-2023
6147,2722,10:52:37 PM,109,14-02-2023
6148,2722,10:52:37 PM,113,14-02-2023
6149,2723,11:35:24 AM,113,15-02-2023
6150,2724,11:48:59 AM,102,15-02-2023
6151,2724,11:48:59 AM,108,15-02-2023
6152,2724,11:48:59 AM,132,15-02-2023
6153,2725,11:52:00 AM,101,15-02-2023
6154,2725,11:52:00 AM,116,15-02-2023
6155,2725,11:52:00 AM,103,15-02-2023
6156,2725,11:52:00 AM,109,15-02-2023
6157,2725,11:52:00 AM,117,15-02-2023
6158,2725,11:52:00 AM,111,15-02-2023
6159,2725,11:52:00 AM,118,15-02-2023
6160,2725,11:52:00 AM,119,15-02-2023
6161,2725,11:52:00 AM,120,15-02-2023
6162,2725,11:52:00 AM,105,15-02-2023
6163,2725,11:52:00 AM,122,15-02-2023
6164,2725,11:52:00 AM,130,15-02-2023
6165,2725,11:52:00 AM,114,15-02-2023
6166,2726,11:54:55 AM,107,15-02-2023
6167,2727,11:56:33 AM,110,15-02-2023
6168,2727,11:56:33 AM,119,15-02-2023
6169,2728,12:12:02 PM,116,15-02-2023
6170,2728,12:12:02 PM,103,15-02-2023
6171,2729,1:29:30 PM,106,15-02-2023
6172,2730,1:53:02 PM,106,15-02-2023
6173,2731,1:54:31 PM,120,15-02-2023
6174,2732,2:16:54 PM,107,15-02-2023
6175,2732,2:16:54 PM,125,15-02-2023
6176,2732,2:16:54 PM,117,15-02-2023
6177,2732,2:16:54 PM,117,15-02-2023
6178,2733,2:40:34 PM,104,15-02-2023
6179,2733,2:40:34 PM,125,15-02-2023
6180,2734,2:51:01 PM,106,15-02-2023
6181,2735,2:53:31 PM,116,15-02-2023
6182,2735,2:53:31 PM,108,15-02-2023
6183,2735,2:53:31 PM,110,15-02-2023
6184,2735,2:53:31 PM,127,15-02-2023
6185,2736,3:11:36 PM,101,15-02-2023
6186,2736,3:11:36 PM,128,15-02-2023
6187,2736,3:11:36 PM,105,15-02-2023
6188,2737,3:19:05 PM,107,15-02-2023
6189,2737,3:19:05 PM,131,15-02-2023
6190,2738,3:57:57 PM,102,15-02-2023
6191,2739,4:29:16 PM,105,15-02-2023
6192,2740,4:32:41 PM,103,15-02-2023
6193,2740,4:32:41 PM,120,15-02-2023
6194,2741,4:39:02 PM,113,15-02-2023
6195,2741,4:39:02 PM,113,15-02-2023
6196,2742,4:51:56 PM,130,15-02-2023
6197,2742,4:51:56 PM,106,15-02-2023
6198,2743,4:54:36 PM,108,15-02-2023
6199,2744,5:01:46 PM,127,15-02-2023
6200,2744,5:01:46 PM,131,15-02-2023
6201,2745,5:07:31 PM,113,15-02-2023
6202,2746,5:10:49 PM,102,15-02-2023
6203,2746,5:10:49 PM,119,15-02-2023
6204,2746,5:10:49 PM,119,15-02-2023
6205,2747,5:16:27 PM,129,15-02-2023
6206,2747,5:16:27 PM,105,15-02-2023
6207,2748,5:21:12 PM,104,15-02-2023
6208,2749,5:21:37 PM,107,15-02-2023
6209,2749,5:21:37 PM,104,15-02-2023
6210,2750,5:26:04 PM,109,15-02-2023
6211,2750,5:26:04 PM,109,15-02-2023
6212,2750,5:26:04 PM,127,15-02-2023
6213,2750,5:26:04 PM,105,15-02-2023
6214,2751,5:28:16 PM,111,15-02-2023
6215,2752,5:29:20 PM,124,15-02-2023
6216,2752,5:29:20 PM,112,15-02-2023
6217,2752,5:29:20 PM,113,15-02-2023
6218,2752,5:29:20 PM,118,15-02-2023
6219,2753,5:34:35 PM,125,15-02-2023
6220,2753,5:34:35 PM,117,15-02-2023
6221,2753,5:34:35 PM,132,15-02-2023
6222,2754,5:42:41 PM,115,15-02-2023
6223,2754,5:42:41 PM,108,15-02-2023
6224,2754,5:42:41 PM,129,15-02-2023
6225,2755,5:49:17 PM,102,15-02-2023
6226,2755,5:49:17 PM,111,15-02-2023
6227,2755,5:49:17 PM,105,15-02-2023
6228,2756,5:50:18 PM,101,15-02-2023
6229,2756,5:50:18 PM,102,15-02-2023
6230,2757,5:51:40 PM,107,15-02-2023
6231,2758,5:58:47 PM,104,15-02-2023
6232,2758,5:58:47 PM,106,15-02-2023
6233,2759,6:04:36 PM,102,15-02-2023
6234,2759,6:04:36 PM,113,15-02-2023
6235,2759,6:04:36 PM,106,15-02-2023
6236,2760,6:50:04 PM,132,15-02-2023
6237,2761,6:50:06 PM,124,15-02-2023
6238,2761,6:50:06 PM,105,15-02-2023
6239,2761,6:50:06 PM,131,15-02-2023
6240,2761,6:50:06 PM,106,15-02-2023
6241,2762,6:54:43 PM,131,15-02-2023
6242,2763,6:58:26 PM,108,15-02-2023
6243,2763,6:58:26 PM,120,15-02-2023
6244,2764,7:16:07 PM,107,15-02-2023
6245,2765,7:28:59 PM,124,15-02-2023
6246,2765,7:28:59 PM,122,15-02-2023
6247,2766,7:30:07 PM,125,15-02-2023
6248,2766,7:30:07 PM,118,15-02-2023
6249,2766,7:30:07 PM,120,15-02-2023
6250,2767,7:45:33 PM,120,15-02-2023
6251,2767,7:45:33 PM,105,15-02-2023
6252,2767,7:45:33 PM,132,15-02-2023
6253,2768,7:59:22 PM,112,15-02-2023
6254,2769,8:14:22 PM,110,15-02-2023
6255,2769,8:14:22 PM,128,15-02-2023
6256,2770,8:41:38 PM,120,15-02-2023
6257,2770,8:41:38 PM,120,15-02-2023
6258,2770,8:41:38 PM,105,15-02-2023
6259,2771,8:54:46 PM,119,15-02-2023
6260,2772,9:02:21 PM,101,15-02-2023
6261,2772,9:02:21 PM,117,15-02-2023
6262,2772,9:02:21 PM,111,15-02-2023
6263,2772,9:02:21 PM,113,15-02-2023
6264,2773,9:02:35 PM,126,15-02-2023
6265,2773,9:02:35 PM,126,15-02-2023
6266,2773,9:02:35 PM,128,15-02-2023
6267,2773,9:02:35 PM,131,15-02-2023
6268,2774,9:02:44 PM,101,15-02-2023
6269,2774,9:02:44 PM,108,15-02-2023
6270,2774,9:02:44 PM,124,15-02-2023
6271,2774,9:02:44 PM,132,15-02-2023
6272,2775,9:44:07 PM,108,15-02-2023
6273,2776,9:44:18 PM,103,15-02-2023
6274,2776,9:44:18 PM,NULL,15-02-2023
6275,2776,9:44:18 PM,132,15-02-2023
6276,2777,9:56:36 PM,127,15-02-2023
6277,2778,11:20:37 AM,126,16-02-2023
6278,2779,11:35:56 AM,108,16-02-2023
6279,2779,11:35:56 AM,125,16-02-2023
6280,2780,11:40:28 AM,128,16-02-2023
6281,2781,11:47:04 AM,107,16-02-2023
6282,2781,11:47:04 AM,109,16-02-2023
6283,2781,11:47:04 AM,117,16-02-2023
6284,2781,11:47:04 AM,112,16-02-2023
6285,2781,11:47:04 AM,113,16-02-2023
6286,2781,11:47:04 AM,113,16-02-2023
6287,2781,11:47:04 AM,106,16-02-2023
6288,2781,11:47:04 AM,106,16-02-2023
6289,2781,11:47:04 AM,106,16-02-2023
6290,2781,11:47:04 AM,132,16-02-2023
6291,2782,11:58:57 AM,105,16-02-2023
6292,2783,12:02:14 PM,105,16-02-2023
6293,2783,12:02:14 PM,130,16-02-2023
6294,2784,12:16:21 PM,112,16-02-2023
6295,2784,12:16:21 PM,119,16-02-2023
6296,2784,12:16:21 PM,132,16-02-2023
6297,2785,12:17:18 PM,119,16-02-2023
6298,2786,12:18:19 PM,103,16-02-2023
6299,2786,12:18:19 PM,104,16-02-2023
6300,2786,12:18:19 PM,124,16-02-2023
6301,2786,12:18:19 PM,125,16-02-2023
6302,2786,12:18:19 PM,109,16-02-2023
6303,2786,12:18:19 PM,117,16-02-2023
6304,2786,12:18:19 PM,129,16-02-2023
6305,2786,12:18:19 PM,111,16-02-2023
6306,2786,12:18:19 PM,123,16-02-2023
6307,2787,12:23:23 PM,112,16-02-2023
6308,2787,12:23:23 PM,113,16-02-2023
6309,2788,12:39:37 PM,102,16-02-2023
6310,2788,12:39:37 PM,108,16-02-2023
6311,2788,12:39:37 PM,117,16-02-2023
6312,2789,12:40:50 PM,108,16-02-2023
6313,2789,12:40:50 PM,110,16-02-2023
6314,2789,12:40:50 PM,120,16-02-2023
6315,2790,12:46:47 PM,102,16-02-2023
6316,2791,12:53:24 PM,109,16-02-2023
6317,2792,12:56:07 PM,132,16-02-2023
6318,2793,1:12:48 PM,103,16-02-2023
6319,2793,1:12:48 PM,125,16-02-2023
6320,2793,1:12:48 PM,119,16-02-2023
6321,2794,1:13:19 PM,116,16-02-2023
6322,2794,1:13:19 PM,124,16-02-2023
6323,2794,1:13:19 PM,110,16-02-2023
6324,2794,1:13:19 PM,111,16-02-2023
6325,2794,1:13:19 PM,NULL,16-02-2023
6326,2795,1:44:29 PM,109,16-02-2023
6327,2796,2:17:05 PM,127,16-02-2023
6328,2797,2:19:46 PM,132,16-02-2023
6329,2798,2:39:07 PM,103,16-02-2023
6330,2798,2:39:07 PM,110,16-02-2023
6331,2798,2:39:07 PM,105,16-02-2023
6332,2798,2:39:07 PM,122,16-02-2023
6333,2799,2:47:20 PM,109,16-02-2023
6334,2800,3:46:10 PM,103,16-02-2023
6335,2800,3:46:10 PM,121,16-02-2023
6336,2801,3:58:06 PM,113,16-02-2023
6337,2801,3:58:06 PM,105,16-02-2023
6338,2802,4:01:31 PM,101,16-02-2023
6339,2802,4:01:31 PM,109,16-02-2023
6340,2803,4:23:34 PM,112,16-02-2023
6341,2803,4:23:34 PM,121,16-02-2023
6342,2804,4:43:53 PM,131,16-02-2023
6343,2804,4:43:53 PM,106,16-02-2023
6344,2805,4:57:14 PM,125,16-02-2023
6345,2805,4:57:14 PM,109,16-02-2023
6346,2805,4:57:14 PM,111,16-02-2023
6347,2806,5:12:37 PM,113,16-02-2023
6348,2807,5:13:02 PM,109,16-02-2023
6349,2807,5:13:02 PM,106,16-02-2023
6350,2808,5:27:14 PM,128,16-02-2023
6351,2808,5:27:14 PM,111,16-02-2023
6352,2808,5:27:14 PM,120,16-02-2023
6353,2809,5:47:25 PM,102,16-02-2023
6354,2810,5:54:00 PM,124,16-02-2023
6355,2810,5:54:00 PM,111,16-02-2023
6356,2811,6:03:29 PM,128,16-02-2023
6357,2811,6:03:29 PM,111,16-02-2023
6358,2811,6:03:29 PM,119,16-02-2023
6359,2811,6:03:29 PM,120,16-02-2023
6360,2812,6:13:00 PM,119,16-02-2023
6361,2812,6:13:00 PM,105,16-02-2023
6362,2812,6:13:00 PM,131,16-02-2023
6363,2813,6:15:02 PM,117,16-02-2023
6364,2813,6:15:02 PM,128,16-02-2023
6365,2813,6:15:02 PM,114,16-02-2023
6366,2813,6:15:02 PM,NULL,16-02-2023
6367,2814,6:21:06 PM,106,16-02-2023
6368,2815,6:21:17 PM,107,16-02-2023
6369,2815,6:21:17 PM,108,16-02-2023
6370,2815,6:21:17 PM,106,16-02-2023
6371,2816,6:21:37 PM,101,16-02-2023
6372,2816,6:21:37 PM,107,16-02-2023
6373,2817,6:37:05 PM,126,16-02-2023
6374,2817,6:37:05 PM,122,16-02-2023
6375,2818,6:40:09 PM,107,16-02-2023
6376,2818,6:40:09 PM,118,16-02-2023
6377,2818,6:40:09 PM,120,16-02-2023
6378,2819,7:26:51 PM,109,16-02-2023
6379,2819,7:26:51 PM,106,16-02-2023
6380,2820,7:35:17 PM,111,16-02-2023
6381,2821,7:35:28 PM,117,16-02-2023
6382,2822,7:37:08 PM,113,16-02-2023
6383,2823,7:53:49 PM,104,16-02-2023
6384,2823,7:53:49 PM,131,16-02-2023
6385,2824,7:55:28 PM,103,16-02-2023
6386,2824,7:55:28 PM,124,16-02-2023
6387,2824,7:55:28 PM,111,16-02-2023
6388,2824,7:55:28 PM,121,16-02-2023
6389,2825,8:46:23 PM,109,16-02-2023
6390,2825,8:46:23 PM,110,16-02-2023
6391,2825,8:46:23 PM,128,16-02-2023
6392,2825,8:46:23 PM,106,16-02-2023
6393,2826,10:40:27 PM,109,16-02-2023
6394,2826,10:40:27 PM,106,16-02-2023
6395,2827,11:24:02 AM,113,17-02-2023
6396,2827,11:24:02 AM,121,17-02-2023
6397,2828,11:26:13 AM,129,17-02-2023
6398,2829,11:41:17 AM,102,17-02-2023
6399,2829,11:41:17 AM,104,17-02-2023
6400,2829,11:41:17 AM,122,17-02-2023
6401,2830,11:51:54 AM,101,17-02-2023
6402,2831,12:01:02 PM,108,17-02-2023
6403,2831,12:01:02 PM,110,17-02-2023
6404,2831,12:01:02 PM,105,17-02-2023
6405,2831,12:01:02 PM,106,17-02-2023
6406,2832,12:05:10 PM,102,17-02-2023
6407,2833,12:33:55 PM,107,17-02-2023
6408,2834,12:43:07 PM,101,17-02-2023
6409,2835,12:53:50 PM,108,17-02-2023
6410,2836,12:58:28 PM,108,17-02-2023
6411,2837,12:58:45 PM,120,17-02-2023
6412,2838,1:00:48 PM,110,17-02-2023
6413,2839,1:14:08 PM,105,17-02-2023
6414,2840,1:21:27 PM,109,17-02-2023
6415,2841,1:25:44 PM,103,17-02-2023
6416,2841,1:25:44 PM,120,17-02-2023
6417,2841,1:25:44 PM,132,17-02-2023
6418,2842,1:31:20 PM,118,17-02-2023
6419,2843,1:36:33 PM,101,17-02-2023
6420,2843,1:36:33 PM,119,17-02-2023
6421,2843,1:36:33 PM,122,17-02-2023
6422,2843,1:36:33 PM,130,17-02-2023
6423,2844,1:41:34 PM,108,17-02-2023
6424,2844,1:41:34 PM,118,17-02-2023
6425,2845,1:47:42 PM,111,17-02-2023
6426,2846,1:58:44 PM,108,17-02-2023
6427,2846,1:58:44 PM,108,17-02-2023
6428,2846,1:58:44 PM,117,17-02-2023
6429,2847,2:00:42 PM,109,17-02-2023
6430,2847,2:00:42 PM,127,17-02-2023
6431,2847,2:00:42 PM,120,17-02-2023
6432,2847,2:00:42 PM,131,17-02-2023
6433,2847,2:00:42 PM,132,17-02-2023
6434,2848,2:02:20 PM,119,17-02-2023
6435,2848,2:02:20 PM,105,17-02-2023
6436,2849,2:07:24 PM,119,17-02-2023
6437,2849,2:07:24 PM,105,17-02-2023
6438,2849,2:07:24 PM,105,17-02-2023
6439,2849,2:07:24 PM,106,17-02-2023
6440,2850,2:16:57 PM,118,17-02-2023
6441,2851,2:23:26 PM,107,17-02-2023
6442,2851,2:23:26 PM,103,17-02-2023
6443,2851,2:23:26 PM,109,17-02-2023
6444,2851,2:23:26 PM,113,17-02-2023
6445,2851,2:23:26 PM,119,17-02-2023
6446,2851,2:23:26 PM,120,17-02-2023
6447,2851,2:23:26 PM,131,17-02-2023
6448,2851,2:23:26 PM,106,17-02-2023
6449,2851,2:23:26 PM,132,17-02-2023
6450,2852,2:30:43 PM,125,17-02-2023
6451,2852,2:30:43 PM,113,17-02-2023
6452,2853,2:49:35 PM,121,17-02-2023
6453,2854,3:24:37 PM,126,17-02-2023
6454,2854,3:24:37 PM,111,17-02-2023
6455,2854,3:24:37 PM,130,17-02-2023
6456,2854,3:24:37 PM,132,17-02-2023
6457,2855,3:26:05 PM,110,17-02-2023
6458,2855,3:26:05 PM,110,17-02-2023
6459,2855,3:26:05 PM,123,17-02-2023
6460,2855,3:26:05 PM,106,17-02-2023
6461,2856,4:00:48 PM,104,17-02-2023
6462,2856,4:00:48 PM,123,17-02-2023
6463,2857,4:43:16 PM,118,17-02-2023
6464,2858,4:52:53 PM,103,17-02-2023
6465,2858,4:52:53 PM,130,17-02-2023
6466,2859,4:56:21 PM,116,17-02-2023
6467,2859,4:56:21 PM,121,17-02-2023
6468,2859,4:56:21 PM,NULL,17-02-2023
6469,2860,5:02:17 PM,104,17-02-2023
6470,2861,5:26:55 PM,107,17-02-2023
6471,2862,5:27:13 PM,106,17-02-2023
6472,2863,5:28:53 PM,129,17-02-2023
6473,2864,5:30:42 PM,108,17-02-2023
6474,2864,5:30:42 PM,105,17-02-2023
6475,2865,5:33:09 PM,126,17-02-2023
6476,2866,5:36:11 PM,109,17-02-2023
6477,2866,5:36:11 PM,109,17-02-2023
6478,2867,5:36:38 PM,101,17-02-2023
6479,2867,5:36:38 PM,101,17-02-2023
6480,2868,5:42:20 PM,130,17-02-2023
6481,2869,5:55:47 PM,117,17-02-2023
6482,2870,6:09:41 PM,109,17-02-2023
6483,2870,6:09:41 PM,110,17-02-2023
6484,2871,6:39:26 PM,116,17-02-2023
6485,2871,6:39:26 PM,113,17-02-2023
6486,2871,6:39:26 PM,114,17-02-2023
6487,2872,6:40:22 PM,105,17-02-2023
6488,2873,6:46:36 PM,117,17-02-2023
6489,2874,7:03:32 PM,109,17-02-2023
6490,2874,7:03:32 PM,113,17-02-2023
6491,2875,7:26:46 PM,120,17-02-2023
6492,2875,7:26:46 PM,132,17-02-2023
6493,2876,7:46:45 PM,124,17-02-2023
6494,2876,7:46:45 PM,117,17-02-2023
6495,2876,7:46:45 PM,120,17-02-2023
6496,2876,7:46:45 PM,NULL,17-02-2023
6497,2877,7:57:06 PM,126,17-02-2023
6498,2877,7:57:06 PM,109,17-02-2023
6499,2878,8:02:56 PM,125,17-02-2023
6500,2878,8:02:56 PM,113,17-02-2023
6501,2878,8:02:56 PM,118,17-02-2023
6502,2879,8:04:09 PM,102,17-02-2023
6503,2879,8:04:09 PM,104,17-02-2023
6504,2879,8:04:09 PM,108,17-02-2023
6505,2879,8:04:09 PM,106,17-02-2023
6506,2880,8:41:21 PM,111,17-02-2023
6507,2881,8:59:44 PM,104,17-02-2023
6508,2881,8:59:44 PM,118,17-02-2023
6509,2881,8:59:44 PM,122,17-02-2023
6510,2882,9:30:31 PM,102,17-02-2023
6511,2882,9:30:31 PM,129,17-02-2023
6512,2882,9:30:31 PM,112,17-02-2023
6513,2883,9:51:06 PM,101,17-02-2023
6514,2883,9:51:06 PM,108,17-02-2023
6515,2883,9:51:06 PM,117,17-02-2023
6516,2884,10:06:26 PM,108,17-02-2023
6517,2884,10:06:26 PM,109,17-02-2023
6518,2885,10:20:14 PM,101,17-02-2023
6519,2885,10:20:14 PM,110,17-02-2023
6520,2886,10:20:30 PM,117,17-02-2023
6521,2887,10:25:41 PM,101,17-02-2023
6522,2887,10:25:41 PM,102,17-02-2023
6523,2888,11:18:58 AM,125,18-02-2023
6524,2889,11:22:20 AM,103,18-02-2023
6525,2889,11:22:20 AM,105,18-02-2023
6526,2889,11:22:20 AM,105,18-02-2023
6527,2889,11:22:20 AM,131,18-02-2023
6528,2889,11:22:20 AM,106,18-02-2023
6529,2890,11:32:11 AM,110,18-02-2023
6530,2891,11:39:41 AM,127,18-02-2023
6531,2892,11:41:20 AM,109,18-02-2023
6532,2892,11:41:20 AM,117,18-02-2023
6533,2892,11:41:20 AM,129,18-02-2023
6534,2892,11:41:20 AM,119,18-02-2023
6535,2893,11:55:10 AM,102,18-02-2023
6536,2893,11:55:10 AM,129,18-02-2023
6537,2894,12:06:02 PM,108,18-02-2023
6538,2895,12:06:59 PM,101,18-02-2023
6539,2895,12:06:59 PM,102,18-02-2023
6540,2895,12:06:59 PM,102,18-02-2023
6541,2895,12:06:59 PM,125,18-02-2023
6542,2895,12:06:59 PM,125,18-02-2023
6543,2895,12:06:59 PM,109,18-02-2023
6544,2895,12:06:59 PM,117,18-02-2023
6545,2895,12:06:59 PM,128,18-02-2023
6546,2895,12:06:59 PM,118,18-02-2023
6547,2895,12:06:59 PM,106,18-02-2023
6548,2895,12:06:59 PM,114,18-02-2023
6549,2895,12:06:59 PM,132,18-02-2023
6550,2896,12:20:01 PM,108,18-02-2023
6551,2897,12:25:17 PM,126,18-02-2023
6552,2897,12:25:17 PM,109,18-02-2023
6553,2897,12:25:17 PM,121,18-02-2023
6554,2898,12:26:20 PM,119,18-02-2023
6555,2899,12:32:03 PM,106,18-02-2023
6556,2900,12:55:30 PM,115,18-02-2023
6557,2901,1:00:48 PM,119,18-02-2023
6558,2902,1:04:25 PM,111,18-02-2023
6559,2902,1:04:25 PM,113,18-02-2023
6560,2902,1:04:25 PM,122,18-02-2023
6561,2902,1:04:25 PM,123,18-02-2023
6562,2902,1:04:25 PM,106,18-02-2023
6563,2902,1:04:25 PM,132,18-02-2023
6564,2903,1:10:12 PM,121,18-02-2023
6565,2904,1:20:44 PM,109,18-02-2023
6566,2905,1:32:59 PM,102,18-02-2023
6567,2905,1:32:59 PM,113,18-02-2023
6568,2905,1:32:59 PM,119,18-02-2023
6569,2905,1:32:59 PM,131,18-02-2023
6570,2906,1:34:49 PM,119,18-02-2023
6571,2906,1:34:49 PM,131,18-02-2023
6572,2907,1:51:14 PM,124,18-02-2023
6573,2907,1:51:14 PM,129,18-02-2023
6574,2907,1:51:14 PM,112,18-02-2023
6575,2907,1:51:14 PM,132,18-02-2023
6576,2908,2:17:18 PM,108,18-02-2023
6577,2909,2:21:14 PM,125,18-02-2023
6578,2909,2:21:14 PM,106,18-02-2023
6579,2910,2:32:22 PM,107,18-02-2023
6580,2910,2:32:22 PM,109,18-02-2023
6581,2910,2:32:22 PM,129,18-02-2023
6582,2910,2:32:22 PM,113,18-02-2023
6583,2911,2:54:10 PM,115,18-02-2023
6584,2912,3:39:02 PM,102,18-02-2023
6585,2912,3:39:02 PM,110,18-02-2023
6586,2912,3:39:02 PM,117,18-02-2023
6587,2912,3:39:02 PM,111,18-02-2023
6588,2913,3:44:31 PM,117,18-02-2023
6589,2914,3:56:55 PM,107,18-02-2023
6590,2914,3:56:55 PM,105,18-02-2023
6591,2915,4:34:02 PM,107,18-02-2023
6592,2915,4:34:02 PM,112,18-02-2023
6593,2916,4:50:00 PM,109,18-02-2023
6594,2916,4:50:00 PM,113,18-02-2023
6595,2916,4:50:00 PM,118,18-02-2023
6596,2917,4:57:15 PM,126,18-02-2023
6597,2917,4:57:15 PM,129,18-02-2023
6598,2918,4:59:11 PM,102,18-02-2023
6599,2918,4:59:11 PM,102,18-02-2023
6600,2919,5:07:38 PM,128,18-02-2023
6601,2919,5:07:38 PM,105,18-02-2023
6602,2919,5:07:38 PM,131,18-02-2023
6603,2919,5:07:38 PM,106,18-02-2023
6604,2920,5:08:04 PM,126,18-02-2023
6605,2920,5:08:04 PM,109,18-02-2023
6606,2921,5:13:58 PM,101,18-02-2023
6607,2921,5:13:58 PM,115,18-02-2023
6608,2921,5:13:58 PM,124,18-02-2023
6609,2921,5:13:58 PM,106,18-02-2023
6610,2922,5:17:04 PM,130,18-02-2023
6611,2922,5:17:04 PM,106,18-02-2023
6612,2923,5:49:17 PM,132,18-02-2023
6613,2924,6:00:30 PM,104,18-02-2023
6614,2924,6:00:30 PM,119,18-02-2023
6615,2924,6:00:30 PM,105,18-02-2023
6616,2924,6:00:30 PM,NULL,18-02-2023
6617,2925,6:03:20 PM,116,18-02-2023
6618,2925,6:03:20 PM,119,18-02-2023
6619,2925,6:03:20 PM,NULL,18-02-2023
6620,2926,6:06:26 PM,105,18-02-2023
6621,2926,6:06:26 PM,132,18-02-2023
6622,2927,6:09:39 PM,102,18-02-2023
6623,2927,6:09:39 PM,106,18-02-2023
6624,2928,6:22:10 PM,104,18-02-2023
6625,2929,6:22:28 PM,121,18-02-2023
6626,2930,6:39:01 PM,104,18-02-2023
6627,2930,6:39:01 PM,108,18-02-2023
6628,2930,6:39:01 PM,119,18-02-2023
6629,2930,6:39:01 PM,120,18-02-2023
6630,2931,6:43:05 PM,108,18-02-2023
6631,2931,6:43:05 PM,129,18-02-2023
6632,2931,6:43:05 PM,119,18-02-2023
6633,2932,6:50:08 PM,126,18-02-2023
6634,2932,6:50:08 PM,121,18-02-2023
6635,2932,6:50:08 PM,122,18-02-2023
6636,2932,6:50:08 PM,122,18-02-2023
6637,2933,6:50:39 PM,101,18-02-2023
6638,2933,6:50:39 PM,109,18-02-2023
6639,2933,6:50:39 PM,118,18-02-2023
6640,2933,6:50:39 PM,120,18-02-2023
6641,2934,7:00:00 PM,102,18-02-2023
6642,2934,7:00:00 PM,109,18-02-2023
6643,2934,7:00:00 PM,118,18-02-2023
6644,2935,7:03:42 PM,107,18-02-2023
6645,2935,7:03:42 PM,120,18-02-2023
6646,2936,7:15:17 PM,125,18-02-2023
6647,2936,7:15:17 PM,123,18-02-2023
6648,2936,7:15:17 PM,123,18-02-2023
6649,2936,7:15:17 PM,106,18-02-2023
6650,2937,7:57:16 PM,101,18-02-2023
6651,2938,8:07:26 PM,104,18-02-2023
6652,2938,8:07:26 PM,110,18-02-2023
6653,2938,8:07:26 PM,117,18-02-2023
6654,2939,8:08:11 PM,101,18-02-2023
6655,2939,8:08:11 PM,122,18-02-2023
6656,2940,8:20:30 PM,124,18-02-2023
6657,2941,8:27:48 PM,108,18-02-2023
6658,2941,8:27:48 PM,112,18-02-2023
6659,2941,8:27:48 PM,120,18-02-2023
6660,2941,8:27:48 PM,120,18-02-2023
6661,2942,8:34:26 PM,108,18-02-2023
6662,2942,8:34:26 PM,109,18-02-2023
6663,2942,8:34:26 PM,113,18-02-2023
6664,2942,8:34:26 PM,105,18-02-2023
6665,2943,8:41:00 PM,102,18-02-2023
6666,2943,8:41:00 PM,125,18-02-2023
6667,2943,8:41:00 PM,113,18-02-2023
6668,2943,8:41:00 PM,114,18-02-2023
6669,2944,9:17:25 PM,108,18-02-2023
6670,2944,9:17:25 PM,128,18-02-2023
6671,2944,9:17:25 PM,112,18-02-2023
6672,2945,9:30:26 PM,109,18-02-2023
6673,2945,9:30:26 PM,112,18-02-2023
6674,2945,9:30:26 PM,119,18-02-2023
6675,2946,9:40:57 PM,122,18-02-2023
6676,2947,10:15:02 PM,111,18-02-2023
6677,2947,10:15:02 PM,112,18-02-2023
6678,2947,10:15:02 PM,131,18-02-2023
6679,2948,10:40:30 PM,112,18-02-2023
6680,2948,10:40:30 PM,112,18-02-2023
6681,2948,10:40:30 PM,120,18-02-2023
6682,2948,10:40:30 PM,121,18-02-2023
6683,2949,11:15:43 AM,112,19-02-2023
6684,2950,11:35:51 AM,107,19-02-2023
6685,2950,11:35:51 AM,125,19-02-2023
6686,2950,11:35:51 AM,129,19-02-2023
6687,2951,11:39:10 AM,124,19-02-2023
6688,2951,11:39:10 AM,117,19-02-2023
6689,2951,11:39:10 AM,132,19-02-2023
6690,2952,12:03:36 PM,116,19-02-2023
6691,2952,12:03:36 PM,105,19-02-2023
6692,2953,12:20:32 PM,108,19-02-2023
6693,2953,12:20:32 PM,118,19-02-2023
6694,2954,12:21:49 PM,108,19-02-2023
6695,2955,12:25:18 PM,124,19-02-2023
6696,2956,12:33:38 PM,125,19-02-2023
6697,2956,12:33:38 PM,117,19-02-2023
6698,2956,12:33:38 PM,118,19-02-2023
6699,2956,12:33:38 PM,131,19-02-2023
6700,2957,12:40:31 PM,124,19-02-2023
6701,2957,12:40:31 PM,117,19-02-2023
6702,2958,12:56:06 PM,109,19-02-2023
6703,2958,12:56:06 PM,129,19-02-2023
6704,2958,12:56:06 PM,113,19-02-2023
6705,2958,12:56:06 PM,119,19-02-2023
6706,2959,1:01:24 PM,109,19-02-2023
6707,2960,1:09:03 PM,120,19-02-2023
6708,2960,1:09:03 PM,122,19-02-2023
6709,2960,1:09:03 PM,130,19-02-2023
6710,2961,1:13:54 PM,101,19-02-2023
6711,2961,1:13:54 PM,107,19-02-2023
6712,2961,1:13:54 PM,109,19-02-2023
6713,2961,1:13:54 PM,117,19-02-2023
6714,2961,1:13:54 PM,127,19-02-2023
6715,2961,1:13:54 PM,127,19-02-2023
6716,2961,1:13:54 PM,118,19-02-2023
6717,2961,1:13:54 PM,105,19-02-2023
6718,2961,1:13:54 PM,130,19-02-2023
6719,2961,1:13:54 PM,131,19-02-2023
6720,2961,1:13:54 PM,132,19-02-2023
6721,2962,1:18:02 PM,130,19-02-2023
6722,2963,1:22:56 PM,102,19-02-2023
6723,2963,1:22:56 PM,109,19-02-2023
6724,2963,1:22:56 PM,113,19-02-2023
6725,2963,1:22:56 PM,118,19-02-2023
6726,2964,1:27:47 PM,102,19-02-2023
6727,2964,1:27:47 PM,130,19-02-2023
6728,2965,1:35:13 PM,111,19-02-2023
6729,2966,1:37:11 PM,125,19-02-2023
6730,2967,1:44:40 PM,115,19-02-2023
6731,2967,1:44:40 PM,128,19-02-2023
6732,2967,1:44:40 PM,129,19-02-2023
6733,2967,1:44:40 PM,105,19-02-2023
6734,2967,1:44:40 PM,123,19-02-2023
6735,2968,2:06:37 PM,107,19-02-2023
6736,2968,2:06:37 PM,116,19-02-2023
6737,2969,2:10:09 PM,101,19-02-2023
6738,2970,2:19:12 PM,104,19-02-2023
6739,2971,2:32:56 PM,101,19-02-2023
6740,2972,2:59:53 PM,127,19-02-2023
6741,2973,3:04:17 PM,108,19-02-2023
6742,2974,3:07:56 PM,106,19-02-2023
6743,2975,3:22:51 PM,107,19-02-2023
6744,2975,3:22:51 PM,121,19-02-2023
6745,2976,3:29:10 PM,109,19-02-2023
6746,2976,3:29:10 PM,113,19-02-2023
6747,2976,3:29:10 PM,106,19-02-2023
6748,2977,3:33:26 PM,113,19-02-2023
6749,2978,3:45:48 PM,118,19-02-2023
6750,2978,3:45:48 PM,122,19-02-2023
6751,2979,4:43:03 PM,117,19-02-2023
6752,2979,4:43:03 PM,113,19-02-2023
6753,2980,4:48:44 PM,108,19-02-2023
6754,2980,4:48:44 PM,129,19-02-2023
6755,2980,4:48:44 PM,132,19-02-2023
6756,2981,5:21:47 PM,101,19-02-2023
6757,2982,5:24:23 PM,102,19-02-2023
6758,2983,5:26:31 PM,128,19-02-2023
6759,2984,5:36:12 PM,109,19-02-2023
6760,2984,5:36:12 PM,129,19-02-2023
6761,2985,5:36:55 PM,122,19-02-2023
6762,2985,5:36:55 PM,132,19-02-2023
6763,2986,5:39:32 PM,126,19-02-2023
6764,2986,5:39:32 PM,117,19-02-2023
6765,2987,5:41:19 PM,102,19-02-2023
6766,2987,5:41:19 PM,126,19-02-2023
6767,2987,5:41:19 PM,112,19-02-2023
6768,2987,5:41:19 PM,120,19-02-2023
6769,2988,5:42:25 PM,107,19-02-2023
6770,2988,5:42:25 PM,131,19-02-2023
6771,2989,6:11:40 PM,101,19-02-2023
6772,2989,6:11:40 PM,126,19-02-2023
6773,2989,6:11:40 PM,129,19-02-2023
6774,2990,6:13:19 PM,130,19-02-2023
6775,2991,6:21:31 PM,104,19-02-2023
6776,2992,6:38:54 PM,102,19-02-2023
6777,2993,6:49:06 PM,109,19-02-2023
6778,2993,6:49:06 PM,127,19-02-2023
6779,2994,6:58:08 PM,101,19-02-2023
6780,2994,6:58:08 PM,114,19-02-2023
6781,2995,6:59:05 PM,132,19-02-2023
6782,2996,7:05:53 PM,131,19-02-2023
6783,2997,7:38:24 PM,108,19-02-2023
6784,2997,7:38:24 PM,124,19-02-2023
6785,2998,7:52:20 PM,107,19-02-2023
6786,2998,7:52:20 PM,104,19-02-2023
6787,2998,7:52:20 PM,121,19-02-2023
6788,2998,7:52:20 PM,105,19-02-2023
6789,2999,7:57:15 PM,116,19-02-2023
6790,2999,7:57:15 PM,116,19-02-2023
6791,2999,7:57:15 PM,111,19-02-2023
6792,3000,7:57:23 PM,102,19-02-2023
6793,3000,7:57:23 PM,119,19-02-2023
6794,3001,8:34:39 PM,101,19-02-2023
6795,3001,8:34:39 PM,122,19-02-2023
6796,3001,8:34:39 PM,106,19-02-2023
6797,3001,8:34:39 PM,114,19-02-2023
6798,3002,9:27:34 PM,125,19-02-2023
6799,3002,9:27:34 PM,117,19-02-2023
6800,3002,9:27:34 PM,112,19-02-2023
6801,3002,9:27:34 PM,105,19-02-2023
6802,3003,9:32:12 PM,104,19-02-2023
6803,3003,9:32:12 PM,118,19-02-2023
6804,3004,9:56:20 PM,120,19-02-2023
6805,3005,11:53:36 AM,129,20-02-2023
6806,3006,12:01:32 PM,116,20-02-2023
6807,3006,12:01:32 PM,104,20-02-2023
6808,3006,12:01:32 PM,126,20-02-2023
6809,3006,12:01:32 PM,113,20-02-2023
6810,3007,12:06:37 PM,127,20-02-2023
6811,3008,12:09:54 PM,102,20-02-2023
6812,3009,12:21:25 PM,107,20-02-2023
6813,3009,12:21:25 PM,117,20-02-2023
6814,3009,12:21:25 PM,122,20-02-2023
6815,3010,12:26:16 PM,115,20-02-2023
6816,3010,12:26:16 PM,102,20-02-2023
6817,3010,12:26:16 PM,109,20-02-2023
6818,3011,12:29:25 PM,122,20-02-2023
6819,3012,12:32:03 PM,104,20-02-2023
6820,3012,12:32:03 PM,111,20-02-2023
6821,3012,12:32:03 PM,113,20-02-2023
6822,3012,12:32:03 PM,122,20-02-2023
6823,3013,12:45:23 PM,105,20-02-2023
6824,3014,12:58:29 PM,107,20-02-2023
6825,3014,12:58:29 PM,109,20-02-2023
6826,3014,12:58:29 PM,119,20-02-2023
6827,3014,12:58:29 PM,105,20-02-2023
6828,3015,12:59:05 PM,101,20-02-2023
6829,3016,1:07:02 PM,126,20-02-2023
6830,3016,1:07:02 PM,113,20-02-2023
6831,3017,1:09:41 PM,124,20-02-2023
6832,3018,1:12:40 PM,116,20-02-2023
6833,3018,1:12:40 PM,104,20-02-2023
6834,3018,1:12:40 PM,125,20-02-2023
6835,3018,1:12:40 PM,128,20-02-2023
6836,3018,1:12:40 PM,111,20-02-2023
6837,3018,1:12:40 PM,131,20-02-2023
6838,3018,1:12:40 PM,114,20-02-2023
6839,3019,1:15:28 PM,101,20-02-2023
6840,3020,1:17:11 PM,123,20-02-2023
6841,3021,1:23:48 PM,106,20-02-2023
6842,3022,1:24:12 PM,116,20-02-2023
6843,3022,1:24:12 PM,102,20-02-2023
6844,3022,1:24:12 PM,103,20-02-2023
6845,3022,1:24:12 PM,132,20-02-2023
6846,3023,1:29:47 PM,118,20-02-2023
6847,3023,1:29:47 PM,120,20-02-2023
6848,3024,1:35:59 PM,101,20-02-2023
6849,3025,1:37:52 PM,107,20-02-2023
6850,3026,1:38:14 PM,102,20-02-2023
6851,3026,1:38:14 PM,117,20-02-2023
6852,3026,1:38:14 PM,130,20-02-2023
6853,3026,1:38:14 PM,NULL,20-02-2023
6854,3027,1:41:20 PM,108,20-02-2023
6855,3027,1:41:20 PM,129,20-02-2023
6856,3027,1:41:20 PM,123,20-02-2023
6857,3027,1:41:20 PM,106,20-02-2023
6858,3028,1:48:58 PM,129,20-02-2023
6859,3029,1:55:24 PM,102,20-02-2023
6860,3029,1:55:24 PM,113,20-02-2023
6861,3029,1:55:24 PM,119,20-02-2023
6862,3029,1:55:24 PM,130,20-02-2023
6863,3030,1:59:16 PM,102,20-02-2023
6864,3030,1:59:16 PM,108,20-02-2023
6865,3030,1:59:16 PM,111,20-02-2023
6866,3030,1:59:16 PM,119,20-02-2023
6867,3031,2:06:14 PM,101,20-02-2023
6868,3031,2:06:14 PM,104,20-02-2023
6869,3031,2:06:14 PM,105,20-02-2023
6870,3032,2:08:19 PM,117,20-02-2023
6871,3032,2:08:19 PM,119,20-02-2023
6872,3032,2:08:19 PM,119,20-02-2023
6873,3032,2:08:19 PM,120,20-02-2023
6874,3033,2:54:29 PM,110,20-02-2023
6875,3034,2:55:08 PM,124,20-02-2023
6876,3034,2:55:08 PM,106,20-02-2023
6877,3034,2:55:08 PM,114,20-02-2023
6878,3035,3:07:45 PM,107,20-02-2023
6879,3035,3:07:45 PM,128,20-02-2023
6880,3036,3:14:47 PM,116,20-02-2023
6881,3036,3:14:47 PM,104,20-02-2023
6882,3037,3:16:15 PM,101,20-02-2023
6883,3037,3:16:15 PM,109,20-02-2023
6884,3038,3:46:43 PM,104,20-02-2023
6885,3038,3:46:43 PM,113,20-02-2023
6886,3039,3:48:51 PM,108,20-02-2023
6887,3039,3:48:51 PM,129,20-02-2023
6888,3040,4:09:58 PM,112,20-02-2023
6889,3040,4:09:58 PM,114,20-02-2023
6890,3041,4:25:39 PM,101,20-02-2023
6891,3041,4:25:39 PM,104,20-02-2023
6892,3041,4:25:39 PM,113,20-02-2023
6893,3041,4:25:39 PM,122,20-02-2023
6894,3042,4:30:09 PM,117,20-02-2023
6895,3042,4:30:09 PM,129,20-02-2023
6896,3042,4:30:09 PM,111,20-02-2023
6897,3042,4:30:09 PM,106,20-02-2023
6898,3043,4:46:25 PM,102,20-02-2023
6899,3043,4:46:25 PM,109,20-02-2023
6900,3044,5:10:25 PM,102,20-02-2023
6901,3045,5:27:46 PM,102,20-02-2023
6902,3045,5:27:46 PM,113,20-02-2023
6903,3046,5:35:34 PM,132,20-02-2023
6904,3047,5:42:09 PM,101,20-02-2023
6905,3047,5:42:09 PM,116,20-02-2023
6906,3047,5:42:09 PM,122,20-02-2023
6907,3047,5:42:09 PM,132,20-02-2023
6908,3048,5:45:15 PM,113,20-02-2023
6909,3048,5:45:15 PM,121,20-02-2023
6910,3048,5:45:15 PM,114,20-02-2023
6911,3049,5:49:20 PM,118,20-02-2023
6912,3050,5:54:22 PM,102,20-02-2023
6913,3050,5:54:22 PM,117,20-02-2023
6914,3050,5:54:22 PM,119,20-02-2023
6915,3051,5:57:09 PM,113,20-02-2023
6916,3051,5:57:09 PM,120,20-02-2023
6917,3052,5:57:21 PM,132,20-02-2023
6918,3053,5:58:01 PM,115,20-02-2023
6919,3053,5:58:01 PM,124,20-02-2023
6920,3053,5:58:01 PM,128,20-02-2023
6921,3053,5:58:01 PM,132,20-02-2023
6922,3054,6:04:47 PM,104,20-02-2023
6923,3054,6:04:47 PM,126,20-02-2023
6924,3055,6:42:15 PM,129,20-02-2023
6925,3055,6:42:15 PM,111,20-02-2023
6926,3055,6:42:15 PM,131,20-02-2023
6927,3056,7:01:48 PM,123,20-02-2023
6928,3057,7:17:04 PM,127,20-02-2023
6929,3058,7:19:17 PM,125,20-02-2023
6930,3058,7:19:17 PM,109,20-02-2023
6931,3058,7:19:17 PM,121,20-02-2023
6932,3059,7:26:34 PM,107,20-02-2023
6933,3059,7:26:34 PM,102,20-02-2023
6934,3060,7:36:58 PM,102,20-02-2023
6935,3060,7:36:58 PM,113,20-02-2023
6936,3061,7:42:12 PM,102,20-02-2023
6937,3061,7:42:12 PM,131,20-02-2023
6938,3062,7:51:17 PM,130,20-02-2023
6939,3063,8:03:43 PM,125,20-02-2023
6940,3063,8:03:43 PM,128,20-02-2023
6941,3063,8:03:43 PM,132,20-02-2023
6942,3064,8:06:45 PM,119,20-02-2023
6943,3065,8:12:13 PM,102,20-02-2023
6944,3065,8:12:13 PM,118,20-02-2023
6945,3065,8:12:13 PM,123,20-02-2023
6946,3066,8:12:43 PM,103,20-02-2023
6947,3066,8:12:43 PM,112,20-02-2023
6948,3067,8:22:25 PM,102,20-02-2023
6949,3067,8:22:25 PM,128,20-02-2023
6950,3067,8:22:25 PM,105,20-02-2023
6951,3067,8:22:25 PM,123,20-02-2023
6952,3068,8:45:09 PM,108,20-02-2023
6953,3069,8:47:39 PM,110,20-02-2023
6954,3069,8:47:39 PM,113,20-02-2023
6955,3070,9:02:16 PM,113,20-02-2023
6956,3071,9:14:34 PM,108,20-02-2023
6957,3071,9:14:34 PM,109,20-02-2023
6958,3071,9:14:34 PM,113,20-02-2023
6959,3071,9:14:34 PM,118,20-02-2023
6960,3072,9:28:46 PM,108,20-02-2023
6961,3072,9:28:46 PM,108,20-02-2023
6962,3072,9:28:46 PM,130,20-02-2023
6963,3072,9:28:46 PM,106,20-02-2023
6964,3073,9:36:46 PM,125,20-02-2023
6965,3074,9:39:19 PM,101,20-02-2023
6966,3074,9:39:19 PM,102,20-02-2023
6967,3075,10:11:07 PM,116,20-02-2023
6968,3075,10:11:07 PM,117,20-02-2023
6969,3075,10:11:07 PM,128,20-02-2023
6970,3076,10:12:20 PM,125,20-02-2023
6971,3076,10:12:20 PM,110,20-02-2023
6972,3076,10:12:20 PM,117,20-02-2023
6973,3077,10:17:15 PM,106,20-02-2023
6974,3078,11:43:29 AM,128,21-02-2023
6975,3079,12:04:27 PM,107,21-02-2023
6976,3080,12:23:18 PM,107,21-02-2023
6977,3080,12:23:18 PM,111,21-02-2023
6978,3080,12:23:18 PM,113,21-02-2023
6979,3080,12:23:18 PM,105,21-02-2023
6980,3081,12:35:15 PM,111,21-02-2023
6981,3082,12:37:30 PM,101,21-02-2023
6982,3082,12:37:30 PM,101,21-02-2023
6983,3082,12:37:30 PM,116,21-02-2023
6984,3082,12:37:30 PM,109,21-02-2023
6985,3082,12:37:30 PM,127,21-02-2023
6986,3082,12:37:30 PM,111,21-02-2023
6987,3082,12:37:30 PM,105,21-02-2023
6988,3082,12:37:30 PM,122,21-02-2023
6989,3082,12:37:30 PM,106,21-02-2023
6990,3083,12:43:43 PM,124,21-02-2023
6991,3083,12:43:43 PM,125,21-02-2023
6992,3083,12:43:43 PM,125,21-02-2023
6993,3084,12:44:07 PM,102,21-02-2023
6994,3084,12:44:07 PM,127,21-02-2023
6995,3085,12:49:36 PM,112,21-02-2023
6996,3086,12:57:21 PM,128,21-02-2023
6997,3087,12:59:13 PM,108,21-02-2023
6998,3087,12:59:13 PM,126,21-02-2023
6999,3088,1:20:12 PM,121,21-02-2023
7000,3088,1:20:12 PM,114,21-02-2023
7001,3089,1:42:51 PM,107,21-02-2023
7002,3089,1:42:51 PM,106,21-02-2023
7003,3089,1:42:51 PM,114,21-02-2023
7004,3090,2:03:29 PM,108,21-02-2023
7005,3090,2:03:29 PM,124,21-02-2023
7006,3090,2:03:29 PM,109,21-02-2023
7007,3090,2:03:29 PM,111,21-02-2023
7008,3091,2:04:59 PM,130,21-02-2023
7009,3091,2:04:59 PM,106,21-02-2023
7010,3092,2:41:55 PM,126,21-02-2023
7011,3092,2:41:55 PM,127,21-02-2023
7012,3092,2:41:55 PM,105,21-02-2023
7013,3093,3:07:39 PM,109,21-02-2023
7014,3094,3:10:02 PM,107,21-02-2023
7015,3095,3:11:34 PM,101,21-02-2023
7016,3095,3:11:34 PM,115,21-02-2023
7017,3095,3:11:34 PM,104,21-02-2023
7018,3095,3:11:34 PM,125,21-02-2023
7019,3095,3:11:34 PM,120,21-02-2023
7020,3095,3:11:34 PM,106,21-02-2023
7021,3095,3:11:34 PM,106,21-02-2023
7022,3096,3:12:31 PM,125,21-02-2023
7023,3096,3:12:31 PM,128,21-02-2023
7024,3097,3:25:30 PM,101,21-02-2023
7025,3097,3:25:30 PM,115,21-02-2023
7026,3097,3:25:30 PM,119,21-02-2023
7027,3098,3:26:00 PM,127,21-02-2023
7028,3098,3:26:00 PM,122,21-02-2023
7029,3099,3:37:24 PM,127,21-02-2023
7030,3100,3:41:20 PM,114,21-02-2023
7031,3101,4:12:23 PM,107,21-02-2023
7032,3101,4:12:23 PM,116,21-02-2023
7033,3101,4:12:23 PM,125,21-02-2023
7034,3101,4:12:23 PM,122,21-02-2023
7035,3102,4:32:10 PM,107,21-02-2023
7036,3102,4:32:10 PM,108,21-02-2023
7037,3102,4:32:10 PM,130,21-02-2023
7038,3103,4:37:19 PM,101,21-02-2023
7039,3104,4:45:25 PM,106,21-02-2023
7040,3105,4:46:37 PM,107,21-02-2023
7041,3105,4:46:37 PM,125,21-02-2023
7042,3105,4:46:37 PM,127,21-02-2023
7043,3106,5:16:04 PM,117,21-02-2023
7044,3107,5:26:20 PM,120,21-02-2023
7045,3107,5:26:20 PM,105,21-02-2023
7046,3108,5:28:57 PM,101,21-02-2023
7047,3108,5:28:57 PM,112,21-02-2023
7048,3108,5:28:57 PM,122,21-02-2023
7049,3108,5:28:57 PM,106,21-02-2023
7050,3109,5:30:27 PM,102,21-02-2023
7051,3109,5:30:27 PM,125,21-02-2023
7052,3109,5:30:27 PM,132,21-02-2023
7053,3110,5:54:51 PM,108,21-02-2023
7054,3111,6:11:42 PM,116,21-02-2023
7055,3111,6:11:42 PM,106,21-02-2023
7056,3112,6:12:32 PM,115,21-02-2023
7057,3112,6:12:32 PM,125,21-02-2023
7058,3112,6:12:32 PM,127,21-02-2023
7059,3112,6:12:32 PM,132,21-02-2023
7060,3113,6:13:22 PM,116,21-02-2023
7061,3113,6:13:22 PM,108,21-02-2023
7062,3114,6:13:49 PM,102,21-02-2023
7063,3115,6:15:34 PM,132,21-02-2023
7064,3116,6:28:28 PM,124,21-02-2023
7065,3116,6:28:28 PM,110,21-02-2023
7066,3117,6:47:53 PM,113,21-02-2023
7067,3118,7:07:50 PM,116,21-02-2023
7068,3118,7:07:50 PM,118,21-02-2023
7069,3119,7:16:59 PM,126,21-02-2023
7070,3120,7:21:02 PM,101,21-02-2023
7071,3120,7:21:02 PM,113,21-02-2023
7072,3121,7:25:20 PM,110,21-02-2023
7073,3122,7:29:14 PM,108,21-02-2023
7074,3122,7:29:14 PM,126,21-02-2023
7075,3123,7:46:07 PM,126,21-02-2023
7076,3123,7:46:07 PM,105,21-02-2023
7077,3124,7:59:20 PM,125,21-02-2023
7078,3124,7:59:20 PM,113,21-02-2023
7079,3124,7:59:20 PM,131,21-02-2023
7080,3125,8:12:37 PM,124,21-02-2023
7081,3125,8:12:37 PM,109,21-02-2023
7082,3125,8:12:37 PM,132,21-02-2023
7083,3126,8:35:12 PM,102,21-02-2023
7084,3127,8:40:10 PM,103,21-02-2023
7085,3127,8:40:10 PM,110,21-02-2023
7086,3127,8:40:10 PM,132,21-02-2023
7087,3128,9:45:43 PM,109,21-02-2023
7088,3129,9:50:56 PM,111,21-02-2023
7089,3130,9:59:36 PM,111,21-02-2023
7090,3130,9:59:36 PM,112,21-02-2023
7091,3131,10:14:02 PM,105,21-02-2023
7092,3132,10:55:11 PM,101,21-02-2023
7093,3132,10:55:11 PM,102,21-02-2023
7094,3132,10:55:11 PM,125,21-02-2023
7095,3133,11:05:24 PM,128,21-02-2023
7096,3133,11:05:24 PM,111,21-02-2023
7097,3133,11:05:24 PM,121,21-02-2023
7098,3134,11:40:25 AM,107,22-02-2023
7099,3134,11:40:25 AM,108,22-02-2023
7100,3135,12:00:54 PM,101,22-02-2023
7101,3136,12:39:19 PM,102,22-02-2023
7102,3136,12:39:19 PM,109,22-02-2023
7103,3136,12:39:19 PM,113,22-02-2023
7104,3136,12:39:19 PM,118,22-02-2023
7105,3136,12:39:19 PM,120,22-02-2023
7106,3136,12:39:19 PM,122,22-02-2023
7107,3136,12:39:19 PM,131,22-02-2023
7108,3136,12:39:19 PM,106,22-02-2023
7109,3137,12:40:49 PM,112,22-02-2023
7110,3138,1:02:28 PM,101,22-02-2023
7111,3138,1:02:28 PM,102,22-02-2023
7112,3138,1:02:28 PM,103,22-02-2023
7113,3138,1:02:28 PM,104,22-02-2023
7114,3138,1:02:28 PM,108,22-02-2023
7115,3138,1:02:28 PM,112,22-02-2023
7116,3138,1:02:28 PM,113,22-02-2023
7117,3138,1:02:28 PM,105,22-02-2023
7118,3139,1:11:07 PM,110,22-02-2023
7119,3140,1:40:06 PM,119,22-02-2023
7120,3141,2:15:23 PM,NULL,22-02-2023
7121,3142,2:17:17 PM,102,22-02-2023
7122,3142,2:17:17 PM,110,22-02-2023
7123,3142,2:17:17 PM,130,22-02-2023
7124,3142,2:17:17 PM,131,22-02-2023
7125,3143,3:16:59 PM,107,22-02-2023
7126,3143,3:16:59 PM,119,22-02-2023
7127,3144,3:26:04 PM,124,22-02-2023
7128,3144,3:26:04 PM,127,22-02-2023
7129,3144,3:26:04 PM,112,22-02-2023
7130,3144,3:26:04 PM,105,22-02-2023
7131,3145,3:41:07 PM,101,22-02-2023
7132,3145,3:41:07 PM,108,22-02-2023
7133,3145,3:41:07 PM,109,22-02-2023
7134,3145,3:41:07 PM,113,22-02-2023
7135,3146,3:55:09 PM,125,22-02-2023
7136,3146,3:55:09 PM,118,22-02-2023
7137,3146,3:55:09 PM,122,22-02-2023
7138,3147,3:59:59 PM,108,22-02-2023
7139,3147,3:59:59 PM,120,22-02-2023
7140,3147,3:59:59 PM,121,22-02-2023
7141,3147,3:59:59 PM,123,22-02-2023
7142,3148,4:03:50 PM,120,22-02-2023
7143,3149,4:23:12 PM,120,22-02-2023
7144,3149,4:23:12 PM,122,22-02-2023
7145,3149,4:23:12 PM,123,22-02-2023
7146,3150,4:23:23 PM,124,22-02-2023
7147,3151,4:34:34 PM,126,22-02-2023
7148,3151,4:34:34 PM,131,22-02-2023
7149,3151,4:34:34 PM,132,22-02-2023
7150,3152,4:42:27 PM,110,22-02-2023
7151,3152,4:42:27 PM,129,22-02-2023
7152,3152,4:42:27 PM,112,22-02-2023
7153,3152,4:42:27 PM,NULL,22-02-2023
7154,3153,5:00:52 PM,112,22-02-2023
7155,3153,5:00:52 PM,132,22-02-2023
7156,3154,5:44:21 PM,114,22-02-2023
7157,3155,6:28:37 PM,106,22-02-2023
7158,3156,6:57:53 PM,102,22-02-2023
7159,3156,6:57:53 PM,106,22-02-2023
7160,3157,7:34:23 PM,102,22-02-2023
7161,3157,7:34:23 PM,108,22-02-2023
7162,3158,7:35:02 PM,109,22-02-2023
7163,3159,7:38:44 PM,118,22-02-2023
7164,3159,7:38:44 PM,132,22-02-2023
7165,3160,7:51:29 PM,116,22-02-2023
7166,3160,7:51:29 PM,102,22-02-2023
7167,3161,7:53:24 PM,124,22-02-2023
7168,3161,7:53:24 PM,112,22-02-2023
7169,3161,7:53:24 PM,120,22-02-2023
7170,3161,7:53:24 PM,120,22-02-2023
7171,3162,8:40:55 PM,124,22-02-2023
7172,3162,8:40:55 PM,112,22-02-2023
7173,3162,8:40:55 PM,105,22-02-2023
7174,3163,8:43:58 PM,107,22-02-2023
7175,3164,8:47:46 PM,130,22-02-2023
7176,3165,9:02:45 PM,106,22-02-2023
7177,3165,9:02:45 PM,114,22-02-2023
7178,3166,9:12:20 PM,102,22-02-2023
7179,3167,9:13:36 PM,103,22-02-2023
7180,3167,9:13:36 PM,120,22-02-2023
7181,3167,9:13:36 PM,122,22-02-2023
7182,3167,9:13:36 PM,130,22-02-2023
7183,3168,9:36:58 PM,107,22-02-2023
7184,3169,9:50:42 PM,101,22-02-2023
7185,3169,9:50:42 PM,107,22-02-2023
7186,3169,9:50:42 PM,109,22-02-2023
7187,3169,9:50:42 PM,131,22-02-2023
7188,3170,10:13:50 PM,108,22-02-2023
7189,3170,10:13:50 PM,130,22-02-2023
7190,3170,10:13:50 PM,106,22-02-2023
7191,3171,11:18:31 AM,121,23-02-2023
7192,3172,11:52:30 AM,101,23-02-2023
7193,3172,11:52:30 AM,108,23-02-2023
7194,3173,11:54:41 AM,102,23-02-2023
7195,3173,11:54:41 AM,111,23-02-2023
7196,3173,11:54:41 AM,112,23-02-2023
7197,3174,12:09:18 PM,104,23-02-2023
7198,3175,12:10:43 PM,109,23-02-2023
7199,3175,12:10:43 PM,117,23-02-2023
7200,3175,12:10:43 PM,121,23-02-2023
7201,3176,12:21:42 PM,102,23-02-2023
7202,3176,12:21:42 PM,128,23-02-2023
7203,3177,12:23:43 PM,104,23-02-2023
7204,3177,12:23:43 PM,113,23-02-2023
7205,3178,12:30:16 PM,122,23-02-2023
7206,3179,12:41:52 PM,101,23-02-2023
7207,3179,12:41:52 PM,127,23-02-2023
7208,3179,12:41:52 PM,127,23-02-2023
7209,3179,12:41:52 PM,105,23-02-2023
7210,3180,12:44:52 PM,119,23-02-2023
7211,3181,12:51:43 PM,102,23-02-2023
7212,3181,12:51:43 PM,132,23-02-2023
7213,3182,12:57:29 PM,127,23-02-2023
7214,3183,1:04:34 PM,117,23-02-2023
7215,3184,1:15:00 PM,126,23-02-2023
7216,3185,1:22:07 PM,117,23-02-2023
7217,3185,1:22:07 PM,111,23-02-2023
7218,3185,1:22:07 PM,132,23-02-2023
7219,3186,1:22:54 PM,102,23-02-2023
7220,3186,1:22:54 PM,111,23-02-2023
7221,3186,1:22:54 PM,112,23-02-2023
7222,3187,1:27:18 PM,101,23-02-2023
7223,3187,1:27:18 PM,102,23-02-2023
7224,3187,1:27:18 PM,108,23-02-2023
7225,3187,1:27:18 PM,124,23-02-2023
7226,3187,1:27:18 PM,110,23-02-2023
7227,3187,1:27:18 PM,113,23-02-2023
7228,3187,1:27:18 PM,113,23-02-2023
7229,3187,1:27:18 PM,120,23-02-2023
7230,3187,1:27:18 PM,105,23-02-2023
7231,3187,1:27:18 PM,122,23-02-2023
7232,3187,1:27:18 PM,122,23-02-2023
7233,3187,1:27:18 PM,131,23-02-2023
7234,3188,1:34:56 PM,121,23-02-2023
7235,3189,1:59:04 PM,102,23-02-2023
7236,3189,1:59:04 PM,103,23-02-2023
7237,3189,1:59:04 PM,109,23-02-2023
7238,3189,1:59:04 PM,110,23-02-2023
7239,3189,1:59:04 PM,113,23-02-2023
7240,3189,1:59:04 PM,105,23-02-2023
7241,3189,1:59:04 PM,106,23-02-2023
7242,3189,1:59:04 PM,NULL,23-02-2023
7243,3190,2:24:16 PM,124,23-02-2023
7244,3190,2:24:16 PM,132,23-02-2023
7245,3191,3:11:01 PM,117,23-02-2023
7246,3191,3:11:01 PM,132,23-02-2023
7247,3192,3:19:27 PM,112,23-02-2023
7248,3193,3:49:25 PM,123,23-02-2023
7249,3194,4:19:34 PM,125,23-02-2023
7250,3195,4:24:11 PM,103,23-02-2023
7251,3195,4:24:11 PM,112,23-02-2023
7252,3195,4:24:11 PM,114,23-02-2023
7253,3196,4:28:00 PM,111,23-02-2023
7254,3196,4:28:00 PM,122,23-02-2023
7255,3197,4:36:02 PM,108,23-02-2023
7256,3198,4:40:05 PM,126,23-02-2023
7257,3198,4:40:05 PM,132,23-02-2023
7258,3199,5:13:58 PM,115,23-02-2023
7259,3199,5:13:58 PM,106,23-02-2023
7260,3200,5:16:39 PM,109,23-02-2023
7261,3200,5:16:39 PM,123,23-02-2023
7262,3201,5:21:33 PM,104,23-02-2023
7263,3201,5:21:33 PM,110,23-02-2023
7264,3201,5:21:33 PM,123,23-02-2023
7265,3201,5:21:33 PM,132,23-02-2023
7266,3202,5:22:50 PM,104,23-02-2023
7267,3202,5:22:50 PM,110,23-02-2023
7268,3202,5:22:50 PM,131,23-02-2023
7269,3202,5:22:50 PM,NULL,23-02-2023
7270,3203,5:23:12 PM,106,23-02-2023
7271,3203,5:23:12 PM,132,23-02-2023
7272,3204,5:29:25 PM,111,23-02-2023
7273,3204,5:29:25 PM,119,23-02-2023
7274,3205,5:31:33 PM,102,23-02-2023
7275,3205,5:31:33 PM,111,23-02-2023
7276,3205,5:31:33 PM,106,23-02-2023
7277,3206,5:31:54 PM,107,23-02-2023
7278,3206,5:31:54 PM,113,23-02-2023
7279,3206,5:31:54 PM,130,23-02-2023
7280,3206,5:31:54 PM,123,23-02-2023
7281,3207,5:34:41 PM,108,23-02-2023
7282,3207,5:34:41 PM,109,23-02-2023
7283,3208,5:41:51 PM,108,23-02-2023
7284,3209,5:42:59 PM,107,23-02-2023
7285,3210,6:05:29 PM,108,23-02-2023
7286,3210,6:05:29 PM,110,23-02-2023
7287,3210,6:05:29 PM,129,23-02-2023
7288,3210,6:05:29 PM,131,23-02-2023
7289,3211,6:22:26 PM,116,23-02-2023
7290,3211,6:22:26 PM,108,23-02-2023
7291,3212,6:33:38 PM,101,23-02-2023
7292,3212,6:33:38 PM,129,23-02-2023
7293,3213,6:37:54 PM,102,23-02-2023
7294,3214,6:39:22 PM,119,23-02-2023
7295,3215,6:48:26 PM,113,23-02-2023
7296,3216,6:51:30 PM,125,23-02-2023
7297,3216,6:51:30 PM,117,23-02-2023
7298,3216,6:51:30 PM,127,23-02-2023
7299,3216,6:51:30 PM,129,23-02-2023
7300,3217,7:56:16 PM,102,23-02-2023
7301,3217,7:56:16 PM,103,23-02-2023
7302,3217,7:56:16 PM,125,23-02-2023
7303,3217,7:56:16 PM,119,23-02-2023
7304,3218,7:57:22 PM,108,23-02-2023
7305,3219,8:21:54 PM,116,23-02-2023
7306,3219,8:21:54 PM,119,23-02-2023
7307,3220,8:33:37 PM,109,23-02-2023
7308,3221,9:09:47 PM,108,23-02-2023
7309,3222,9:19:27 PM,109,23-02-2023
7310,3222,9:19:27 PM,118,23-02-2023
7311,3222,9:19:27 PM,123,23-02-2023
7312,3223,10:05:27 PM,116,23-02-2023
7313,3223,10:05:27 PM,126,23-02-2023
7314,3223,10:05:27 PM,132,23-02-2023
7315,3224,10:22:21 PM,107,23-02-2023
7316,3225,11:44:17 AM,108,24-02-2023
7317,3226,11:56:22 AM,108,24-02-2023
7318,3226,11:56:22 AM,129,24-02-2023
7319,3226,11:56:22 AM,113,24-02-2023
7320,3226,11:56:22 AM,118,24-02-2023
7321,3226,11:56:22 AM,121,24-02-2023
7322,3227,11:57:44 AM,103,24-02-2023
7323,3227,11:57:44 AM,122,24-02-2023
7324,3228,12:08:42 PM,109,24-02-2023
7325,3228,12:08:42 PM,111,24-02-2023
7326,3229,12:11:31 PM,124,24-02-2023
7327,3229,12:11:31 PM,120,24-02-2023
7328,3230,12:13:18 PM,121,24-02-2023
7329,3230,12:13:18 PM,106,24-02-2023
7330,3231,12:15:10 PM,125,24-02-2023
7331,3231,12:15:10 PM,130,24-02-2023
7332,3232,12:24:43 PM,124,24-02-2023
7333,3232,12:24:43 PM,125,24-02-2023
7334,3232,12:24:43 PM,126,24-02-2023
7335,3232,12:24:43 PM,122,24-02-2023
7336,3233,12:29:32 PM,106,24-02-2023
7337,3234,12:34:37 PM,101,24-02-2023
7338,3234,12:34:37 PM,101,24-02-2023
7339,3234,12:34:37 PM,115,24-02-2023
7340,3234,12:34:37 PM,102,24-02-2023
7341,3234,12:34:37 PM,102,24-02-2023
7342,3234,12:34:37 PM,124,24-02-2023
7343,3234,12:34:37 PM,109,24-02-2023
7344,3234,12:34:37 PM,113,24-02-2023
7345,3234,12:34:37 PM,121,24-02-2023
7346,3234,12:34:37 PM,105,24-02-2023
7347,3235,12:49:47 PM,118,24-02-2023
7348,3236,12:50:51 PM,101,24-02-2023
7349,3236,12:50:51 PM,115,24-02-2023
7350,3236,12:50:51 PM,105,24-02-2023
7351,3236,12:50:51 PM,123,24-02-2023
7352,3237,12:51:26 PM,102,24-02-2023
7353,3238,12:52:55 PM,122,24-02-2023
7354,3239,1:11:53 PM,118,24-02-2023
7355,3240,1:24:10 PM,107,24-02-2023
7356,3240,1:24:10 PM,127,24-02-2023
7357,3240,1:24:10 PM,122,24-02-2023
7358,3241,1:26:36 PM,107,24-02-2023
7359,3242,1:26:39 PM,116,24-02-2023
7360,3242,1:26:39 PM,120,24-02-2023
7361,3242,1:26:39 PM,123,24-02-2023
7362,3243,1:29:11 PM,118,24-02-2023
7363,3243,1:29:11 PM,123,24-02-2023
7364,3244,1:40:52 PM,116,24-02-2023
7365,3244,1:40:52 PM,117,24-02-2023
7366,3245,2:08:37 PM,132,24-02-2023
7367,3246,2:31:36 PM,116,24-02-2023
7368,3246,2:31:36 PM,124,24-02-2023
7369,3246,2:31:36 PM,117,24-02-2023
7370,3247,2:43:13 PM,117,24-02-2023
7371,3248,3:00:06 PM,112,24-02-2023
7372,3249,3:18:55 PM,108,24-02-2023
7373,3249,3:18:55 PM,109,24-02-2023
7374,3249,3:18:55 PM,118,24-02-2023
7375,3250,4:09:29 PM,101,24-02-2023
7376,3250,4:09:29 PM,109,24-02-2023
7377,3250,4:09:29 PM,119,24-02-2023
7378,3250,4:09:29 PM,106,24-02-2023
7379,3251,4:19:28 PM,117,24-02-2023
7380,3252,4:28:32 PM,118,24-02-2023
7381,3253,4:33:11 PM,112,24-02-2023
7382,3254,4:39:08 PM,109,24-02-2023
7383,3254,4:39:08 PM,129,24-02-2023
7384,3254,4:39:08 PM,111,24-02-2023
7385,3255,4:41:21 PM,105,24-02-2023
7386,3255,4:41:21 PM,105,24-02-2023
7387,3255,4:41:21 PM,132,24-02-2023
7388,3256,5:31:07 PM,104,24-02-2023
7389,3256,5:31:07 PM,108,24-02-2023
7390,3256,5:31:07 PM,113,24-02-2023
7391,3256,5:31:07 PM,113,24-02-2023
7392,3257,5:38:20 PM,111,24-02-2023
7393,3257,5:38:20 PM,105,24-02-2023
7394,3258,5:40:49 PM,125,24-02-2023
7395,3258,5:40:49 PM,109,24-02-2023
7396,3258,5:40:49 PM,130,24-02-2023
7397,3259,5:40:57 PM,116,24-02-2023
7398,3260,5:41:19 PM,105,24-02-2023
7399,3260,5:41:19 PM,132,24-02-2023
7400,3261,5:50:57 PM,101,24-02-2023
7401,3261,5:50:57 PM,124,24-02-2023
7402,3261,5:50:57 PM,113,24-02-2023
7403,3261,5:50:57 PM,119,24-02-2023
7404,3262,6:05:09 PM,102,24-02-2023
7405,3262,6:05:09 PM,112,24-02-2023
7406,3262,6:05:09 PM,130,24-02-2023
7407,3263,6:11:03 PM,101,24-02-2023
7408,3264,6:19:39 PM,108,24-02-2023
7409,3264,6:19:39 PM,131,24-02-2023
7410,3265,6:39:12 PM,116,24-02-2023
7411,3265,6:39:12 PM,110,24-02-2023
7412,3265,6:39:12 PM,113,24-02-2023
7413,3266,6:40:58 PM,115,24-02-2023
7414,3266,6:40:58 PM,126,24-02-2023
7415,3267,6:42:17 PM,126,24-02-2023
7416,3267,6:42:17 PM,113,24-02-2023
7417,3268,7:23:15 PM,118,24-02-2023
7418,3268,7:23:15 PM,122,24-02-2023
7419,3269,7:26:01 PM,109,24-02-2023
7420,3269,7:26:01 PM,120,24-02-2023
7421,3269,7:26:01 PM,106,24-02-2023
7422,3270,7:31:37 PM,129,24-02-2023
7423,3271,7:40:28 PM,117,24-02-2023
7424,3272,7:43:11 PM,125,24-02-2023
7425,3272,7:43:11 PM,110,24-02-2023
7426,3273,8:20:10 PM,124,24-02-2023
7427,3273,8:20:10 PM,110,24-02-2023
7428,3274,8:23:21 PM,113,24-02-2023
7429,3274,8:23:21 PM,106,24-02-2023
7430,3275,8:40:50 PM,NULL,24-02-2023
7431,3276,8:46:55 PM,109,24-02-2023
7432,3276,8:46:55 PM,114,24-02-2023
7433,3277,8:49:40 PM,124,24-02-2023
7434,3278,9:03:42 PM,102,24-02-2023
7435,3278,9:03:42 PM,109,24-02-2023
7436,3278,9:03:42 PM,111,24-02-2023
7437,3278,9:03:42 PM,120,24-02-2023
7438,3279,9:35:05 PM,101,24-02-2023
7439,3279,9:35:05 PM,106,24-02-2023
7440,3280,9:48:31 PM,102,24-02-2023
7441,3280,9:48:31 PM,124,24-02-2023
7442,3280,9:48:31 PM,113,24-02-2023
7443,3280,9:48:31 PM,119,24-02-2023
7444,3281,9:50:48 PM,124,24-02-2023
7445,3281,9:50:48 PM,113,24-02-2023
7446,3281,9:50:48 PM,123,24-02-2023
7447,3282,10:57:58 PM,123,24-02-2023
7448,3283,10:54:03 AM,125,25-02-2023
7449,3283,10:54:03 AM,111,25-02-2023
7450,3284,11:37:52 AM,109,25-02-2023
7451,3285,11:47:42 AM,101,25-02-2023
7452,3286,11:50:16 AM,107,25-02-2023
7453,3286,11:50:16 AM,104,25-02-2023
7454,3286,11:50:16 AM,106,25-02-2023
7455,3286,11:50:16 AM,132,25-02-2023
7456,3287,12:00:21 PM,101,25-02-2023
7457,3287,12:00:21 PM,125,25-02-2023
7458,3288,12:00:55 PM,102,25-02-2023
7459,3288,12:00:55 PM,104,25-02-2023
7460,3288,12:00:55 PM,110,25-02-2023
7461,3289,12:22:27 PM,102,25-02-2023
7462,3289,12:22:27 PM,125,25-02-2023
7463,3289,12:22:27 PM,113,25-02-2023
7464,3289,12:22:27 PM,118,25-02-2023
7465,3289,12:22:27 PM,132,25-02-2023
7466,3290,12:32:36 PM,127,25-02-2023
7467,3290,12:32:36 PM,121,25-02-2023
7468,3290,12:32:36 PM,106,25-02-2023
7469,3291,12:34:40 PM,107,25-02-2023
7470,3292,12:39:18 PM,107,25-02-2023
7471,3292,12:39:18 PM,116,25-02-2023
7472,3292,12:39:18 PM,124,25-02-2023
7473,3292,12:39:18 PM,125,25-02-2023
7474,3292,12:39:18 PM,112,25-02-2023
7475,3292,12:39:18 PM,113,25-02-2023
7476,3292,12:39:18 PM,113,25-02-2023
7477,3292,12:39:18 PM,119,25-02-2023
7478,3292,12:39:18 PM,120,25-02-2023
7479,3292,12:39:18 PM,105,25-02-2023
7480,3292,12:39:18 PM,130,25-02-2023
7481,3292,12:39:18 PM,123,25-02-2023
7482,3292,12:39:18 PM,NULL,25-02-2023
7483,3293,12:41:42 PM,103,25-02-2023
7484,3294,12:43:23 PM,112,25-02-2023
7485,3294,12:43:23 PM,132,25-02-2023
7486,3295,12:44:09 PM,110,25-02-2023
7487,3296,12:45:11 PM,101,25-02-2023
7488,3296,12:45:11 PM,107,25-02-2023
7489,3296,12:45:11 PM,108,25-02-2023
7490,3297,12:57:10 PM,117,25-02-2023
7491,3297,12:57:10 PM,NULL,25-02-2023
7492,3298,1:01:51 PM,104,25-02-2023
7493,3299,1:08:59 PM,125,25-02-2023
7494,3299,1:08:59 PM,131,25-02-2023
7495,3300,1:10:46 PM,109,25-02-2023
7496,3301,1:18:01 PM,131,25-02-2023
7497,3302,1:24:42 PM,104,25-02-2023
7498,3302,1:24:42 PM,108,25-02-2023
7499,3303,1:29:23 PM,121,25-02-2023
7500,3304,1:36:09 PM,107,25-02-2023
7501,3304,1:36:09 PM,103,25-02-2023
7502,3304,1:36:09 PM,108,25-02-2023
7503,3304,1:36:09 PM,109,25-02-2023
7504,3304,1:36:09 PM,129,25-02-2023
7505,3304,1:36:09 PM,105,25-02-2023
7506,3304,1:36:09 PM,131,25-02-2023
7507,3305,2:24:47 PM,127,25-02-2023
7508,3306,2:25:47 PM,122,25-02-2023
7509,3307,2:43:41 PM,112,25-02-2023
7510,3307,2:43:41 PM,121,25-02-2023
7511,3307,2:43:41 PM,121,25-02-2023
7512,3308,3:07:18 PM,117,25-02-2023
7513,3308,3:07:18 PM,120,25-02-2023
7514,3309,3:11:35 PM,108,25-02-2023
7515,3309,3:11:35 PM,118,25-02-2023
7516,3310,3:39:00 PM,101,25-02-2023
7517,3310,3:39:00 PM,127,25-02-2023
7518,3310,3:39:00 PM,131,25-02-2023
7519,3311,3:44:27 PM,124,25-02-2023
7520,3311,3:44:27 PM,120,25-02-2023
7521,3311,3:44:27 PM,106,25-02-2023
7522,3311,3:44:27 PM,132,25-02-2023
7523,3312,3:49:29 PM,110,25-02-2023
7524,3312,3:49:29 PM,111,25-02-2023
7525,3313,3:52:00 PM,129,25-02-2023
7526,3314,3:54:56 PM,107,25-02-2023
7527,3314,3:54:56 PM,125,25-02-2023
7528,3314,3:54:56 PM,112,25-02-2023
7529,3315,4:28:11 PM,120,25-02-2023
7530,3315,4:28:11 PM,131,25-02-2023
7531,3316,4:38:42 PM,132,25-02-2023
7532,3317,4:51:29 PM,124,25-02-2023
7533,3317,4:51:29 PM,118,25-02-2023
7534,3318,4:58:06 PM,126,25-02-2023
7535,3318,4:58:06 PM,106,25-02-2023
7536,3319,5:05:27 PM,116,25-02-2023
7537,3320,5:09:14 PM,126,25-02-2023
7538,3320,5:09:14 PM,123,25-02-2023
7539,3321,5:22:08 PM,125,25-02-2023
7540,3321,5:22:08 PM,105,25-02-2023
7541,3321,5:22:08 PM,130,25-02-2023
7542,3321,5:22:08 PM,131,25-02-2023
7543,3322,5:25:13 PM,107,25-02-2023
7544,3322,5:25:13 PM,125,25-02-2023
7545,3322,5:25:13 PM,120,25-02-2023
7546,3322,5:25:13 PM,122,25-02-2023
7547,3323,5:45:10 PM,108,25-02-2023
7548,3323,5:45:10 PM,112,25-02-2023
7549,3324,5:59:30 PM,118,25-02-2023
7550,3325,6:00:51 PM,126,25-02-2023
7551,3325,6:00:51 PM,110,25-02-2023
7552,3326,6:15:41 PM,124,25-02-2023
7553,3326,6:15:41 PM,122,25-02-2023
7554,3327,6:19:46 PM,125,25-02-2023
7555,3328,6:44:25 PM,127,25-02-2023
7556,3328,6:44:25 PM,105,25-02-2023
7557,3329,6:49:43 PM,111,25-02-2023
7558,3329,6:49:43 PM,105,25-02-2023
7559,3329,6:49:43 PM,132,25-02-2023
7560,3330,6:58:00 PM,103,25-02-2023
7561,3330,6:58:00 PM,125,25-02-2023
7562,3330,6:58:00 PM,113,25-02-2023
7563,3330,6:58:00 PM,121,25-02-2023
7564,3331,7:31:42 PM,121,25-02-2023
7565,3332,7:41:18 PM,120,25-02-2023
7566,3333,7:44:04 PM,101,25-02-2023
7567,3334,7:54:47 PM,125,25-02-2023
7568,3334,7:54:47 PM,111,25-02-2023
7569,3335,8:03:38 PM,102,25-02-2023
7570,3335,8:03:38 PM,120,25-02-2023
7571,3336,8:13:37 PM,131,25-02-2023
7572,3337,8:15:01 PM,103,25-02-2023
7573,3337,8:15:01 PM,108,25-02-2023
7574,3337,8:15:01 PM,106,25-02-2023
7575,3337,8:15:01 PM,106,25-02-2023
7576,3338,8:16:05 PM,107,25-02-2023
7577,3339,8:27:43 PM,104,25-02-2023
7578,3339,8:27:43 PM,119,25-02-2023
7579,3340,8:41:17 PM,129,25-02-2023
7580,3340,8:41:17 PM,114,25-02-2023
7581,3341,8:46:02 PM,107,25-02-2023
7582,3342,9:08:05 PM,117,25-02-2023
7583,3342,9:08:05 PM,120,25-02-2023
7584,3342,9:08:05 PM,120,25-02-2023
7585,3343,9:16:08 PM,105,25-02-2023
7586,3344,9:26:35 PM,102,25-02-2023
7587,3344,9:26:35 PM,111,25-02-2023
7588,3345,9:39:51 PM,111,25-02-2023
7589,3346,12:01:09 PM,107,26-02-2023
7590,3346,12:01:09 PM,123,26-02-2023
7591,3347,12:03:11 PM,129,26-02-2023
7592,3348,12:08:52 PM,111,26-02-2023
7593,3348,12:08:52 PM,120,26-02-2023
7594,3349,12:12:46 PM,107,26-02-2023
7595,3349,12:12:46 PM,112,26-02-2023
7596,3349,12:12:46 PM,118,26-02-2023
7597,3350,12:16:27 PM,112,26-02-2023
7598,3350,12:16:27 PM,113,26-02-2023
7599,3350,12:16:27 PM,120,26-02-2023
7600,3351,12:18:48 PM,125,26-02-2023
7601,3351,12:18:48 PM,120,26-02-2023
7602,3352,12:22:34 PM,NULL,26-02-2023
7603,3353,12:39:02 PM,110,26-02-2023
7604,3353,12:39:02 PM,131,26-02-2023
7605,3353,12:39:02 PM,106,26-02-2023
7606,3354,12:58:00 PM,109,26-02-2023
7607,3354,12:58:00 PM,129,26-02-2023
7608,3355,1:04:26 PM,101,26-02-2023
7609,3355,1:04:26 PM,109,26-02-2023
7610,3355,1:04:26 PM,117,26-02-2023
7611,3355,1:04:26 PM,129,26-02-2023
7612,3355,1:04:26 PM,129,26-02-2023
7613,3355,1:04:26 PM,112,26-02-2023
7614,3355,1:04:26 PM,113,26-02-2023
7615,3355,1:04:26 PM,121,26-02-2023
7616,3355,1:04:26 PM,121,26-02-2023
7617,3356,1:06:30 PM,106,26-02-2023
7618,3357,1:07:13 PM,108,26-02-2023
7619,3357,1:07:13 PM,123,26-02-2023
7620,3357,1:07:13 PM,106,26-02-2023
7621,3358,1:13:35 PM,106,26-02-2023
7622,3359,1:25:04 PM,127,26-02-2023
7623,3360,1:44:24 PM,107,26-02-2023
7624,3360,1:44:24 PM,102,26-02-2023
7625,3360,1:44:24 PM,117,26-02-2023
7626,3361,1:50:11 PM,127,26-02-2023
7627,3361,1:50:11 PM,130,26-02-2023
7628,3362,1:50:14 PM,109,26-02-2023
7629,3363,1:52:23 PM,101,26-02-2023
7630,3363,1:52:23 PM,102,26-02-2023
7631,3363,1:52:23 PM,102,26-02-2023
7632,3363,1:52:23 PM,124,26-02-2023
7633,3363,1:52:23 PM,127,26-02-2023
7634,3363,1:52:23 PM,128,26-02-2023
7635,3363,1:52:23 PM,111,26-02-2023
7636,3363,1:52:23 PM,112,26-02-2023
7637,3363,1:52:23 PM,113,26-02-2023
7638,3363,1:52:23 PM,119,26-02-2023
7639,3363,1:52:23 PM,123,26-02-2023
7640,3363,1:52:23 PM,106,26-02-2023
7641,3364,1:56:18 PM,104,26-02-2023
7642,3364,1:56:18 PM,104,26-02-2023
7643,3364,1:56:18 PM,120,26-02-2023
7644,3364,1:56:18 PM,131,26-02-2023
7645,3365,2:08:46 PM,125,26-02-2023
7646,3366,2:18:48 PM,111,26-02-2023
7647,3366,2:18:48 PM,105,26-02-2023
7648,3366,2:18:48 PM,132,26-02-2023
7649,3367,2:28:31 PM,113,26-02-2023
7650,3368,2:48:56 PM,118,26-02-2023
7651,3369,3:22:08 PM,124,26-02-2023
7652,3369,3:22:08 PM,109,26-02-2023
7653,3369,3:22:08 PM,118,26-02-2023
7654,3370,3:39:19 PM,104,26-02-2023
7655,3370,3:39:19 PM,113,26-02-2023
7656,3370,3:39:19 PM,131,26-02-2023
7657,3371,3:58:02 PM,110,26-02-2023
7658,3371,3:58:02 PM,129,26-02-2023
7659,3371,3:58:02 PM,113,26-02-2023
7660,3371,3:58:02 PM,106,26-02-2023
7661,3372,3:58:38 PM,116,26-02-2023
7662,3372,3:58:38 PM,109,26-02-2023
7663,3372,3:58:38 PM,110,26-02-2023
7664,3372,3:58:38 PM,113,26-02-2023
7665,3373,4:01:28 PM,118,26-02-2023
7666,3373,4:01:28 PM,122,26-02-2023
7667,3374,4:15:25 PM,110,26-02-2023
7668,3374,4:15:25 PM,123,26-02-2023
7669,3375,4:20:18 PM,114,26-02-2023
7670,3376,4:27:20 PM,104,26-02-2023
7671,3377,4:32:16 PM,108,26-02-2023
7672,3378,4:53:26 PM,118,26-02-2023
7673,3379,4:55:17 PM,127,26-02-2023
7674,3379,4:55:17 PM,118,26-02-2023
7675,3380,5:16:51 PM,128,26-02-2023
7676,3380,5:16:51 PM,121,26-02-2023
7677,3381,5:22:05 PM,108,26-02-2023
7678,3381,5:22:05 PM,132,26-02-2023
7679,3382,5:24:43 PM,103,26-02-2023
7680,3382,5:24:43 PM,111,26-02-2023
7681,3382,5:24:43 PM,120,26-02-2023
7682,3383,5:31:14 PM,107,26-02-2023
7683,3384,5:37:19 PM,109,26-02-2023
7684,3384,5:37:19 PM,128,26-02-2023
7685,3384,5:37:19 PM,131,26-02-2023
7686,3384,5:37:19 PM,106,26-02-2023
7687,3385,5:45:02 PM,109,26-02-2023
7688,3385,5:45:02 PM,119,26-02-2023
7689,3386,5:50:20 PM,102,26-02-2023
7690,3386,5:50:20 PM,131,26-02-2023
7691,3387,5:51:35 PM,108,26-02-2023
7692,3387,5:51:35 PM,120,26-02-2023
7693,3387,5:51:35 PM,121,26-02-2023
7694,3388,5:53:56 PM,109,26-02-2023
7695,3388,5:53:56 PM,131,26-02-2023
7696,3389,6:19:17 PM,127,26-02-2023
7697,3390,6:26:17 PM,127,26-02-2023
7698,3390,6:26:17 PM,112,26-02-2023
7699,3390,6:26:17 PM,NULL,26-02-2023
7700,3391,6:37:03 PM,102,26-02-2023
7701,3391,6:37:03 PM,113,26-02-2023
7702,3391,6:37:03 PM,118,26-02-2023
7703,3391,6:37:03 PM,120,26-02-2023
7704,3392,6:49:00 PM,101,26-02-2023
7705,3392,6:49:00 PM,125,26-02-2023
7706,3392,6:49:00 PM,129,26-02-2023
7707,3393,6:53:40 PM,105,26-02-2023
7708,3394,7:03:13 PM,109,26-02-2023
7709,3394,7:03:13 PM,119,26-02-2023
7710,3394,7:03:13 PM,132,26-02-2023
7711,3395,7:08:46 PM,107,26-02-2023
7712,3395,7:08:46 PM,124,26-02-2023
7713,3396,7:13:12 PM,110,26-02-2023
7714,3397,7:25:04 PM,109,26-02-2023
7715,3397,7:25:04 PM,119,26-02-2023
7716,3398,7:49:51 PM,102,26-02-2023
7717,3398,7:49:51 PM,103,26-02-2023
7718,3398,7:49:51 PM,113,26-02-2023
7719,3398,7:49:51 PM,106,26-02-2023
7720,3399,8:22:43 PM,109,26-02-2023
7721,3399,8:22:43 PM,128,26-02-2023
7722,3399,8:22:43 PM,113,26-02-2023
7723,3399,8:22:43 PM,114,26-02-2023
7724,3400,10:22:05 PM,104,26-02-2023
7725,3401,11:48:28 AM,107,27-02-2023
7726,3401,11:48:28 AM,118,27-02-2023
7727,3401,11:48:28 AM,105,27-02-2023
7728,3402,11:51:02 AM,116,27-02-2023
7729,3402,11:51:02 AM,108,27-02-2023
7730,3402,11:51:02 AM,111,27-02-2023
7731,3403,11:57:25 AM,101,27-02-2023
7732,3403,11:57:25 AM,125,27-02-2023
7733,3403,11:57:25 AM,118,27-02-2023
7734,3403,11:57:25 AM,118,27-02-2023
7735,3404,12:00:32 PM,122,27-02-2023
7736,3404,12:00:32 PM,123,27-02-2023
7737,3405,12:07:37 PM,118,27-02-2023
7738,3406,12:09:32 PM,102,27-02-2023
7739,3406,12:09:32 PM,126,27-02-2023
7740,3407,12:09:41 PM,119,27-02-2023
7741,3408,12:28:49 PM,102,27-02-2023
7742,3409,12:29:39 PM,103,27-02-2023
7743,3409,12:29:39 PM,117,27-02-2023
7744,3410,12:33:50 PM,112,27-02-2023
7745,3410,12:33:50 PM,114,27-02-2023
7746,3411,12:38:54 PM,130,27-02-2023
7747,3412,12:40:41 PM,101,27-02-2023
7748,3412,12:40:41 PM,124,27-02-2023
7749,3412,12:40:41 PM,109,27-02-2023
7750,3412,12:40:41 PM,113,27-02-2023
7751,3412,12:40:41 PM,118,27-02-2023
7752,3413,12:54:17 PM,104,27-02-2023
7753,3413,12:54:17 PM,108,27-02-2023
7754,3413,12:54:17 PM,125,27-02-2023
7755,3413,12:54:17 PM,118,27-02-2023
7756,3414,12:56:47 PM,112,27-02-2023
7757,3415,1:02:11 PM,117,27-02-2023
7758,3415,1:02:11 PM,128,27-02-2023
7759,3415,1:02:11 PM,111,27-02-2023
7760,3415,1:02:11 PM,130,27-02-2023
7761,3416,1:02:43 PM,127,27-02-2023
7762,3417,1:05:16 PM,102,27-02-2023
7763,3417,1:05:16 PM,125,27-02-2023
7764,3417,1:05:16 PM,127,27-02-2023
7765,3417,1:05:16 PM,120,27-02-2023
7766,3417,1:05:16 PM,105,27-02-2023
7767,3418,1:07:39 PM,125,27-02-2023
7768,3418,1:07:39 PM,109,27-02-2023
7769,3418,1:07:39 PM,119,27-02-2023
7770,3419,1:36:13 PM,102,27-02-2023
7771,3419,1:36:13 PM,103,27-02-2023
7772,3419,1:36:13 PM,113,27-02-2023
7773,3419,1:36:13 PM,120,27-02-2023
7774,3420,1:37:23 PM,125,27-02-2023
7775,3421,1:57:48 PM,120,27-02-2023
7776,3421,1:57:48 PM,105,27-02-2023
7777,3422,2:03:49 PM,113,27-02-2023
7778,3423,2:09:03 PM,107,27-02-2023
7779,3423,2:09:03 PM,110,27-02-2023
7780,3423,2:09:03 PM,127,27-02-2023
7781,3423,2:09:03 PM,112,27-02-2023
7782,3423,2:09:03 PM,120,27-02-2023
7783,3423,2:09:03 PM,121,27-02-2023
7784,3423,2:09:03 PM,130,27-02-2023
7785,3423,2:09:03 PM,123,27-02-2023
7786,3424,2:14:57 PM,109,27-02-2023
7787,3424,2:14:57 PM,117,27-02-2023
7788,3424,2:14:57 PM,106,27-02-2023
7789,3424,2:14:57 PM,132,27-02-2023
7790,3425,2:26:06 PM,110,27-02-2023
7791,3426,3:27:21 PM,128,27-02-2023
7792,3426,3:27:21 PM,122,27-02-2023
7793,3427,3:54:13 PM,102,27-02-2023
7794,3427,3:54:13 PM,113,27-02-2023
7795,3428,4:08:31 PM,124,27-02-2023
7796,3428,4:08:31 PM,106,27-02-2023
7797,3429,4:13:37 PM,130,27-02-2023
7798,3429,4:13:37 PM,123,27-02-2023
7799,3430,4:25:27 PM,128,27-02-2023
7800,3430,4:25:27 PM,113,27-02-2023
7801,3430,4:25:27 PM,132,27-02-2023
7802,3431,4:27:45 PM,102,27-02-2023
7803,3431,4:27:45 PM,112,27-02-2023
7804,3431,4:27:45 PM,113,27-02-2023
7805,3432,4:35:16 PM,126,27-02-2023
7806,3432,4:35:16 PM,113,27-02-2023
7807,3432,4:35:16 PM,122,27-02-2023
7808,3433,4:37:35 PM,125,27-02-2023
7809,3433,4:37:35 PM,132,27-02-2023
7810,3434,4:45:33 PM,108,27-02-2023
7811,3434,4:45:33 PM,113,27-02-2023
7812,3435,4:55:04 PM,122,27-02-2023
7813,3436,5:09:56 PM,111,27-02-2023
7814,3436,5:09:56 PM,105,27-02-2023
7815,3436,5:09:56 PM,131,27-02-2023
7816,3436,5:09:56 PM,131,27-02-2023
7817,3437,5:15:48 PM,112,27-02-2023
7818,3437,5:15:48 PM,105,27-02-2023
7819,3438,5:18:29 PM,128,27-02-2023
7820,3439,5:19:07 PM,127,27-02-2023
7821,3440,5:38:36 PM,103,27-02-2023
7822,3440,5:38:36 PM,117,27-02-2023
7823,3440,5:38:36 PM,119,27-02-2023
7824,3440,5:38:36 PM,120,27-02-2023
7825,3441,5:38:46 PM,108,27-02-2023
7826,3442,5:48:37 PM,118,27-02-2023
7827,3442,5:48:37 PM,105,27-02-2023
7828,3443,5:50:49 PM,107,27-02-2023
7829,3443,5:50:49 PM,113,27-02-2023
7830,3443,5:50:49 PM,120,27-02-2023
7831,3444,5:57:03 PM,101,27-02-2023
7832,3444,5:57:03 PM,102,27-02-2023
7833,3444,5:57:03 PM,121,27-02-2023
7834,3445,6:08:58 PM,107,27-02-2023
7835,3445,6:08:58 PM,128,27-02-2023
7836,3445,6:08:58 PM,114,27-02-2023
7837,3446,6:09:37 PM,123,27-02-2023
7838,3446,6:09:37 PM,132,27-02-2023
7839,3447,6:14:22 PM,109,27-02-2023
7840,3447,6:14:22 PM,113,27-02-2023
7841,3447,6:14:22 PM,122,27-02-2023
7842,3447,6:14:22 PM,106,27-02-2023
7843,3448,6:30:33 PM,107,27-02-2023
7844,3448,6:30:33 PM,128,27-02-2023
7845,3448,6:30:33 PM,119,27-02-2023
7846,3448,6:30:33 PM,106,27-02-2023
7847,3449,6:43:12 PM,111,27-02-2023
7848,3449,6:43:12 PM,113,27-02-2023
7849,3449,6:43:12 PM,118,27-02-2023
7850,3450,6:45:28 PM,101,27-02-2023
7851,3450,6:45:28 PM,102,27-02-2023
7852,3450,6:45:28 PM,120,27-02-2023
7853,3451,6:46:17 PM,108,27-02-2023
7854,3451,6:46:17 PM,113,27-02-2023
7855,3452,6:47:21 PM,108,27-02-2023
7856,3452,6:47:21 PM,110,27-02-2023
7857,3452,6:47:21 PM,106,27-02-2023
7858,3453,6:48:01 PM,106,27-02-2023
7859,3454,6:57:55 PM,107,27-02-2023
7860,3454,6:57:55 PM,116,27-02-2023
7861,3454,6:57:55 PM,125,27-02-2023
7862,3454,6:57:55 PM,122,27-02-2023
7863,3455,7:06:41 PM,101,27-02-2023
7864,3455,7:06:41 PM,126,27-02-2023
7865,3455,7:06:41 PM,113,27-02-2023
7866,3456,7:09:27 PM,101,27-02-2023
7867,3456,7:09:27 PM,105,27-02-2023
7868,3457,7:09:52 PM,126,27-02-2023
7869,3457,7:09:52 PM,118,27-02-2023
7870,3458,7:11:01 PM,126,27-02-2023
7871,3458,7:11:01 PM,118,27-02-2023
7872,3459,7:11:44 PM,102,27-02-2023
7873,3459,7:11:44 PM,110,27-02-2023
7874,3460,7:14:07 PM,101,27-02-2023
7875,3460,7:14:07 PM,102,27-02-2023
7876,3460,7:14:07 PM,112,27-02-2023
7877,3461,7:44:21 PM,110,27-02-2023
7878,3461,7:44:21 PM,111,27-02-2023
7879,3462,7:55:23 PM,116,27-02-2023
7880,3462,7:55:23 PM,114,27-02-2023
7881,3463,8:11:00 PM,126,27-02-2023
7882,3463,8:11:00 PM,122,27-02-2023
7883,3464,8:15:36 PM,102,27-02-2023
7884,3464,8:15:36 PM,125,27-02-2023
7885,3464,8:15:36 PM,123,27-02-2023
7886,3465,8:23:35 PM,109,27-02-2023
7887,3466,8:35:42 PM,118,27-02-2023
7888,3467,9:22:02 PM,128,27-02-2023
7889,3467,9:22:02 PM,123,27-02-2023
7890,3467,9:22:02 PM,132,27-02-2023
7891,3468,9:38:02 PM,106,27-02-2023
7892,3469,9:39:53 PM,119,27-02-2023
7893,3470,9:53:24 PM,125,27-02-2023
7894,3470,9:53:24 PM,130,27-02-2023
7895,3471,10:03:03 PM,122,27-02-2023
7896,3472,11:34:54 AM,123,28-02-2023
7897,3473,11:49:43 AM,101,28-02-2023
7898,3473,11:49:43 AM,116,28-02-2023
7899,3473,11:49:43 AM,102,28-02-2023
7900,3473,11:49:43 AM,104,28-02-2023
7901,3473,11:49:43 AM,125,28-02-2023
7902,3473,11:49:43 AM,126,28-02-2023
7903,3473,11:49:43 AM,109,28-02-2023
7904,3473,11:49:43 AM,117,28-02-2023
7905,3473,11:49:43 AM,112,28-02-2023
7906,3473,11:49:43 AM,118,28-02-2023
7907,3473,11:49:43 AM,105,28-02-2023
7908,3473,11:49:43 AM,122,28-02-2023
7909,3473,11:49:43 AM,122,28-02-2023
7910,3473,11:49:43 AM,132,28-02-2023
7911,3474,11:50:01 AM,107,28-02-2023
7912,3474,11:50:01 AM,130,28-02-2023
7913,3475,12:02:32 PM,105,28-02-2023
7914,3476,12:08:55 PM,125,28-02-2023
7915,3476,12:08:55 PM,126,28-02-2023
7916,3476,12:08:55 PM,111,28-02-2023
7917,3476,12:08:55 PM,112,28-02-2023
7918,3476,12:08:55 PM,119,28-02-2023
7919,3476,12:08:55 PM,120,28-02-2023
7920,3476,12:08:55 PM,123,28-02-2023
7921,3477,12:29:20 PM,120,28-02-2023
7922,3478,12:34:26 PM,129,28-02-2023
7923,3479,12:36:18 PM,124,28-02-2023
7924,3480,12:44:01 PM,NULL,28-02-2023
7925,3481,12:48:17 PM,121,28-02-2023
7926,3482,1:05:32 PM,101,28-02-2023
7927,3482,1:05:32 PM,107,28-02-2023
7928,3482,1:05:32 PM,105,28-02-2023
7929,3483,1:09:50 PM,124,28-02-2023
7930,3483,1:09:50 PM,105,28-02-2023
7931,3483,1:09:50 PM,106,28-02-2023
7932,3483,1:09:50 PM,NULL,28-02-2023
7933,3484,1:57:51 PM,108,28-02-2023
7934,3484,1:57:51 PM,111,28-02-2023
7935,3485,2:02:50 PM,122,28-02-2023
7936,3486,2:10:13 PM,126,28-02-2023
7937,3487,2:20:54 PM,115,28-02-2023
7938,3488,2:52:00 PM,124,28-02-2023
7939,3488,2:52:00 PM,117,28-02-2023
7940,3489,3:08:43 PM,101,28-02-2023
7941,3490,3:26:21 PM,101,28-02-2023
7942,3490,3:26:21 PM,112,28-02-2023
7943,3490,3:26:21 PM,131,28-02-2023
7944,3491,3:44:50 PM,112,28-02-2023
7945,3492,4:01:29 PM,128,28-02-2023
7946,3492,4:01:29 PM,105,28-02-2023
7947,3493,4:30:08 PM,103,28-02-2023
7948,3493,4:30:08 PM,124,28-02-2023
7949,3493,4:30:08 PM,112,28-02-2023
7950,3493,4:30:08 PM,118,28-02-2023
7951,3494,4:34:35 PM,126,28-02-2023
7952,3494,4:34:35 PM,109,28-02-2023
7953,3494,4:34:35 PM,122,28-02-2023
7954,3495,4:55:06 PM,125,28-02-2023
7955,3495,4:55:06 PM,131,28-02-2023
7956,3496,5:01:57 PM,107,28-02-2023
7957,3496,5:01:57 PM,124,28-02-2023
7958,3496,5:01:57 PM,109,28-02-2023
7959,3497,5:19:30 PM,128,28-02-2023
7960,3497,5:19:30 PM,122,28-02-2023
7961,3497,5:19:30 PM,123,28-02-2023
7962,3498,5:19:47 PM,132,28-02-2023
7963,3499,5:28:45 PM,109,28-02-2023
7964,3499,5:28:45 PM,128,28-02-2023
7965,3499,5:28:45 PM,111,28-02-2023
7966,3500,5:41:37 PM,101,28-02-2023
7967,3500,5:41:37 PM,110,28-02-2023
7968,3500,5:41:37 PM,123,28-02-2023
7969,3501,5:45:11 PM,125,28-02-2023
7970,3501,5:45:11 PM,119,28-02-2023
7971,3501,5:45:11 PM,122,28-02-2023
7972,3502,6:02:19 PM,103,28-02-2023
7973,3502,6:02:19 PM,127,28-02-2023
7974,3502,6:02:19 PM,105,28-02-2023
7975,3502,6:02:19 PM,132,28-02-2023
7976,3503,6:15:31 PM,125,28-02-2023
7977,3503,6:15:31 PM,109,28-02-2023
7978,3503,6:15:31 PM,112,28-02-2023
7979,3504,6:16:10 PM,107,28-02-2023
7980,3504,6:16:10 PM,121,28-02-2023
7981,3505,6:35:20 PM,101,28-02-2023
7982,3505,6:35:20 PM,107,28-02-2023
7983,3505,6:35:20 PM,113,28-02-2023
7984,3506,6:39:46 PM,120,28-02-2023
7985,3506,6:39:46 PM,106,28-02-2023
7986,3507,6:47:24 PM,121,28-02-2023
7987,3507,6:47:24 PM,123,28-02-2023
7988,3508,6:58:46 PM,101,28-02-2023
7989,3508,6:58:46 PM,102,28-02-2023
7990,3508,6:58:46 PM,117,28-02-2023
7991,3509,7:05:49 PM,125,28-02-2023
7992,3509,7:05:49 PM,126,28-02-2023
7993,3509,7:05:49 PM,109,28-02-2023
7994,3509,7:05:49 PM,NULL,28-02-2023
7995,3510,7:21:12 PM,102,28-02-2023
7996,3510,7:21:12 PM,102,28-02-2023
7997,3510,7:21:12 PM,128,28-02-2023
7998,3510,7:21:12 PM,120,28-02-2023
7999,3511,7:23:54 PM,116,28-02-2023
8000,3511,7:23:54 PM,128,28-02-2023
8001,3511,7:23:54 PM,113,28-02-2023
8002,3511,7:23:54 PM,114,28-02-2023
8003,3512,7:39:15 PM,101,28-02-2023
8004,3512,7:39:15 PM,102,28-02-2023
8005,3512,7:39:15 PM,117,28-02-2023
8006,3512,7:39:15 PM,122,28-02-2023
8007,3513,7:44:10 PM,126,28-02-2023
8008,3514,7:59:10 PM,104,28-02-2023
8009,3514,7:59:10 PM,128,28-02-2023
8010,3515,8:00:18 PM,128,28-02-2023
8011,3516,8:05:17 PM,109,28-02-2023
8012,3516,8:05:17 PM,122,28-02-2023
8013,3516,8:05:17 PM,106,28-02-2023
8014,3516,8:05:17 PM,132,28-02-2023
8015,3517,8:06:50 PM,110,28-02-2023
8016,3517,8:06:50 PM,122,28-02-2023
8017,3518,8:40:24 PM,107,28-02-2023
8018,3518,8:40:24 PM,102,28-02-2023
8019,3519,8:42:48 PM,124,28-02-2023
8020,3519,8:42:48 PM,125,28-02-2023
8021,3520,8:47:42 PM,129,28-02-2023
8022,3520,8:47:42 PM,132,28-02-2023
8023,3521,8:51:13 PM,113,28-02-2023
8024,3521,8:51:13 PM,123,28-02-2023
8025,3522,9:03:34 PM,104,28-02-2023
8026,3522,9:03:34 PM,126,28-02-2023
8027,3522,9:03:34 PM,109,28-02-2023
8028,3522,9:03:34 PM,131,28-02-2023
8029,3523,9:06:54 PM,129,28-02-2023
8030,3524,9:14:22 PM,108,28-02-2023
8031,3524,9:14:22 PM,129,28-02-2023
8032,3524,9:14:22 PM,132,28-02-2023
8033,3525,9:21:02 PM,102,28-02-2023
8034,3525,9:21:02 PM,104,28-02-2023
8035,3525,9:21:02 PM,131,28-02-2023
8036,3526,9:28:39 PM,109,28-02-2023
8037,3527,9:30:14 PM,108,28-02-2023
8038,3527,9:30:14 PM,112,28-02-2023
8039,3527,9:30:14 PM,NULL,28-02-2023
8040,3528,9:39:40 PM,107,28-02-2023
8041,3528,9:39:40 PM,117,28-02-2023
8042,3528,9:39:40 PM,111,28-02-2023
8043,3528,9:39:40 PM,120,28-02-2023
8044,3529,9:52:13 PM,110,28-02-2023
8045,3529,9:52:13 PM,118,28-02-2023
8046,3530,11:05:17 PM,108,28-02-2023
8047,3530,11:05:17 PM,126,28-02-2023
8048,3530,11:05:17 PM,132,28-02-2023
8049,3531,11:34:00 AM,113,01-03-2023
8050,3532,11:49:27 AM,105,01-03-2023
8051,3533,12:08:01 PM,125,01-03-2023
8052,3533,12:08:01 PM,117,01-03-2023
8053,3533,12:08:01 PM,132,01-03-2023
8054,3534,12:33:49 PM,101,01-03-2023
8055,3534,12:33:49 PM,102,01-03-2023
8056,3535,12:47:14 PM,126,01-03-2023
8057,3535,12:47:14 PM,132,01-03-2023
8058,3536,12:51:19 PM,128,01-03-2023
8059,3537,12:52:52 PM,102,01-03-2023
8060,3537,12:52:52 PM,109,01-03-2023
8061,3537,12:52:52 PM,120,01-03-2023
8062,3537,12:52:52 PM,105,01-03-2023
8063,3538,1:25:47 PM,109,01-03-2023
8064,3538,1:25:47 PM,112,01-03-2023
8065,3538,1:25:47 PM,131,01-03-2023
8066,3538,1:25:47 PM,132,01-03-2023
8067,3539,2:08:51 PM,116,01-03-2023
8068,3539,2:08:51 PM,102,01-03-2023
8069,3539,2:08:51 PM,108,01-03-2023
8070,3539,2:08:51 PM,131,01-03-2023
8071,3539,2:08:51 PM,131,01-03-2023
8072,3540,2:20:57 PM,113,01-03-2023
8073,3541,2:39:01 PM,132,01-03-2023
8074,3542,2:40:22 PM,126,01-03-2023
8075,3543,2:41:33 PM,124,01-03-2023
8076,3544,2:56:46 PM,124,01-03-2023
8077,3544,2:56:46 PM,126,01-03-2023
8078,3545,3:10:04 PM,130,01-03-2023
8079,3545,3:10:04 PM,131,01-03-2023
8080,3546,3:20:14 PM,109,01-03-2023
8081,3546,3:20:14 PM,105,01-03-2023
8082,3546,3:20:14 PM,106,01-03-2023
8083,3546,3:20:14 PM,132,01-03-2023
8084,3547,3:47:40 PM,107,01-03-2023
8085,3547,3:47:40 PM,105,01-03-2023
8086,3548,3:57:50 PM,108,01-03-2023
8087,3548,3:57:50 PM,117,01-03-2023
8088,3549,4:58:16 PM,125,01-03-2023
8089,3549,4:58:16 PM,119,01-03-2023
8090,3550,5:04:49 PM,110,01-03-2023
8091,3550,5:04:49 PM,122,01-03-2023
8092,3551,5:04:51 PM,107,01-03-2023
8093,3552,5:06:58 PM,125,01-03-2023
8094,3552,5:06:58 PM,113,01-03-2023
8095,3552,5:06:58 PM,118,01-03-2023
8096,3553,5:29:42 PM,124,01-03-2023
8097,3553,5:29:42 PM,111,01-03-2023
8098,3554,5:42:36 PM,122,01-03-2023
8099,3555,5:48:53 PM,104,01-03-2023
8100,3555,5:48:53 PM,124,01-03-2023
8101,3555,5:48:53 PM,109,01-03-2023
8102,3555,5:48:53 PM,130,01-03-2023
8103,3556,5:52:21 PM,101,01-03-2023
8104,3556,5:52:21 PM,110,01-03-2023
8105,3557,6:07:12 PM,122,01-03-2023
8106,3558,6:08:01 PM,105,01-03-2023
8107,3558,6:08:01 PM,114,01-03-2023
8108,3559,6:17:40 PM,125,01-03-2023
8109,3559,6:17:40 PM,129,01-03-2023
8110,3559,6:17:40 PM,105,01-03-2023
8111,3559,6:17:40 PM,130,01-03-2023
8112,3560,6:19:41 PM,110,01-03-2023
8113,3560,6:19:41 PM,128,01-03-2023
8114,3561,6:36:33 PM,113,01-03-2023
8115,3561,6:36:33 PM,118,01-03-2023
8116,3562,6:41:16 PM,127,01-03-2023
8117,3562,6:41:16 PM,105,01-03-2023
8118,3563,6:44:52 PM,117,01-03-2023
8119,3564,6:56:36 PM,120,01-03-2023
8120,3564,6:56:36 PM,122,01-03-2023
8121,3565,7:01:34 PM,131,01-03-2023
8122,3566,7:14:27 PM,102,01-03-2023
8123,3566,7:14:27 PM,109,01-03-2023
8124,3567,7:20:28 PM,128,01-03-2023
8125,3568,7:27:23 PM,118,01-03-2023
8126,3568,7:27:23 PM,114,01-03-2023
8127,3569,7:39:29 PM,108,01-03-2023
8128,3570,7:43:37 PM,113,01-03-2023
8129,3570,7:43:37 PM,106,01-03-2023
8130,3571,7:56:35 PM,112,01-03-2023
8131,3571,7:56:35 PM,113,01-03-2023
8132,3571,7:56:35 PM,NULL,01-03-2023
8133,3572,8:06:37 PM,117,01-03-2023
8134,3573,8:07:52 PM,102,01-03-2023
8135,3573,8:07:52 PM,113,01-03-2023
8136,3573,8:07:52 PM,105,01-03-2023
8137,3574,8:49:00 PM,115,01-03-2023
8138,3574,8:49:00 PM,109,01-03-2023
8139,3574,8:49:00 PM,106,01-03-2023
8140,3575,9:10:58 PM,132,01-03-2023
8141,3576,10:00:46 PM,124,01-03-2023
8142,3576,10:00:46 PM,113,01-03-2023
8143,3576,10:00:46 PM,106,01-03-2023
8144,3577,10:08:42 PM,105,01-03-2023
8145,3578,10:23:48 PM,102,01-03-2023
8146,3579,10:59:18 PM,107,01-03-2023
8147,3579,10:59:18 PM,108,01-03-2023
8148,3580,11:49:24 AM,112,02-03-2023
8149,3581,11:52:25 AM,103,02-03-2023
8150,3582,11:55:07 AM,119,02-03-2023
8151,3582,11:55:07 AM,122,02-03-2023
8152,3583,12:07:16 PM,101,02-03-2023
8153,3583,12:07:16 PM,116,02-03-2023
8154,3583,12:07:16 PM,102,02-03-2023
8155,3583,12:07:16 PM,124,02-03-2023
8156,3583,12:07:16 PM,125,02-03-2023
8157,3583,12:07:16 PM,110,02-03-2023
8158,3583,12:07:16 PM,129,02-03-2023
8159,3583,12:07:16 PM,120,02-03-2023
8160,3583,12:07:16 PM,105,02-03-2023
8161,3583,12:07:16 PM,122,02-03-2023
8162,3583,12:07:16 PM,122,02-03-2023
8163,3583,12:07:16 PM,130,02-03-2023
8164,3583,12:07:16 PM,131,02-03-2023
8165,3584,12:30:47 PM,103,02-03-2023
8166,3584,12:30:47 PM,124,02-03-2023
8167,3584,12:30:47 PM,106,02-03-2023
8168,3585,12:33:30 PM,111,02-03-2023
8169,3586,12:34:55 PM,101,02-03-2023
8170,3587,12:39:13 PM,117,02-03-2023
8171,3587,12:39:13 PM,112,02-03-2023
8172,3587,12:39:13 PM,131,02-03-2023
8173,3588,12:42:52 PM,118,02-03-2023
8174,3589,12:46:49 PM,101,02-03-2023
8175,3589,12:46:49 PM,102,02-03-2023
8176,3589,12:46:49 PM,104,02-03-2023
8177,3589,12:46:49 PM,109,02-03-2023
8178,3589,12:46:49 PM,128,02-03-2023
8179,3589,12:46:49 PM,111,02-03-2023
8180,3589,12:46:49 PM,NULL,02-03-2023
8181,3589,12:46:49 PM,132,02-03-2023
8182,3589,12:46:49 PM,132,02-03-2023
8183,3590,12:50:05 PM,109,02-03-2023
8184,3590,12:50:05 PM,127,02-03-2023
8185,3590,12:50:05 PM,122,02-03-2023
8186,3590,12:50:05 PM,122,02-03-2023
8187,3591,1:07:22 PM,117,02-03-2023
8188,3592,1:11:50 PM,121,02-03-2023
8189,3593,1:15:28 PM,102,02-03-2023
8190,3593,1:15:28 PM,126,02-03-2023
8191,3593,1:15:28 PM,105,02-03-2023
8192,3593,1:15:28 PM,122,02-03-2023
8193,3594,1:22:54 PM,112,02-03-2023
8194,3595,1:33:21 PM,115,02-03-2023
8195,3595,1:33:21 PM,102,02-03-2023
8196,3596,1:37:06 PM,107,02-03-2023
8197,3597,1:43:07 PM,131,02-03-2023
8198,3598,1:46:38 PM,121,02-03-2023
8199,3599,1:59:44 PM,116,02-03-2023
8200,3600,2:01:10 PM,123,02-03-2023
8201,3600,2:01:10 PM,123,02-03-2023
8202,3601,2:04:41 PM,109,02-03-2023
8203,3601,2:04:41 PM,112,02-03-2023
8204,3601,2:04:41 PM,105,02-03-2023
8205,3602,2:43:05 PM,129,02-03-2023
8206,3603,3:01:31 PM,107,02-03-2023
8207,3604,3:27:26 PM,102,02-03-2023
8208,3605,3:27:51 PM,109,02-03-2023
8209,3605,3:27:51 PM,119,02-03-2023
8210,3606,3:40:12 PM,117,02-03-2023
8211,3606,3:40:12 PM,120,02-03-2023
8212,3606,3:40:12 PM,122,02-03-2023
8213,3607,3:43:31 PM,131,02-03-2023
8214,3607,3:43:31 PM,123,02-03-2023
8215,3608,3:50:46 PM,101,02-03-2023
8216,3608,3:50:46 PM,126,02-03-2023
8217,3608,3:50:46 PM,110,02-03-2023
8218,3608,3:50:46 PM,129,02-03-2023
8219,3609,3:53:54 PM,101,02-03-2023
8220,3609,3:53:54 PM,106,02-03-2023
8221,3610,4:19:32 PM,108,02-03-2023
8222,3610,4:19:32 PM,108,02-03-2023
8223,3610,4:19:32 PM,127,02-03-2023
8224,3611,4:28:50 PM,105,02-03-2023
8225,3612,4:36:01 PM,130,02-03-2023
8226,3613,4:36:54 PM,125,02-03-2023
8227,3613,4:36:54 PM,NULL,02-03-2023
8228,3614,4:58:21 PM,120,02-03-2023
8229,3614,4:58:21 PM,130,02-03-2023
8230,3615,5:13:08 PM,101,02-03-2023
8231,3615,5:13:08 PM,102,02-03-2023
8232,3615,5:13:08 PM,113,02-03-2023
8233,3616,5:19:07 PM,102,02-03-2023
8234,3616,5:19:07 PM,132,02-03-2023
8235,3617,5:31:32 PM,101,02-03-2023
8236,3617,5:31:32 PM,105,02-03-2023
8237,3617,5:31:32 PM,132,02-03-2023
8238,3618,5:33:55 PM,107,02-03-2023
8239,3618,5:33:55 PM,108,02-03-2023
8240,3618,5:33:55 PM,118,02-03-2023
8241,3618,5:33:55 PM,119,02-03-2023
8242,3619,5:47:31 PM,111,02-03-2023
8243,3619,5:47:31 PM,106,02-03-2023
8244,3620,5:54:08 PM,116,02-03-2023
8245,3621,6:02:16 PM,113,02-03-2023
8246,3622,6:06:22 PM,109,02-03-2023
8247,3622,6:06:22 PM,118,02-03-2023
8248,3622,6:06:22 PM,119,02-03-2023
8249,3622,6:06:22 PM,NULL,02-03-2023
8250,3623,6:20:06 PM,104,02-03-2023
8251,3623,6:20:06 PM,108,02-03-2023
8252,3623,6:20:06 PM,106,02-03-2023
8253,3624,6:25:01 PM,105,02-03-2023
8254,3625,6:29:22 PM,101,02-03-2023
8255,3625,6:29:22 PM,128,02-03-2023
8256,3626,6:29:51 PM,129,02-03-2023
8257,3626,6:29:51 PM,119,02-03-2023
8258,3626,6:29:51 PM,106,02-03-2023
8259,3627,6:45:21 PM,127,02-03-2023
8260,3627,6:45:21 PM,122,02-03-2023
8261,3627,6:45:21 PM,123,02-03-2023
8262,3628,7:01:00 PM,101,02-03-2023
8263,3628,7:01:00 PM,129,02-03-2023
8264,3629,7:09:34 PM,107,02-03-2023
8265,3629,7:09:34 PM,108,02-03-2023
8266,3629,7:09:34 PM,126,02-03-2023
8267,3629,7:09:34 PM,132,02-03-2023
8268,3630,7:34:40 PM,110,02-03-2023
8269,3630,7:34:40 PM,118,02-03-2023
8270,3630,7:34:40 PM,131,02-03-2023
8271,3631,8:41:25 PM,122,02-03-2023
8272,3632,9:00:34 PM,113,02-03-2023
8273,3633,9:03:49 PM,109,02-03-2023
8274,3633,9:03:49 PM,112,02-03-2023
8275,3633,9:03:49 PM,113,02-03-2023
8276,3634,9:16:40 PM,107,02-03-2023
8277,3634,9:16:40 PM,108,02-03-2023
8278,3634,9:16:40 PM,105,02-03-2023
8279,3635,9:28:09 PM,120,02-03-2023
8280,3635,9:28:09 PM,105,02-03-2023
8281,3635,9:28:09 PM,105,02-03-2023
8282,3635,9:28:09 PM,105,02-03-2023
8283,3636,9:34:03 PM,112,02-03-2023
8284,3636,9:34:03 PM,105,02-03-2023
8285,3637,10:21:24 PM,109,02-03-2023
8286,3638,11:26:02 AM,102,03-03-2023
8287,3639,11:31:41 AM,102,03-03-2023
8288,3639,11:31:41 AM,122,03-03-2023
8289,3640,11:50:41 AM,120,03-03-2023
8290,3641,12:14:07 PM,111,03-03-2023
8291,3642,12:24:18 PM,124,03-03-2023
8292,3642,12:24:18 PM,109,03-03-2023
8293,3642,12:24:18 PM,105,03-03-2023
8294,3643,12:39:57 PM,124,03-03-2023
8295,3643,12:39:57 PM,110,03-03-2023
8296,3643,12:39:57 PM,111,03-03-2023
8297,3643,12:39:57 PM,119,03-03-2023
8298,3644,12:48:47 PM,109,03-03-2023
8299,3645,12:57:06 PM,102,03-03-2023
8300,3646,12:57:32 PM,126,03-03-2023
8301,3646,12:57:32 PM,131,03-03-2023
8302,3647,1:01:48 PM,119,03-03-2023
8303,3648,1:05:06 PM,103,03-03-2023
8304,3648,1:05:06 PM,109,03-03-2023
8305,3649,1:07:20 PM,107,03-03-2023
8306,3649,1:07:20 PM,125,03-03-2023
8307,3649,1:07:20 PM,131,03-03-2023
8308,3649,1:07:20 PM,123,03-03-2023
8309,3650,1:13:33 PM,116,03-03-2023
8310,3650,1:13:33 PM,126,03-03-2023
8311,3650,1:13:33 PM,109,03-03-2023
8312,3651,1:16:50 PM,124,03-03-2023
8313,3652,1:21:01 PM,117,03-03-2023
8314,3652,1:21:01 PM,127,03-03-2023
8315,3652,1:21:01 PM,105,03-03-2023
8316,3652,1:21:01 PM,123,03-03-2023
8317,3653,1:25:29 PM,118,03-03-2023
8318,3654,1:38:34 PM,101,03-03-2023
8319,3654,1:38:34 PM,107,03-03-2023
8320,3654,1:38:34 PM,102,03-03-2023
8321,3654,1:38:34 PM,102,03-03-2023
8322,3654,1:38:34 PM,103,03-03-2023
8323,3654,1:38:34 PM,108,03-03-2023
8324,3654,1:38:34 PM,109,03-03-2023
8325,3654,1:38:34 PM,109,03-03-2023
8326,3654,1:38:34 PM,129,03-03-2023
8327,3654,1:38:34 PM,111,03-03-2023
8328,3654,1:38:34 PM,120,03-03-2023
8329,3654,1:38:34 PM,122,03-03-2023
8330,3655,1:39:24 PM,108,03-03-2023
8331,3655,1:39:24 PM,111,03-03-2023
8332,3655,1:39:24 PM,120,03-03-2023
8333,3655,1:39:24 PM,106,03-03-2023
8334,3656,1:41:05 PM,131,03-03-2023
8335,3657,1:53:01 PM,125,03-03-2023
8336,3657,1:53:01 PM,129,03-03-2023
8337,3658,2:00:33 PM,110,03-03-2023
8338,3658,2:00:33 PM,106,03-03-2023
8339,3659,2:03:25 PM,102,03-03-2023
8340,3659,2:03:25 PM,109,03-03-2023
8341,3659,2:03:25 PM,113,03-03-2023
8342,3659,2:03:25 PM,118,03-03-2023
8343,3659,2:03:25 PM,119,03-03-2023
8344,3659,2:03:25 PM,121,03-03-2023
8345,3659,2:03:25 PM,105,03-03-2023
8346,3659,2:03:25 PM,130,03-03-2023
8347,3659,2:03:25 PM,132,03-03-2023
8348,3659,2:03:25 PM,132,03-03-2023
8349,3660,2:08:53 PM,107,03-03-2023
8350,3660,2:08:53 PM,108,03-03-2023
8351,3660,2:08:53 PM,109,03-03-2023
8352,3660,2:08:53 PM,113,03-03-2023
8353,3661,3:05:02 PM,101,03-03-2023
8354,3661,3:05:02 PM,110,03-03-2023
8355,3661,3:05:02 PM,129,03-03-2023
8356,3661,3:05:02 PM,106,03-03-2023
8357,3662,3:34:25 PM,125,03-03-2023
8358,3663,3:47:14 PM,103,03-03-2023
8359,3663,3:47:14 PM,128,03-03-2023
8360,3663,3:47:14 PM,129,03-03-2023
8361,3663,3:47:14 PM,120,03-03-2023
8362,3664,3:55:09 PM,108,03-03-2023
8363,3665,4:32:20 PM,101,03-03-2023
8364,3665,4:32:20 PM,110,03-03-2023
8365,3665,4:32:20 PM,127,03-03-2023
8366,3666,4:43:44 PM,101,03-03-2023
8367,3666,4:43:44 PM,121,03-03-2023
8368,3667,4:46:19 PM,103,03-03-2023
8369,3667,4:46:19 PM,118,03-03-2023
8370,3667,4:46:19 PM,118,03-03-2023
8371,3668,5:06:11 PM,109,03-03-2023
8372,3668,5:06:11 PM,110,03-03-2023
8373,3668,5:06:11 PM,120,03-03-2023
8374,3669,5:19:38 PM,107,03-03-2023
8375,3669,5:19:38 PM,115,03-03-2023
8376,3669,5:19:38 PM,123,03-03-2023
8377,3670,5:27:05 PM,108,03-03-2023
8378,3670,5:27:05 PM,132,03-03-2023
8379,3671,5:27:27 PM,108,03-03-2023
8380,3671,5:27:27 PM,119,03-03-2023
8381,3671,5:27:27 PM,114,03-03-2023
8382,3672,5:29:49 PM,106,03-03-2023
8383,3673,5:48:45 PM,115,03-03-2023
8384,3673,5:48:45 PM,131,03-03-2023
8385,3674,5:58:31 PM,130,03-03-2023
8386,3675,6:18:27 PM,103,03-03-2023
8387,3675,6:18:27 PM,109,03-03-2023
8388,3675,6:18:27 PM,129,03-03-2023
8389,3675,6:18:27 PM,131,03-03-2023
8390,3676,6:29:01 PM,120,03-03-2023
8391,3677,6:36:32 PM,107,03-03-2023
8392,3677,6:36:32 PM,127,03-03-2023
8393,3677,6:36:32 PM,113,03-03-2023
8394,3677,6:36:32 PM,118,03-03-2023
8395,3678,6:41:49 PM,113,03-03-2023
8396,3678,6:41:49 PM,130,03-03-2023
8397,3679,6:45:59 PM,132,03-03-2023
8398,3680,7:10:38 PM,101,03-03-2023
8399,3681,7:11:50 PM,109,03-03-2023
8400,3682,7:46:03 PM,102,03-03-2023
8401,3682,7:46:03 PM,129,03-03-2023
8402,3683,7:56:12 PM,108,03-03-2023
8403,3683,7:56:12 PM,124,03-03-2023
8404,3683,7:56:12 PM,118,03-03-2023
8405,3683,7:56:12 PM,105,03-03-2023
8406,3684,7:59:11 PM,115,03-03-2023
8407,3685,8:05:12 PM,110,03-03-2023
8408,3685,8:05:12 PM,128,03-03-2023
8409,3685,8:05:12 PM,112,03-03-2023
8410,3686,8:20:00 PM,119,03-03-2023
8411,3687,8:25:37 PM,120,03-03-2023
8412,3688,8:46:18 PM,101,03-03-2023
8413,3688,8:46:18 PM,112,03-03-2023
8414,3689,9:41:41 PM,103,03-03-2023
8415,3689,9:41:41 PM,124,03-03-2023
8416,3689,9:41:41 PM,122,03-03-2023
8417,3690,9:58:18 PM,104,03-03-2023
8418,3690,9:58:18 PM,121,03-03-2023
8419,3691,11:23:00 AM,101,04-03-2023
8420,3691,11:23:00 AM,129,04-03-2023
8421,3691,11:23:00 AM,119,04-03-2023
8422,3691,11:23:00 AM,120,04-03-2023
8423,3692,11:31:04 AM,103,04-03-2023
8424,3692,11:31:04 AM,108,04-03-2023
8425,3692,11:31:04 AM,109,04-03-2023
8426,3692,11:31:04 AM,117,04-03-2023
8427,3692,11:31:04 AM,112,04-03-2023
8428,3692,11:31:04 AM,118,04-03-2023
8429,3692,11:31:04 AM,106,04-03-2023
8430,3693,11:34:38 AM,108,04-03-2023
8431,3694,11:38:17 AM,116,04-03-2023
8432,3695,12:02:42 PM,110,04-03-2023
8433,3696,12:07:09 PM,109,04-03-2023
8434,3697,12:19:37 PM,126,04-03-2023
8435,3697,12:19:37 PM,127,04-03-2023
8436,3697,12:19:37 PM,111,04-03-2023
8437,3698,12:28:30 PM,110,04-03-2023
8438,3698,12:28:30 PM,128,04-03-2023
8439,3699,12:29:54 PM,107,04-03-2023
8440,3699,12:29:54 PM,105,04-03-2023
8441,3699,12:29:54 PM,105,04-03-2023
8442,3700,12:32:19 PM,116,04-03-2023
8443,3700,12:32:19 PM,113,04-03-2023
8444,3701,12:51:21 PM,125,04-03-2023
8445,3702,12:53:29 PM,101,04-03-2023
8446,3702,12:53:29 PM,108,04-03-2023
8447,3702,12:53:29 PM,124,04-03-2023
8448,3702,12:53:29 PM,110,04-03-2023
8449,3702,12:53:29 PM,110,04-03-2023
8450,3702,12:53:29 PM,118,04-03-2023
8451,3702,12:53:29 PM,131,04-03-2023
8452,3702,12:53:29 PM,114,04-03-2023
8453,3703,12:59:51 PM,101,04-03-2023
8454,3703,12:59:51 PM,115,04-03-2023
8455,3703,12:59:51 PM,116,04-03-2023
8456,3704,1:06:24 PM,109,04-03-2023
8457,3705,1:15:42 PM,104,04-03-2023
8458,3705,1:15:42 PM,108,04-03-2023
8459,3705,1:15:42 PM,127,04-03-2023
8460,3705,1:15:42 PM,129,04-03-2023
8461,3705,1:15:42 PM,119,04-03-2023
8462,3706,1:17:31 PM,111,04-03-2023
8463,3707,1:20:21 PM,109,04-03-2023
8464,3708,1:23:35 PM,118,04-03-2023
8465,3709,1:26:50 PM,120,04-03-2023
8466,3709,1:26:50 PM,105,04-03-2023
8467,3710,1:48:40 PM,101,04-03-2023
8468,3710,1:48:40 PM,102,04-03-2023
8469,3710,1:48:40 PM,102,04-03-2023
8470,3710,1:48:40 PM,127,04-03-2023
8471,3710,1:48:40 PM,112,04-03-2023
8472,3710,1:48:40 PM,118,04-03-2023
8473,3710,1:48:40 PM,119,04-03-2023
8474,3710,1:48:40 PM,120,04-03-2023
8475,3710,1:48:40 PM,105,04-03-2023
8476,3710,1:48:40 PM,106,04-03-2023
8477,3711,1:51:43 PM,105,04-03-2023
8478,3712,2:15:54 PM,106,04-03-2023
8479,3713,2:45:20 PM,101,04-03-2023
8480,3713,2:45:20 PM,102,04-03-2023
8481,3713,2:45:20 PM,109,04-03-2023
8482,3713,2:45:20 PM,129,04-03-2023
8483,3714,2:47:48 PM,109,04-03-2023
8484,3715,2:51:20 PM,103,04-03-2023
8485,3715,2:51:20 PM,117,04-03-2023
8486,3715,2:51:20 PM,132,04-03-2023
8487,3716,2:57:58 PM,109,04-03-2023
8488,3716,2:57:58 PM,111,04-03-2023
8489,3717,3:38:29 PM,102,04-03-2023
8490,3717,3:38:29 PM,117,04-03-2023
8491,3718,3:57:13 PM,131,04-03-2023
8492,3719,4:09:26 PM,110,04-03-2023
8493,3720,4:10:09 PM,104,04-03-2023
8494,3721,4:15:28 PM,108,04-03-2023
8495,3722,4:21:46 PM,116,04-03-2023
8496,3723,4:29:02 PM,128,04-03-2023
8497,3723,4:29:02 PM,106,04-03-2023
8498,3724,4:38:05 PM,108,04-03-2023
8499,3724,4:38:05 PM,126,04-03-2023
8500,3724,4:38:05 PM,113,04-03-2023
8501,3724,4:38:05 PM,106,04-03-2023
8502,3725,4:56:16 PM,102,04-03-2023
8503,3725,4:56:16 PM,111,04-03-2023
8504,3725,4:56:16 PM,NULL,04-03-2023
8505,3726,5:11:50 PM,107,04-03-2023
8506,3726,5:11:50 PM,119,04-03-2023
8507,3727,5:16:34 PM,103,04-03-2023
8508,3728,5:30:38 PM,103,04-03-2023
8509,3728,5:30:38 PM,111,04-03-2023
8510,3728,5:30:38 PM,119,04-03-2023
8511,3728,5:30:38 PM,123,04-03-2023
8512,3729,5:52:09 PM,101,04-03-2023
8513,3729,5:52:09 PM,108,04-03-2023
8514,3729,5:52:09 PM,108,04-03-2023
8515,3729,5:52:09 PM,124,04-03-2023
8516,3729,5:52:09 PM,111,04-03-2023
8517,3729,5:52:09 PM,106,04-03-2023
8518,3730,5:55:40 PM,103,04-03-2023
8519,3730,5:55:40 PM,128,04-03-2023
8520,3731,6:06:40 PM,125,04-03-2023
8521,3732,6:13:25 PM,122,04-03-2023
8522,3732,6:13:25 PM,132,04-03-2023
8523,3733,6:19:59 PM,101,04-03-2023
8524,3733,6:19:59 PM,101,04-03-2023
8525,3733,6:19:59 PM,111,04-03-2023
8526,3733,6:19:59 PM,132,04-03-2023
8527,3734,6:23:25 PM,107,04-03-2023
8528,3734,6:23:25 PM,117,04-03-2023
8529,3734,6:23:25 PM,113,04-03-2023
8530,3734,6:23:25 PM,119,04-03-2023
8531,3735,6:25:22 PM,112,04-03-2023
8532,3735,6:25:22 PM,105,04-03-2023
8533,3735,6:25:22 PM,106,04-03-2023
8534,3736,6:27:05 PM,107,04-03-2023
8535,3736,6:27:05 PM,102,04-03-2023
8536,3736,6:27:05 PM,129,04-03-2023
8537,3736,6:27:05 PM,131,04-03-2023
8538,3737,6:27:40 PM,102,04-03-2023
8539,3738,6:36:42 PM,110,04-03-2023
8540,3738,6:36:42 PM,106,04-03-2023
8541,3739,6:59:47 PM,110,04-03-2023
8542,3739,6:59:47 PM,128,04-03-2023
8543,3740,7:17:24 PM,120,04-03-2023
8544,3741,7:17:32 PM,125,04-03-2023
8545,3741,7:17:32 PM,118,04-03-2023
8546,3742,7:48:33 PM,117,04-03-2023
8547,3743,7:52:52 PM,106,04-03-2023
8548,3744,8:14:27 PM,107,04-03-2023
8549,3744,8:14:27 PM,125,04-03-2023
8550,3745,8:30:11 PM,101,04-03-2023
8551,3745,8:30:11 PM,102,04-03-2023
8552,3746,8:45:53 PM,111,04-03-2023
8553,3746,8:45:53 PM,123,04-03-2023
8554,3747,8:48:13 PM,101,04-03-2023
8555,3747,8:48:13 PM,103,04-03-2023
8556,3748,8:59:07 PM,101,04-03-2023
8557,3748,8:59:07 PM,102,04-03-2023
8558,3748,8:59:07 PM,128,04-03-2023
8559,3749,9:02:21 PM,108,04-03-2023
8560,3749,9:02:21 PM,109,04-03-2023
8561,3749,9:02:21 PM,127,04-03-2023
8562,3749,9:02:21 PM,112,04-03-2023
8563,3750,11:46:21 AM,105,05-03-2023
8564,3751,11:47:34 AM,117,05-03-2023
8565,3751,11:47:34 AM,111,05-03-2023
8566,3751,11:47:34 AM,113,05-03-2023
8567,3751,11:47:34 AM,122,05-03-2023
8568,3752,11:49:36 AM,125,05-03-2023
8569,3753,12:01:47 PM,124,05-03-2023
8570,3753,12:01:47 PM,109,05-03-2023
8571,3753,12:01:47 PM,122,05-03-2023
8572,3754,12:05:20 PM,109,05-03-2023
8573,3755,12:20:34 PM,101,05-03-2023
8574,3756,12:30:24 PM,101,05-03-2023
8575,3756,12:30:24 PM,116,05-03-2023
8576,3756,12:30:24 PM,108,05-03-2023
8577,3756,12:30:24 PM,112,05-03-2023
8578,3757,12:33:09 PM,102,05-03-2023
8579,3758,12:34:45 PM,110,05-03-2023
8580,3759,12:44:29 PM,106,05-03-2023
8581,3760,12:49:45 PM,101,05-03-2023
8582,3761,12:52:34 PM,123,05-03-2023
8583,3762,1:03:52 PM,109,05-03-2023
8584,3763,1:06:49 PM,124,05-03-2023
8585,3764,1:06:59 PM,108,05-03-2023
8586,3764,1:06:59 PM,119,05-03-2023
8587,3765,1:21:27 PM,102,05-03-2023
8588,3765,1:21:27 PM,112,05-03-2023
8589,3765,1:21:27 PM,122,05-03-2023
8590,3765,1:21:27 PM,NULL,05-03-2023
8591,3765,1:21:27 PM,132,05-03-2023
8592,3766,1:23:49 PM,102,05-03-2023
8593,3767,1:26:19 PM,108,05-03-2023
8594,3767,1:26:19 PM,127,05-03-2023
8595,3768,1:27:04 PM,106,05-03-2023
8596,3769,1:28:39 PM,127,05-03-2023
8597,3769,1:28:39 PM,132,05-03-2023
8598,3770,1:34:21 PM,128,05-03-2023
8599,3771,1:35:17 PM,124,05-03-2023
8600,3771,1:35:17 PM,128,05-03-2023
8601,3772,1:38:19 PM,119,05-03-2023
8602,3773,1:41:31 PM,110,05-03-2023
8603,3773,1:41:31 PM,111,05-03-2023
8604,3773,1:41:31 PM,122,05-03-2023
8605,3774,1:47:15 PM,108,05-03-2023
8606,3774,1:47:15 PM,124,05-03-2023
8607,3774,1:47:15 PM,125,05-03-2023
8608,3774,1:47:15 PM,109,05-03-2023
8609,3774,1:47:15 PM,117,05-03-2023
8610,3774,1:47:15 PM,112,05-03-2023
8611,3774,1:47:15 PM,120,05-03-2023
8612,3774,1:47:15 PM,121,05-03-2023
8613,3774,1:47:15 PM,123,05-03-2023
8614,3774,1:47:15 PM,132,05-03-2023
8615,3775,1:49:24 PM,118,05-03-2023
8616,3776,1:59:08 PM,125,05-03-2023
8617,3776,1:59:08 PM,109,05-03-2023
8618,3776,1:59:08 PM,111,05-03-2023
8619,3776,1:59:08 PM,118,05-03-2023
8620,3776,1:59:08 PM,105,05-03-2023
8621,3777,2:05:21 PM,109,05-03-2023
8622,3778,2:21:03 PM,129,05-03-2023
8623,3778,2:21:03 PM,113,05-03-2023
8624,3779,2:24:19 PM,125,05-03-2023
8625,3779,2:24:19 PM,129,05-03-2023
8626,3780,2:39:18 PM,109,05-03-2023
8627,3780,2:39:18 PM,117,05-03-2023
8628,3780,2:39:18 PM,118,05-03-2023
8629,3780,2:39:18 PM,123,05-03-2023
8630,3781,3:25:06 PM,119,05-03-2023
8631,3782,3:29:44 PM,113,05-03-2023
8632,3782,3:29:44 PM,105,05-03-2023
8633,3782,3:29:44 PM,122,05-03-2023
8634,3782,3:29:44 PM,NULL,05-03-2023
8635,3783,3:31:22 PM,126,05-03-2023
8636,3783,3:31:22 PM,109,05-03-2023
8637,3783,3:31:22 PM,105,05-03-2023
8638,3783,3:31:22 PM,122,05-03-2023
8639,3784,3:38:04 PM,120,05-03-2023
8640,3785,3:42:22 PM,102,05-03-2023
8641,3786,3:48:08 PM,109,05-03-2023
8642,3786,3:48:08 PM,118,05-03-2023
8643,3787,3:57:10 PM,116,05-03-2023
8644,3787,3:57:10 PM,125,05-03-2023
8645,3787,3:57:10 PM,113,05-03-2023
8646,3788,4:07:50 PM,112,05-03-2023
8647,3788,4:07:50 PM,130,05-03-2023
8648,3789,4:12:54 PM,125,05-03-2023
8649,3789,4:12:54 PM,125,05-03-2023
8650,3789,4:12:54 PM,110,05-03-2023
8651,3789,4:12:54 PM,112,05-03-2023
8652,3790,4:12:59 PM,108,05-03-2023
8653,3791,4:26:30 PM,119,05-03-2023
8654,3792,4:39:37 PM,108,05-03-2023
8655,3792,4:39:37 PM,106,05-03-2023
8656,3793,5:04:01 PM,101,05-03-2023
8657,3793,5:04:01 PM,108,05-03-2023
8658,3793,5:04:01 PM,112,05-03-2023
8659,3793,5:04:01 PM,132,05-03-2023
8660,3794,5:09:43 PM,106,05-03-2023
8661,3794,5:09:43 PM,114,05-03-2023
8662,3795,5:11:05 PM,107,05-03-2023
8663,3795,5:11:05 PM,131,05-03-2023
8664,3796,5:19:11 PM,102,05-03-2023
8665,3796,5:19:11 PM,105,05-03-2023
8666,3796,5:19:11 PM,106,05-03-2023
8667,3797,5:23:32 PM,105,05-03-2023
8668,3798,5:24:03 PM,102,05-03-2023
8669,3798,5:24:03 PM,119,05-03-2023
8670,3798,5:24:03 PM,121,05-03-2023
8671,3798,5:24:03 PM,130,05-03-2023
8672,3799,5:25:14 PM,102,05-03-2023
8673,3799,5:25:14 PM,103,05-03-2023
8674,3799,5:25:14 PM,132,05-03-2023
8675,3800,5:30:54 PM,109,05-03-2023
8676,3800,5:30:54 PM,129,05-03-2023
8677,3800,5:30:54 PM,121,05-03-2023
8678,3800,5:30:54 PM,106,05-03-2023
8679,3801,5:51:47 PM,107,05-03-2023
8680,3801,5:51:47 PM,110,05-03-2023
8681,3801,5:51:47 PM,129,05-03-2023
8682,3802,6:03:09 PM,117,05-03-2023
8683,3802,6:03:09 PM,119,05-03-2023
8684,3803,6:05:39 PM,109,05-03-2023
8685,3804,6:13:03 PM,125,05-03-2023
8686,3805,6:21:32 PM,119,05-03-2023
8687,3806,6:30:10 PM,102,05-03-2023
8688,3806,6:30:10 PM,117,05-03-2023
8689,3807,6:35:58 PM,124,05-03-2023
8690,3807,6:35:58 PM,110,05-03-2023
8691,3807,6:35:58 PM,106,05-03-2023
8692,3808,6:39:12 PM,101,05-03-2023
8693,3809,6:52:11 PM,113,05-03-2023
8694,3809,6:52:11 PM,120,05-03-2023
8695,3809,6:52:11 PM,114,05-03-2023
8696,3809,6:52:11 PM,132,05-03-2023
8697,3810,6:53:34 PM,122,05-03-2023
8698,3811,7:33:05 PM,121,05-03-2023
8699,3812,8:58:09 PM,112,05-03-2023
8700,3812,8:58:09 PM,105,05-03-2023
8701,3812,8:58:09 PM,106,05-03-2023
8702,3813,9:01:23 PM,132,05-03-2023
8703,3814,11:31:55 AM,132,06-03-2023
8704,3815,11:31:57 AM,121,06-03-2023
8705,3816,12:05:44 PM,102,06-03-2023
8706,3816,12:05:44 PM,119,06-03-2023
8707,3817,12:13:16 PM,108,06-03-2023
8708,3818,12:19:00 PM,124,06-03-2023
8709,3818,12:19:00 PM,128,06-03-2023
8710,3818,12:19:00 PM,122,06-03-2023
8711,3818,12:19:00 PM,131,06-03-2023
8712,3819,12:24:41 PM,108,06-03-2023
8713,3820,12:27:51 PM,122,06-03-2023
8714,3821,12:29:52 PM,107,06-03-2023
8715,3821,12:29:52 PM,103,06-03-2023
8716,3821,12:29:52 PM,108,06-03-2023
8717,3821,12:29:52 PM,125,06-03-2023
8718,3821,12:29:52 PM,109,06-03-2023
8719,3821,12:29:52 PM,129,06-03-2023
8720,3821,12:29:52 PM,113,06-03-2023
8721,3821,12:29:52 PM,119,06-03-2023
8722,3821,12:29:52 PM,122,06-03-2023
8723,3822,12:30:08 PM,121,06-03-2023
8724,3823,12:31:40 PM,103,06-03-2023
8725,3824,12:37:22 PM,112,06-03-2023
8726,3825,12:39:17 PM,131,06-03-2023
8727,3826,12:39:33 PM,116,06-03-2023
8728,3826,12:39:33 PM,102,06-03-2023
8729,3827,12:42:55 PM,113,06-03-2023
8730,3827,12:42:55 PM,119,06-03-2023
8731,3827,12:42:55 PM,120,06-03-2023
8732,3828,12:48:55 PM,101,06-03-2023
8733,3828,12:48:55 PM,107,06-03-2023
8734,3828,12:48:55 PM,108,06-03-2023
8735,3828,12:48:55 PM,117,06-03-2023
8736,3828,12:48:55 PM,120,06-03-2023
8737,3828,12:48:55 PM,105,06-03-2023
8738,3828,12:48:55 PM,122,06-03-2023
8739,3828,12:48:55 PM,130,06-03-2023
8740,3828,12:48:55 PM,130,06-03-2023
8741,3828,12:48:55 PM,132,06-03-2023
8742,3829,1:05:46 PM,101,06-03-2023
8743,3830,1:09:50 PM,109,06-03-2023
8744,3831,1:14:53 PM,123,06-03-2023
8745,3832,1:23:16 PM,121,06-03-2023
8746,3833,1:29:45 PM,115,06-03-2023
8747,3833,1:29:45 PM,102,06-03-2023
8748,3834,1:48:02 PM,104,06-03-2023
8749,3834,1:48:02 PM,109,06-03-2023
8750,3834,1:48:02 PM,129,06-03-2023
8751,3834,1:48:02 PM,111,06-03-2023
8752,3835,1:59:21 PM,117,06-03-2023
8753,3836,2:13:38 PM,108,06-03-2023
8754,3837,2:30:34 PM,104,06-03-2023
8755,3838,2:47:21 PM,101,06-03-2023
8756,3839,3:05:16 PM,127,06-03-2023
8757,3840,3:18:05 PM,131,06-03-2023
8758,3840,3:18:05 PM,132,06-03-2023
8759,3841,3:18:10 PM,105,06-03-2023
8760,3841,3:18:10 PM,130,06-03-2023
8761,3842,3:41:03 PM,101,06-03-2023
8762,3842,3:41:03 PM,129,06-03-2023
8763,3843,3:46:23 PM,101,06-03-2023
8764,3843,3:46:23 PM,132,06-03-2023
8765,3844,3:59:29 PM,103,06-03-2023
8766,3844,3:59:29 PM,106,06-03-2023
8767,3845,4:01:00 PM,108,06-03-2023
8768,3845,4:01:00 PM,117,06-03-2023
8769,3846,4:14:40 PM,113,06-03-2023
8770,3846,4:14:40 PM,131,06-03-2023
8771,3847,4:47:39 PM,109,06-03-2023
8772,3847,4:47:39 PM,127,06-03-2023
8773,3848,5:02:56 PM,125,06-03-2023
8774,3849,5:05:52 PM,122,06-03-2023
8775,3850,5:12:49 PM,132,06-03-2023
8776,3851,5:15:19 PM,103,06-03-2023
8777,3851,5:15:19 PM,119,06-03-2023
8778,3851,5:15:19 PM,121,06-03-2023
8779,3852,5:27:18 PM,109,06-03-2023
8780,3852,5:27:18 PM,118,06-03-2023
8781,3852,5:27:18 PM,106,06-03-2023
8782,3853,5:46:48 PM,116,06-03-2023
8783,3853,5:46:48 PM,129,06-03-2023
8784,3853,5:46:48 PM,113,06-03-2023
8785,3853,5:46:48 PM,113,06-03-2023
8786,3854,6:00:49 PM,117,06-03-2023
8787,3855,6:08:43 PM,102,06-03-2023
8788,3855,6:08:43 PM,124,06-03-2023
8789,3856,6:15:58 PM,125,06-03-2023
8790,3856,6:15:58 PM,113,06-03-2023
8791,3856,6:15:58 PM,120,06-03-2023
8792,3856,6:15:58 PM,105,06-03-2023
8793,3857,6:28:28 PM,113,06-03-2023
8794,3858,6:42:52 PM,109,06-03-2023
8795,3858,6:42:52 PM,119,06-03-2023
8796,3858,6:42:52 PM,119,06-03-2023
8797,3859,6:48:17 PM,115,06-03-2023
8798,3860,6:59:18 PM,108,06-03-2023
8799,3860,6:59:18 PM,126,06-03-2023
8800,3860,6:59:18 PM,128,06-03-2023
8801,3860,6:59:18 PM,132,06-03-2023
8802,3861,7:15:15 PM,103,06-03-2023
8803,3861,7:15:15 PM,126,06-03-2023
8804,3861,7:15:15 PM,112,06-03-2023
8805,3861,7:15:15 PM,106,06-03-2023
8806,3862,7:18:42 PM,117,06-03-2023
8807,3863,7:50:37 PM,110,06-03-2023
8808,3863,7:50:37 PM,127,06-03-2023
8809,3863,7:50:37 PM,113,06-03-2023
8810,3864,7:57:15 PM,113,06-03-2023
8811,3864,7:57:15 PM,106,06-03-2023
8812,3865,7:58:48 PM,124,06-03-2023
8813,3865,7:58:48 PM,109,06-03-2023
8814,3865,7:58:48 PM,122,06-03-2023
8815,3865,7:58:48 PM,130,06-03-2023
8816,3866,8:01:26 PM,124,06-03-2023
8817,3866,8:01:26 PM,112,06-03-2023
8818,3866,8:01:26 PM,105,06-03-2023
8819,3867,8:10:12 PM,101,06-03-2023
8820,3867,8:10:12 PM,117,06-03-2023
8821,3867,8:10:12 PM,111,06-03-2023
8822,3868,8:18:30 PM,101,06-03-2023
8823,3869,8:29:18 PM,101,06-03-2023
8824,3869,8:29:18 PM,118,06-03-2023
8825,3869,8:29:18 PM,119,06-03-2023
8826,3870,8:34:43 PM,102,06-03-2023
8827,3870,8:34:43 PM,124,06-03-2023
8828,3870,8:34:43 PM,120,06-03-2023
8829,3870,8:34:43 PM,132,06-03-2023
8830,3871,9:12:07 PM,126,06-03-2023
8831,3871,9:12:07 PM,113,06-03-2023
8832,3871,9:12:07 PM,114,06-03-2023
8833,3872,9:18:50 PM,107,06-03-2023
8834,3872,9:18:50 PM,119,06-03-2023
8835,3872,9:18:50 PM,130,06-03-2023
8836,3873,9:22:02 PM,127,06-03-2023
8837,3874,9:28:26 PM,105,06-03-2023
8838,3874,9:28:26 PM,122,06-03-2023
8839,3874,9:28:26 PM,106,06-03-2023
8840,3875,9:28:27 PM,107,06-03-2023
8841,3875,9:28:27 PM,NULL,06-03-2023
8842,3876,9:34:49 PM,110,06-03-2023
8843,3877,10:13:59 PM,115,06-03-2023
8844,3877,10:13:59 PM,124,06-03-2023
8845,3877,10:13:59 PM,123,06-03-2023
8846,3878,10:23:06 PM,109,06-03-2023
8847,3879,10:41:23 PM,117,06-03-2023
8848,3880,11:38:08 AM,101,07-03-2023
8849,3880,11:38:08 AM,112,07-03-2023
8850,3880,11:38:08 AM,113,07-03-2023
8851,3880,11:38:08 AM,119,07-03-2023
8852,3881,11:46:18 AM,120,07-03-2023
8853,3882,11:47:47 AM,107,07-03-2023
8854,3883,11:48:30 AM,121,07-03-2023
8855,3884,11:52:36 AM,109,07-03-2023
8856,3884,11:52:36 AM,129,07-03-2023
8857,3884,11:52:36 AM,118,07-03-2023
8858,3884,11:52:36 AM,130,07-03-2023
8859,3885,12:08:34 PM,108,07-03-2023
8860,3886,12:23:20 PM,116,07-03-2023
8861,3886,12:23:20 PM,102,07-03-2023
8862,3886,12:23:20 PM,127,07-03-2023
8863,3886,12:23:20 PM,111,07-03-2023
8864,3886,12:23:20 PM,118,07-03-2023
8865,3886,12:23:20 PM,105,07-03-2023
8866,3886,12:23:20 PM,130,07-03-2023
8867,3886,12:23:20 PM,131,07-03-2023
8868,3887,12:24:10 PM,101,07-03-2023
8869,3887,12:24:10 PM,101,07-03-2023
8870,3887,12:24:10 PM,125,07-03-2023
8871,3887,12:24:10 PM,118,07-03-2023
8872,3887,12:24:10 PM,130,07-03-2023
8873,3887,12:24:10 PM,131,07-03-2023
8874,3887,12:24:10 PM,131,07-03-2023
8875,3888,12:52:11 PM,120,07-03-2023
8876,3889,1:28:07 PM,110,07-03-2023
8877,3890,2:01:23 PM,117,07-03-2023
8878,3891,2:42:35 PM,107,07-03-2023
8879,3891,2:42:35 PM,132,07-03-2023
8880,3892,3:00:38 PM,101,07-03-2023
8881,3892,3:00:38 PM,102,07-03-2023
8882,3892,3:00:38 PM,103,07-03-2023
8883,3893,3:06:30 PM,117,07-03-2023
8884,3893,3:06:30 PM,132,07-03-2023
8885,3894,3:35:59 PM,126,07-03-2023
8886,3894,3:35:59 PM,130,07-03-2023
8887,3895,4:08:09 PM,107,07-03-2023
8888,3895,4:08:09 PM,109,07-03-2023
8889,3895,4:08:09 PM,129,07-03-2023
8890,3895,4:08:09 PM,132,07-03-2023
8891,3896,4:09:05 PM,103,07-03-2023
8892,3896,4:09:05 PM,124,07-03-2023
8893,3897,4:14:53 PM,112,07-03-2023
8894,3898,4:15:17 PM,103,07-03-2023
8895,3899,4:21:06 PM,102,07-03-2023
8896,3899,4:21:06 PM,111,07-03-2023
8897,3899,4:21:06 PM,130,07-03-2023
8898,3899,4:21:06 PM,106,07-03-2023
8899,3900,4:26:19 PM,104,07-03-2023
8900,3900,4:26:19 PM,108,07-03-2023
8901,3900,4:26:19 PM,124,07-03-2023
8902,3900,4:26:19 PM,126,07-03-2023
8903,3901,4:34:59 PM,126,07-03-2023
8904,3901,4:34:59 PM,127,07-03-2023
8905,3901,4:34:59 PM,129,07-03-2023
8906,3901,4:34:59 PM,120,07-03-2023
8907,3902,5:01:11 PM,116,07-03-2023
8908,3903,5:18:44 PM,101,07-03-2023
8909,3903,5:18:44 PM,125,07-03-2023
8910,3904,5:22:07 PM,121,07-03-2023
8911,3904,5:22:07 PM,131,07-03-2023
8912,3905,5:39:40 PM,125,07-03-2023
8913,3905,5:39:40 PM,109,07-03-2023
8914,3905,5:39:40 PM,112,07-03-2023
8915,3906,5:42:03 PM,NULL,07-03-2023
8916,3907,6:06:44 PM,107,07-03-2023
8917,3907,6:06:44 PM,102,07-03-2023
8918,3907,6:06:44 PM,110,07-03-2023
8919,3908,6:17:47 PM,125,07-03-2023
8920,3909,6:23:27 PM,119,07-03-2023
8921,3910,6:30:46 PM,112,07-03-2023
8922,3911,6:41:26 PM,101,07-03-2023
8923,3911,6:41:26 PM,126,07-03-2023
8924,3911,6:41:26 PM,120,07-03-2023
8925,3911,6:41:26 PM,122,07-03-2023
8926,3912,6:43:59 PM,110,07-03-2023
8927,3913,6:45:53 PM,101,07-03-2023
8928,3913,6:45:53 PM,109,07-03-2023
8929,3913,6:45:53 PM,129,07-03-2023
8930,3913,6:45:53 PM,130,07-03-2023
8931,3914,7:08:43 PM,101,07-03-2023
8932,3914,7:08:43 PM,113,07-03-2023
8933,3914,7:08:43 PM,122,07-03-2023
8934,3914,7:08:43 PM,106,07-03-2023
8935,3915,7:12:55 PM,126,07-03-2023
8936,3915,7:12:55 PM,117,07-03-2023
8937,3916,7:20:59 PM,126,07-03-2023
8938,3916,7:20:59 PM,113,07-03-2023
8939,3917,7:31:49 PM,109,07-03-2023
8940,3917,7:31:49 PM,120,07-03-2023
8941,3918,7:40:59 PM,107,07-03-2023
8942,3918,7:40:59 PM,117,07-03-2023
8943,3918,7:40:59 PM,120,07-03-2023
8944,3919,7:48:54 PM,108,07-03-2023
8945,3919,7:48:54 PM,108,07-03-2023
8946,3919,7:48:54 PM,117,07-03-2023
8947,3919,7:48:54 PM,105,07-03-2023
8948,3920,7:49:06 PM,123,07-03-2023
8949,3920,7:49:06 PM,106,07-03-2023
8950,3921,8:10:19 PM,123,07-03-2023
8951,3922,8:12:39 PM,111,07-03-2023
8952,3923,8:22:59 PM,104,07-03-2023
8953,3923,8:22:59 PM,127,07-03-2023
8954,3923,8:22:59 PM,121,07-03-2023
8955,3923,8:22:59 PM,123,07-03-2023
8956,3924,8:33:42 PM,119,07-03-2023
8957,3924,8:33:42 PM,114,07-03-2023
8958,3925,8:39:45 PM,110,07-03-2023
8959,3925,8:39:45 PM,117,07-03-2023
8960,3925,8:39:45 PM,106,07-03-2023
8961,3926,8:49:53 PM,107,07-03-2023
8962,3927,8:57:08 PM,117,07-03-2023
8963,3927,8:57:08 PM,112,07-03-2023
8964,3927,8:57:08 PM,118,07-03-2023
8965,3928,9:01:55 PM,101,07-03-2023
8966,3928,9:01:55 PM,115,07-03-2023
8967,3928,9:01:55 PM,114,07-03-2023
8968,3929,9:13:37 PM,111,07-03-2023
8969,3929,9:13:37 PM,131,07-03-2023
8970,3930,9:16:27 PM,106,07-03-2023
8971,3931,9:23:14 PM,101,07-03-2023
8972,3931,9:23:14 PM,105,07-03-2023
8973,3932,9:49:12 PM,120,07-03-2023
8974,3933,10:18:41 PM,112,07-03-2023
8975,3933,10:18:41 PM,119,07-03-2023
8976,3934,10:31:24 PM,101,07-03-2023
8977,3934,10:31:24 PM,121,07-03-2023
8978,3935,10:42:37 PM,103,07-03-2023
8979,3935,10:42:37 PM,108,07-03-2023
8980,3935,10:42:37 PM,109,07-03-2023
8981,3935,10:42:37 PM,112,07-03-2023
8982,3936,10:59:17 PM,122,07-03-2023
8983,3936,10:59:17 PM,131,07-03-2023
8984,3937,11:02:35 PM,107,07-03-2023
8985,3937,11:02:35 PM,127,07-03-2023
8986,3937,11:02:35 PM,131,07-03-2023
8987,3938,11:50:19 AM,109,08-03-2023
8988,3939,12:22:52 PM,120,08-03-2023
8989,3940,12:29:28 PM,104,08-03-2023
8990,3940,12:29:28 PM,108,08-03-2023
8991,3940,12:29:28 PM,108,08-03-2023
8992,3940,12:29:28 PM,125,08-03-2023
8993,3940,12:29:28 PM,113,08-03-2023
8994,3940,12:29:28 PM,113,08-03-2023
8995,3940,12:29:28 PM,105,08-03-2023
8996,3940,12:29:28 PM,122,08-03-2023
8997,3940,12:29:28 PM,106,08-03-2023
8998,3940,12:29:28 PM,132,08-03-2023
8999,3940,12:29:28 PM,132,08-03-2023
9000,3940,12:29:28 PM,132,08-03-2023
9001,3941,12:31:16 PM,124,08-03-2023
9002,3942,12:34:14 PM,101,08-03-2023
9003,3943,12:37:23 PM,103,08-03-2023
9004,3944,12:58:48 PM,103,08-03-2023
9005,3944,12:58:48 PM,117,08-03-2023
9006,3945,1:08:44 PM,107,08-03-2023
9007,3945,1:08:44 PM,126,08-03-2023
9008,3945,1:08:44 PM,110,08-03-2023
9009,3945,1:08:44 PM,113,08-03-2023
9010,3945,1:08:44 PM,120,08-03-2023
9011,3945,1:08:44 PM,105,08-03-2023
9012,3946,1:16:01 PM,109,08-03-2023
9013,3946,1:16:01 PM,127,08-03-2023
9014,3947,1:18:56 PM,113,08-03-2023
9015,3948,1:25:26 PM,127,08-03-2023
9016,3949,1:33:30 PM,102,08-03-2023
9017,3950,1:43:32 PM,107,08-03-2023
9018,3951,2:14:25 PM,104,08-03-2023
9019,3951,2:14:25 PM,109,08-03-2023
9020,3951,2:14:25 PM,129,08-03-2023
9021,3951,2:14:25 PM,106,08-03-2023
9022,3952,2:14:42 PM,101,08-03-2023
9023,3953,2:35:06 PM,122,08-03-2023
9024,3954,2:38:40 PM,127,08-03-2023
9025,3955,2:46:52 PM,119,08-03-2023
9026,3956,2:53:46 PM,102,08-03-2023
9027,3957,3:02:47 PM,109,08-03-2023
9028,3958,3:13:04 PM,107,08-03-2023
9029,3959,3:18:05 PM,102,08-03-2023
9030,3959,3:18:05 PM,118,08-03-2023
9031,3960,3:56:08 PM,117,08-03-2023
9032,3960,3:56:08 PM,129,08-03-2023
9033,3961,3:56:48 PM,122,08-03-2023
9034,3962,3:58:21 PM,104,08-03-2023
9035,3963,3:59:35 PM,107,08-03-2023
9036,3963,3:59:35 PM,109,08-03-2023
9037,3963,3:59:35 PM,131,08-03-2023
9038,3964,4:16:42 PM,125,08-03-2023
9039,3964,4:16:42 PM,131,08-03-2023
9040,3965,4:26:39 PM,101,08-03-2023
9041,3966,4:32:58 PM,107,08-03-2023
9042,3966,4:32:58 PM,124,08-03-2023
9043,3966,4:32:58 PM,109,08-03-2023
9044,3966,4:32:58 PM,119,08-03-2023
9045,3967,4:48:23 PM,101,08-03-2023
9046,3967,4:48:23 PM,115,08-03-2023
9047,3968,4:55:44 PM,111,08-03-2023
9048,3968,4:55:44 PM,118,08-03-2023
9049,3968,4:55:44 PM,119,08-03-2023
9050,3968,4:55:44 PM,121,08-03-2023
9051,3969,4:57:55 PM,128,08-03-2023
9052,3970,5:07:58 PM,125,08-03-2023
9053,3970,5:07:58 PM,118,08-03-2023
9054,3970,5:07:58 PM,132,08-03-2023
9055,3971,5:13:18 PM,103,08-03-2023
9056,3971,5:13:18 PM,117,08-03-2023
9057,3971,5:13:18 PM,113,08-03-2023
9058,3972,5:29:55 PM,101,08-03-2023
9059,3972,5:29:55 PM,123,08-03-2023
9060,3973,5:34:55 PM,125,08-03-2023
9061,3973,5:34:55 PM,112,08-03-2023
9062,3973,5:34:55 PM,122,08-03-2023
9063,3973,5:34:55 PM,106,08-03-2023
9064,3974,5:41:34 PM,101,08-03-2023
9065,3974,5:41:34 PM,127,08-03-2023
9066,3974,5:41:34 PM,129,08-03-2023
9067,3974,5:41:34 PM,122,08-03-2023
9068,3975,5:46:49 PM,107,08-03-2023
9069,3976,5:51:53 PM,117,08-03-2023
9070,3976,5:51:53 PM,128,08-03-2023
9071,3977,5:52:16 PM,116,08-03-2023
9072,3977,5:52:16 PM,108,08-03-2023
9073,3977,5:52:16 PM,106,08-03-2023
9074,3978,5:55:21 PM,109,08-03-2023
9075,3978,5:55:21 PM,120,08-03-2023
9076,3978,5:55:21 PM,106,08-03-2023
9077,3979,6:11:37 PM,109,08-03-2023
9078,3980,6:19:16 PM,117,08-03-2023
9079,3981,6:19:19 PM,108,08-03-2023
9080,3982,6:19:27 PM,116,08-03-2023
9081,3983,6:25:31 PM,120,08-03-2023
9082,3984,6:28:07 PM,126,08-03-2023
9083,3984,6:28:07 PM,109,08-03-2023
9084,3984,6:28:07 PM,113,08-03-2023
9085,3984,6:28:07 PM,105,08-03-2023
9086,3985,6:29:24 PM,110,08-03-2023
9087,3985,6:29:24 PM,106,08-03-2023
9088,3985,6:29:24 PM,106,08-03-2023
9089,3986,6:29:51 PM,123,08-03-2023
9090,3987,6:33:21 PM,101,08-03-2023
9091,3987,6:33:21 PM,101,08-03-2023
9092,3987,6:33:21 PM,119,08-03-2023
9093,3987,6:33:21 PM,105,08-03-2023
9094,3988,7:27:14 PM,107,08-03-2023
9095,3988,7:27:14 PM,125,08-03-2023
9096,3989,7:53:16 PM,119,08-03-2023
9097,3989,7:53:16 PM,105,08-03-2023
9098,3990,7:56:35 PM,105,08-03-2023
9099,3991,8:03:54 PM,126,08-03-2023
9100,3991,8:03:54 PM,111,08-03-2023
9101,3991,8:03:54 PM,106,08-03-2023
9102,3992,8:14:02 PM,101,08-03-2023
9103,3992,8:14:02 PM,107,08-03-2023
9104,3992,8:14:02 PM,113,08-03-2023
9105,3992,8:14:02 PM,122,08-03-2023
9106,3993,8:29:17 PM,101,08-03-2023
9107,3993,8:29:17 PM,103,08-03-2023
9108,3994,8:30:09 PM,129,08-03-2023
9109,3995,8:47:41 PM,108,08-03-2023
9110,3995,8:47:41 PM,121,08-03-2023
9111,3996,8:51:13 PM,101,08-03-2023
9112,3996,8:51:13 PM,130,08-03-2023
9113,3997,8:55:45 PM,101,08-03-2023
9114,3997,8:55:45 PM,104,08-03-2023
9115,3998,9:36:47 PM,106,08-03-2023
9116,3999,9:47:00 PM,103,08-03-2023
9117,3999,9:47:00 PM,108,08-03-2023
9118,3999,9:47:00 PM,128,08-03-2023
9119,4000,11:34:01 AM,101,09-03-2023
9120,4000,11:34:01 AM,126,09-03-2023
9121,4000,11:34:01 AM,121,09-03-2023
9122,4000,11:34:01 AM,106,09-03-2023
9123,4001,11:41:53 AM,128,09-03-2023
9124,4001,11:41:53 AM,106,09-03-2023
9125,4002,11:46:21 AM,125,09-03-2023
9126,4002,11:46:21 AM,119,09-03-2023
9127,4003,11:49:50 AM,110,09-03-2023
9128,4004,11:53:06 AM,104,09-03-2023
9129,4005,12:40:14 PM,104,09-03-2023
9130,4005,12:40:14 PM,108,09-03-2023
9131,4005,12:40:14 PM,108,09-03-2023
9132,4005,12:40:14 PM,128,09-03-2023
9133,4005,12:40:14 PM,129,09-03-2023
9134,4005,12:40:14 PM,119,09-03-2023
9135,4006,12:44:49 PM,120,09-03-2023
9136,4007,1:03:46 PM,101,09-03-2023
9137,4008,1:03:47 PM,108,09-03-2023
9138,4008,1:03:47 PM,130,09-03-2023
9139,4009,1:06:54 PM,101,09-03-2023
9140,4009,1:06:54 PM,101,09-03-2023
9141,4010,1:07:43 PM,102,09-03-2023
9142,4010,1:07:43 PM,125,09-03-2023
9143,4010,1:07:43 PM,112,09-03-2023
9144,4010,1:07:43 PM,112,09-03-2023
9145,4011,1:12:55 PM,105,09-03-2023
9146,4012,1:17:54 PM,103,09-03-2023
9147,4012,1:17:54 PM,124,09-03-2023
9148,4012,1:17:54 PM,105,09-03-2023
9149,4012,1:17:54 PM,114,09-03-2023
9150,4013,1:31:53 PM,101,09-03-2023
9151,4013,1:31:53 PM,124,09-03-2023
9152,4014,1:39:39 PM,101,09-03-2023
9153,4014,1:39:39 PM,102,09-03-2023
9154,4014,1:39:39 PM,104,09-03-2023
9155,4014,1:39:39 PM,108,09-03-2023
9156,4014,1:39:39 PM,110,09-03-2023
9157,4014,1:39:39 PM,117,09-03-2023
9158,4014,1:39:39 PM,129,09-03-2023
9159,4014,1:39:39 PM,113,09-03-2023
9160,4014,1:39:39 PM,121,09-03-2023
9161,4014,1:39:39 PM,105,09-03-2023
9162,4014,1:39:39 PM,122,09-03-2023
9163,4014,1:39:39 PM,106,09-03-2023
9164,4015,2:05:48 PM,101,09-03-2023
9165,4015,2:05:48 PM,116,09-03-2023
9166,4015,2:05:48 PM,108,09-03-2023
9167,4015,2:05:48 PM,124,09-03-2023
9168,4015,2:05:48 PM,105,09-03-2023
9169,4015,2:05:48 PM,122,09-03-2023
9170,4016,2:09:30 PM,122,09-03-2023
9171,4016,2:09:30 PM,114,09-03-2023
9172,4017,2:20:15 PM,109,09-03-2023
9173,4018,2:46:33 PM,106,09-03-2023
9174,4019,2:55:28 PM,109,09-03-2023
9175,4020,3:30:34 PM,123,09-03-2023
9176,4020,3:30:34 PM,123,09-03-2023
9177,4021,3:39:32 PM,104,09-03-2023
9178,4021,3:39:32 PM,110,09-03-2023
9179,4021,3:39:32 PM,110,09-03-2023
9180,4021,3:39:32 PM,117,09-03-2023
9181,4022,4:15:29 PM,105,09-03-2023
9182,4022,4:15:29 PM,131,09-03-2023
9183,4023,4:18:37 PM,126,09-03-2023
9184,4023,4:18:37 PM,119,09-03-2023
9185,4023,4:18:37 PM,123,09-03-2023
9186,4024,4:26:31 PM,108,09-03-2023
9187,4025,4:38:56 PM,103,09-03-2023
9188,4025,4:38:56 PM,117,09-03-2023
9189,4025,4:38:56 PM,127,09-03-2023
9190,4026,4:46:41 PM,105,09-03-2023
9191,4026,4:46:41 PM,131,09-03-2023
9192,4027,4:50:50 PM,108,09-03-2023
9193,4027,4:50:50 PM,128,09-03-2023
9194,4027,4:50:50 PM,132,09-03-2023
9195,4028,5:04:08 PM,102,09-03-2023
9196,4029,5:08:55 PM,126,09-03-2023
9197,4029,5:08:55 PM,132,09-03-2023
9198,4030,5:10:40 PM,107,09-03-2023
9199,4030,5:10:40 PM,125,09-03-2023
9200,4031,5:26:17 PM,107,09-03-2023
9201,4031,5:26:17 PM,124,09-03-2023
9202,4031,5:26:17 PM,109,09-03-2023
9203,4032,5:40:50 PM,120,09-03-2023
9204,4032,5:40:50 PM,106,09-03-2023
9205,4033,5:43:46 PM,105,09-03-2023
9206,4034,5:48:17 PM,109,09-03-2023
9207,4034,5:48:17 PM,129,09-03-2023
9208,4034,5:48:17 PM,113,09-03-2023
9209,4034,5:48:17 PM,114,09-03-2023
9210,4035,5:54:50 PM,124,09-03-2023
9211,4035,5:54:50 PM,131,09-03-2023
9212,4036,5:56:04 PM,102,09-03-2023
9213,4036,5:56:04 PM,103,09-03-2023
9214,4036,5:56:04 PM,125,09-03-2023
9215,4036,5:56:04 PM,105,09-03-2023
9216,4037,6:01:34 PM,101,09-03-2023
9217,4037,6:01:34 PM,125,09-03-2023
9218,4037,6:01:34 PM,126,09-03-2023
9219,4037,6:01:34 PM,113,09-03-2023
9220,4038,6:04:03 PM,130,09-03-2023
9221,4038,6:04:03 PM,114,09-03-2023
9222,4039,6:13:22 PM,118,09-03-2023
9223,4040,6:31:54 PM,111,09-03-2023
9224,4040,6:31:54 PM,118,09-03-2023
9225,4041,6:33:34 PM,107,09-03-2023
9226,4042,6:37:43 PM,102,09-03-2023
9227,4042,6:37:43 PM,129,09-03-2023
9228,4043,6:37:57 PM,101,09-03-2023
9229,4044,6:59:49 PM,107,09-03-2023
9230,4044,6:59:49 PM,104,09-03-2023
9231,4045,7:07:54 PM,111,09-03-2023
9232,4045,7:07:54 PM,119,09-03-2023
9233,4046,7:19:40 PM,102,09-03-2023
9234,4046,7:19:40 PM,109,09-03-2023
9235,4047,7:41:26 PM,103,09-03-2023
9236,4048,7:42:52 PM,115,09-03-2023
9237,4048,7:42:52 PM,108,09-03-2023
9238,4048,7:42:52 PM,109,09-03-2023
9239,4048,7:42:52 PM,114,09-03-2023
9240,4049,8:22:42 PM,115,09-03-2023
9241,4049,8:22:42 PM,125,09-03-2023
9242,4049,8:22:42 PM,118,09-03-2023
9243,4050,8:23:00 PM,124,09-03-2023
9244,4051,8:28:51 PM,101,09-03-2023
9245,4051,8:28:51 PM,107,09-03-2023
9246,4051,8:28:51 PM,113,09-03-2023
9247,4051,8:28:51 PM,106,09-03-2023
9248,4052,8:51:47 PM,108,09-03-2023
9249,4052,8:51:47 PM,124,09-03-2023
9250,4053,9:23:40 PM,117,09-03-2023
9251,4054,9:39:28 PM,121,09-03-2023
9252,4055,9:58:39 PM,116,09-03-2023
9253,4055,9:58:39 PM,113,09-03-2023
9254,4055,9:58:39 PM,122,09-03-2023
9255,4056,11:25:36 AM,108,10-03-2023
9256,4056,11:25:36 AM,109,10-03-2023
9257,4056,11:25:36 AM,119,10-03-2023
9258,4056,11:25:36 AM,106,10-03-2023
9259,4057,11:28:54 AM,101,10-03-2023
9260,4057,11:28:54 AM,109,10-03-2023
9261,4058,11:36:03 AM,108,10-03-2023
9262,4058,11:36:03 AM,125,10-03-2023
9263,4058,11:36:03 AM,106,10-03-2023
9264,4059,12:06:00 PM,104,10-03-2023
9265,4060,12:25:20 PM,103,10-03-2023
9266,4060,12:25:20 PM,110,10-03-2023
9267,4060,12:25:20 PM,105,10-03-2023
9268,4060,12:25:20 PM,122,10-03-2023
9269,4061,12:27:06 PM,102,10-03-2023
9270,4062,12:29:59 PM,125,10-03-2023
9271,4063,12:34:52 PM,109,10-03-2023
9272,4063,12:34:52 PM,110,10-03-2023
9273,4063,12:34:52 PM,113,10-03-2023
9274,4064,12:39:50 PM,104,10-03-2023
9275,4064,12:39:50 PM,124,10-03-2023
9276,4064,12:39:50 PM,109,10-03-2023
9277,4064,12:39:50 PM,117,10-03-2023
9278,4064,12:39:50 PM,113,10-03-2023
9279,4064,12:39:50 PM,113,10-03-2023
9280,4064,12:39:50 PM,118,10-03-2023
9281,4064,12:39:50 PM,121,10-03-2023
9282,4064,12:39:50 PM,132,10-03-2023
9283,4065,12:47:09 PM,122,10-03-2023
9284,4066,12:50:46 PM,107,10-03-2023
9285,4067,12:53:35 PM,131,10-03-2023
9286,4068,12:56:40 PM,107,10-03-2023
9287,4068,12:56:40 PM,103,10-03-2023
9288,4068,12:56:40 PM,111,10-03-2023
9289,4068,12:56:40 PM,131,10-03-2023
9290,4069,1:04:35 PM,125,10-03-2023
9291,4070,1:09:33 PM,108,10-03-2023
9292,4070,1:09:33 PM,129,10-03-2023
9293,4071,1:11:32 PM,108,10-03-2023
9294,4072,1:19:51 PM,102,10-03-2023
9295,4072,1:19:51 PM,108,10-03-2023
9296,4072,1:19:51 PM,127,10-03-2023
9297,4072,1:19:51 PM,131,10-03-2023
9298,4073,1:25:22 PM,125,10-03-2023
9299,4073,1:25:22 PM,118,10-03-2023
9300,4073,1:25:22 PM,132,10-03-2023
9301,4074,1:33:17 PM,106,10-03-2023
9302,4075,1:41:38 PM,122,10-03-2023
9303,4076,1:43:55 PM,101,10-03-2023
9304,4076,1:43:55 PM,125,10-03-2023
9305,4077,1:55:11 PM,104,10-03-2023
9306,4077,1:55:11 PM,108,10-03-2023
9307,4077,1:55:11 PM,109,10-03-2023
9308,4077,1:55:11 PM,127,10-03-2023
9309,4077,1:55:11 PM,129,10-03-2023
9310,4077,1:55:11 PM,120,10-03-2023
9311,4077,1:55:11 PM,130,10-03-2023
9312,4077,1:55:11 PM,106,10-03-2023
9313,4077,1:55:11 PM,132,10-03-2023
9314,4078,2:06:41 PM,125,10-03-2023
9315,4078,2:06:41 PM,109,10-03-2023
9316,4078,2:06:41 PM,113,10-03-2023
9317,4078,2:06:41 PM,132,10-03-2023
9318,4079,2:36:45 PM,101,10-03-2023
9319,4080,2:38:10 PM,108,10-03-2023
9320,4080,2:38:10 PM,114,10-03-2023
9321,4081,2:41:40 PM,105,10-03-2023
9322,4082,2:53:14 PM,101,10-03-2023
9323,4082,2:53:14 PM,112,10-03-2023
9324,4083,2:53:51 PM,108,10-03-2023
9325,4083,2:53:51 PM,130,10-03-2023
9326,4083,2:53:51 PM,106,10-03-2023
9327,4084,2:56:15 PM,106,10-03-2023
9328,4085,2:58:08 PM,129,10-03-2023
9329,4086,3:01:10 PM,128,10-03-2023
9330,4086,3:01:10 PM,106,10-03-2023
9331,4087,3:42:01 PM,107,10-03-2023
9332,4087,3:42:01 PM,124,10-03-2023
9333,4087,3:42:01 PM,105,10-03-2023
9334,4088,3:48:01 PM,112,10-03-2023
9335,4088,3:48:01 PM,114,10-03-2023
9336,4089,4:04:11 PM,115,10-03-2023
9337,4089,4:04:11 PM,125,10-03-2023
9338,4089,4:04:11 PM,117,10-03-2023
9339,4089,4:04:11 PM,122,10-03-2023
9340,4090,4:43:06 PM,102,10-03-2023
9341,4090,4:43:06 PM,105,10-03-2023
9342,4091,4:43:37 PM,126,10-03-2023
9343,4091,4:43:37 PM,106,10-03-2023
9344,4092,4:49:23 PM,125,10-03-2023
9345,4092,4:49:23 PM,126,10-03-2023
9346,4093,5:11:16 PM,108,10-03-2023
9347,4093,5:11:16 PM,124,10-03-2023
9348,4093,5:11:16 PM,119,10-03-2023
9349,4093,5:11:16 PM,122,10-03-2023
9350,4094,5:13:54 PM,107,10-03-2023
9351,4095,5:22:03 PM,128,10-03-2023
9352,4096,5:44:06 PM,123,10-03-2023
9353,4097,5:57:38 PM,104,10-03-2023
9354,4097,5:57:38 PM,109,10-03-2023
9355,4097,5:57:38 PM,129,10-03-2023
9356,4097,5:57:38 PM,112,10-03-2023
9357,4098,6:20:47 PM,109,10-03-2023
9358,4098,6:20:47 PM,122,10-03-2023
9359,4099,6:21:25 PM,115,10-03-2023
9360,4099,6:21:25 PM,126,10-03-2023
9361,4100,6:30:06 PM,109,10-03-2023
9362,4101,6:42:29 PM,110,10-03-2023
9363,4102,6:45:32 PM,107,10-03-2023
9364,4102,6:45:32 PM,104,10-03-2023
9365,4103,7:10:04 PM,107,10-03-2023
9366,4103,7:10:04 PM,113,10-03-2023
9367,4103,7:10:04 PM,120,10-03-2023
9368,4103,7:10:04 PM,122,10-03-2023
9369,4104,7:14:28 PM,105,10-03-2023
9370,4105,7:30:41 PM,101,10-03-2023
9371,4105,7:30:41 PM,110,10-03-2023
9372,4105,7:30:41 PM,129,10-03-2023
9373,4105,7:30:41 PM,132,10-03-2023
9374,4106,8:08:25 PM,107,10-03-2023
9375,4106,8:08:25 PM,111,10-03-2023
9376,4107,8:17:32 PM,117,10-03-2023
9377,4107,8:17:32 PM,112,10-03-2023
9378,4108,8:20:38 PM,101,10-03-2023
9379,4108,8:20:38 PM,125,10-03-2023
9380,4108,8:20:38 PM,129,10-03-2023
9381,4108,8:20:38 PM,122,10-03-2023
9382,4109,8:45:34 PM,102,10-03-2023
9383,4109,8:45:34 PM,110,10-03-2023
9384,4109,8:45:34 PM,127,10-03-2023
9385,4109,8:45:34 PM,120,10-03-2023
9386,4110,8:55:20 PM,125,10-03-2023
9387,4110,8:55:20 PM,110,10-03-2023
9388,4110,8:55:20 PM,117,10-03-2023
9389,4110,8:55:20 PM,106,10-03-2023
9390,4111,9:05:08 PM,125,10-03-2023
9391,4111,9:05:08 PM,126,10-03-2023
9392,4112,9:23:19 PM,107,10-03-2023
9393,4112,9:23:19 PM,104,10-03-2023
9394,4112,9:23:19 PM,106,10-03-2023
9395,4113,10:13:47 PM,122,10-03-2023
9396,4114,10:18:08 PM,120,10-03-2023
9397,4115,12:01:41 PM,132,11-03-2023
9398,4116,12:02:01 PM,106,11-03-2023
9399,4117,12:06:00 PM,105,11-03-2023
9400,4118,12:10:49 PM,118,11-03-2023
9401,4119,12:17:41 PM,111,11-03-2023
9402,4120,12:31:01 PM,111,11-03-2023
9403,4120,12:31:01 PM,112,11-03-2023
9404,4121,12:37:36 PM,115,11-03-2023
9405,4121,12:37:36 PM,124,11-03-2023
9406,4121,12:37:36 PM,109,11-03-2023
9407,4121,12:37:36 PM,127,11-03-2023
9408,4122,12:44:34 PM,128,11-03-2023
9409,4122,12:44:34 PM,105,11-03-2023
9410,4122,12:44:34 PM,132,11-03-2023
9411,4123,12:53:38 PM,107,11-03-2023
9412,4123,12:53:38 PM,116,11-03-2023
9413,4123,12:53:38 PM,102,11-03-2023
9414,4123,12:53:38 PM,103,11-03-2023
9415,4123,12:53:38 PM,124,11-03-2023
9416,4123,12:53:38 PM,126,11-03-2023
9417,4123,12:53:38 PM,109,11-03-2023
9418,4123,12:53:38 PM,117,11-03-2023
9419,4123,12:53:38 PM,129,11-03-2023
9420,4123,12:53:38 PM,106,11-03-2023
9421,4123,12:53:38 PM,114,11-03-2023
9422,4124,12:54:05 PM,124,11-03-2023
9423,4124,12:54:05 PM,113,11-03-2023
9424,4124,12:54:05 PM,131,11-03-2023
9425,4124,12:54:05 PM,106,11-03-2023
9426,4125,1:00:09 PM,101,11-03-2023
9427,4126,1:07:26 PM,120,11-03-2023
9428,4127,1:09:51 PM,106,11-03-2023
9429,4128,1:20:46 PM,105,11-03-2023
9430,4129,1:21:18 PM,124,11-03-2023
9431,4130,1:22:05 PM,116,11-03-2023
9432,4130,1:22:05 PM,102,11-03-2023
9433,4130,1:22:05 PM,105,11-03-2023
9434,4131,1:45:13 PM,101,11-03-2023
9435,4131,1:45:13 PM,101,11-03-2023
9436,4131,1:45:13 PM,108,11-03-2023
9437,4131,1:45:13 PM,128,11-03-2023
9438,4131,1:45:13 PM,129,11-03-2023
9439,4131,1:45:13 PM,113,11-03-2023
9440,4131,1:45:13 PM,132,11-03-2023
9441,4132,1:49:46 PM,126,11-03-2023
9442,4132,1:49:46 PM,129,11-03-2023
9443,4132,1:49:46 PM,105,11-03-2023
9444,4132,1:49:46 PM,123,11-03-2023
9445,4133,2:05:09 PM,105,11-03-2023
9446,4134,2:23:53 PM,125,11-03-2023
9447,4134,2:23:53 PM,110,11-03-2023
9448,4135,2:25:34 PM,102,11-03-2023
9449,4135,2:25:34 PM,106,11-03-2023
9450,4136,2:33:24 PM,108,11-03-2023
9451,4136,2:33:24 PM,119,11-03-2023
9452,4136,2:33:24 PM,120,11-03-2023
9453,4136,2:33:24 PM,NULL,11-03-2023
9454,4136,2:33:24 PM,132,11-03-2023
9455,4137,2:33:39 PM,131,11-03-2023
9456,4138,2:39:14 PM,112,11-03-2023
9457,4138,2:39:14 PM,130,11-03-2023
9458,4139,2:39:27 PM,125,11-03-2023
9459,4140,3:01:55 PM,113,11-03-2023
9460,4141,3:22:38 PM,117,11-03-2023
9461,4142,3:36:22 PM,119,11-03-2023
9462,4142,3:36:22 PM,123,11-03-2023
9463,4143,3:39:09 PM,106,11-03-2023
9464,4144,4:20:07 PM,107,11-03-2023
9465,4144,4:20:07 PM,NULL,11-03-2023
9466,4145,4:23:58 PM,129,11-03-2023
9467,4145,4:23:58 PM,121,11-03-2023
9468,4145,4:23:58 PM,131,11-03-2023
9469,4145,4:23:58 PM,106,11-03-2023
9470,4146,4:25:58 PM,129,11-03-2023
9471,4147,4:37:46 PM,110,11-03-2023
9472,4147,4:37:46 PM,118,11-03-2023
9473,4147,4:37:46 PM,122,11-03-2023
9474,4148,4:40:21 PM,106,11-03-2023
9475,4149,4:43:33 PM,102,11-03-2023
9476,4149,4:43:33 PM,124,11-03-2023
9477,4150,4:45:38 PM,115,11-03-2023
9478,4150,4:45:38 PM,128,11-03-2023
9479,4150,4:45:38 PM,120,11-03-2023
9480,4150,4:45:38 PM,122,11-03-2023
9481,4151,4:49:53 PM,121,11-03-2023
9482,4151,4:49:53 PM,131,11-03-2023
9483,4152,4:51:16 PM,109,11-03-2023
9484,4152,4:51:16 PM,127,11-03-2023
9485,4153,5:08:05 PM,105,11-03-2023
9486,4153,5:08:05 PM,106,11-03-2023
9487,4154,5:11:37 PM,103,11-03-2023
9488,4155,5:12:58 PM,124,11-03-2023
9489,4155,5:12:58 PM,109,11-03-2023
9490,4155,5:12:58 PM,105,11-03-2023
9491,4156,5:18:27 PM,102,11-03-2023
9492,4157,5:29:31 PM,109,11-03-2023
9493,4158,5:33:30 PM,116,11-03-2023
9494,4158,5:33:30 PM,129,11-03-2023
9495,4159,5:37:24 PM,132,11-03-2023
9496,4160,6:17:39 PM,105,11-03-2023
9497,4160,6:17:39 PM,106,11-03-2023
9498,4161,6:24:12 PM,102,11-03-2023
9499,4161,6:24:12 PM,124,11-03-2023
9500,4161,6:24:12 PM,130,11-03-2023
9501,4162,6:27:59 PM,107,11-03-2023
9502,4162,6:27:59 PM,125,11-03-2023
9503,4162,6:27:59 PM,113,11-03-2023
9504,4163,6:28:15 PM,108,11-03-2023
9505,4164,6:33:24 PM,125,11-03-2023
9506,4165,6:39:21 PM,118,11-03-2023
9507,4165,6:39:21 PM,119,11-03-2023
9508,4166,6:44:57 PM,124,11-03-2023
9509,4166,6:44:57 PM,125,11-03-2023
9510,4166,6:44:57 PM,105,11-03-2023
9511,4166,6:44:57 PM,122,11-03-2023
9512,4167,6:46:52 PM,107,11-03-2023
9513,4167,6:46:52 PM,103,11-03-2023
9514,4167,6:46:52 PM,105,11-03-2023
9515,4167,6:46:52 PM,132,11-03-2023
9516,4168,7:25:05 PM,102,11-03-2023
9517,4168,7:25:05 PM,111,11-03-2023
9518,4169,7:52:29 PM,102,11-03-2023
9519,4170,8:01:57 PM,101,11-03-2023
9520,4170,8:01:57 PM,107,11-03-2023
9521,4170,8:01:57 PM,131,11-03-2023
9522,4171,9:35:22 PM,132,11-03-2023
9523,4172,9:49:42 PM,125,11-03-2023
9524,4173,10:03:13 PM,108,11-03-2023
9525,4173,10:03:13 PM,130,11-03-2023
9526,4174,10:22:00 PM,126,11-03-2023
9527,4175,10:27:17 PM,126,11-03-2023
9528,4176,10:28:40 PM,128,11-03-2023
9529,4177,11:26:04 AM,116,12-03-2023
9530,4177,11:26:04 AM,129,12-03-2023
9531,4177,11:26:04 AM,112,12-03-2023
9532,4177,11:26:04 AM,113,12-03-2023
9533,4178,11:37:02 AM,102,12-03-2023
9534,4178,11:37:02 AM,112,12-03-2023
9535,4179,11:56:55 AM,119,12-03-2023
9536,4180,12:00:07 PM,109,12-03-2023
9537,4180,12:00:07 PM,118,12-03-2023
9538,4181,12:08:19 PM,101,12-03-2023
9539,4182,12:13:53 PM,102,12-03-2023
9540,4182,12:13:53 PM,129,12-03-2023
9541,4182,12:13:53 PM,122,12-03-2023
9542,4183,12:18:35 PM,113,12-03-2023
9543,4184,12:19:43 PM,125,12-03-2023
9544,4184,12:19:43 PM,111,12-03-2023
9545,4184,12:19:43 PM,118,12-03-2023
9546,4184,12:19:43 PM,119,12-03-2023
9547,4184,12:19:43 PM,119,12-03-2023
9548,4185,12:34:53 PM,116,12-03-2023
9549,4186,12:38:05 PM,101,12-03-2023
9550,4186,12:38:05 PM,115,12-03-2023
9551,4186,12:38:05 PM,102,12-03-2023
9552,4186,12:38:05 PM,126,12-03-2023
9553,4186,12:38:05 PM,110,12-03-2023
9554,4186,12:38:05 PM,117,12-03-2023
9555,4186,12:38:05 PM,127,12-03-2023
9556,4186,12:38:05 PM,111,12-03-2023
9557,4186,12:38:05 PM,119,12-03-2023
9558,4186,12:38:05 PM,105,12-03-2023
9559,4186,12:38:05 PM,131,12-03-2023
9560,4186,12:38:05 PM,106,12-03-2023
9561,4187,12:44:27 PM,103,12-03-2023
9562,4188,1:03:40 PM,106,12-03-2023
9563,4189,1:15:42 PM,101,12-03-2023
9564,4189,1:15:42 PM,108,12-03-2023
9565,4189,1:15:42 PM,124,12-03-2023
9566,4189,1:15:42 PM,125,12-03-2023
9567,4189,1:15:42 PM,117,12-03-2023
9568,4190,1:50:53 PM,124,12-03-2023
9569,4191,1:55:19 PM,101,12-03-2023
9570,4192,1:56:27 PM,121,12-03-2023
9571,4192,1:56:27 PM,123,12-03-2023
9572,4193,2:05:44 PM,120,12-03-2023
9573,4194,2:30:20 PM,125,12-03-2023
9574,4194,2:30:20 PM,111,12-03-2023
9575,4194,2:30:20 PM,112,12-03-2023
9576,4195,2:47:42 PM,101,12-03-2023
9577,4195,2:47:42 PM,125,12-03-2023
9578,4195,2:47:42 PM,112,12-03-2023
9579,4195,2:47:42 PM,120,12-03-2023
9580,4196,3:25:24 PM,NULL,12-03-2023
9581,4197,3:37:29 PM,117,12-03-2023
9582,4198,3:38:35 PM,131,12-03-2023
9583,4198,3:38:35 PM,132,12-03-2023
9584,4199,3:47:43 PM,125,12-03-2023
9585,4199,3:47:43 PM,129,12-03-2023
9586,4200,3:48:08 PM,125,12-03-2023
9587,4201,3:50:03 PM,120,12-03-2023
9588,4201,3:50:03 PM,131,12-03-2023
9589,4202,3:51:32 PM,107,12-03-2023
9590,4202,3:51:32 PM,116,12-03-2023
9591,4203,4:06:48 PM,116,12-03-2023
9592,4203,4:06:48 PM,109,12-03-2023
9593,4203,4:06:48 PM,109,12-03-2023
9594,4204,4:10:28 PM,113,12-03-2023
9595,4204,4:10:28 PM,123,12-03-2023
9596,4205,4:23:53 PM,115,12-03-2023
9597,4205,4:23:53 PM,112,12-03-2023
9598,4206,4:28:16 PM,116,12-03-2023
9599,4206,4:28:16 PM,102,12-03-2023
9600,4206,4:28:16 PM,127,12-03-2023
9601,4206,4:28:16 PM,132,12-03-2023
9602,4207,4:39:49 PM,125,12-03-2023
9603,4207,4:39:49 PM,112,12-03-2023
9604,4207,4:39:49 PM,119,12-03-2023
9605,4207,4:39:49 PM,119,12-03-2023
9606,4208,5:00:06 PM,104,12-03-2023
9607,4208,5:00:06 PM,126,12-03-2023
9608,4208,5:00:06 PM,122,12-03-2023
9609,4209,5:06:27 PM,104,12-03-2023
9610,4209,5:06:27 PM,132,12-03-2023
9611,4210,5:14:55 PM,102,12-03-2023
9612,4210,5:14:55 PM,117,12-03-2023
9613,4211,5:34:27 PM,101,12-03-2023
9614,4211,5:34:27 PM,115,12-03-2023
9615,4212,5:44:49 PM,115,12-03-2023
9616,4212,5:44:49 PM,130,12-03-2023
9617,4213,6:08:25 PM,125,12-03-2023
9618,4213,6:08:25 PM,112,12-03-2023
9619,4214,6:09:43 PM,101,12-03-2023
9620,4215,6:21:31 PM,125,12-03-2023
9621,4215,6:21:31 PM,117,12-03-2023
9622,4216,6:23:38 PM,107,12-03-2023
9623,4216,6:23:38 PM,112,12-03-2023
9624,4216,6:23:38 PM,105,12-03-2023
9625,4216,6:23:38 PM,106,12-03-2023
9626,4217,6:28:33 PM,125,12-03-2023
9627,4218,6:29:17 PM,130,12-03-2023
9628,4219,6:45:21 PM,101,12-03-2023
9629,4219,6:45:21 PM,119,12-03-2023
9630,4220,6:55:05 PM,128,12-03-2023
9631,4220,6:55:05 PM,120,12-03-2023
9632,4220,6:55:05 PM,132,12-03-2023
9633,4221,7:07:06 PM,108,12-03-2023
9634,4222,7:11:01 PM,117,12-03-2023
9635,4223,7:39:15 PM,132,12-03-2023
9636,4224,8:19:32 PM,108,12-03-2023
9637,4224,8:19:32 PM,124,12-03-2023
9638,4224,8:19:32 PM,119,12-03-2023
9639,4225,8:30:07 PM,111,12-03-2023
9640,4225,8:30:07 PM,111,12-03-2023
9641,4226,8:58:53 PM,125,12-03-2023
9642,4227,10:03:24 PM,112,12-03-2023
9643,4227,10:03:24 PM,130,12-03-2023
9644,4228,11:21:11 AM,107,13-03-2023
9645,4228,11:21:11 AM,104,13-03-2023
9646,4228,11:21:11 AM,108,13-03-2023
9647,4229,11:26:40 AM,120,13-03-2023
9648,4230,12:03:46 PM,120,13-03-2023
9649,4231,12:11:55 PM,110,13-03-2023
9650,4231,12:11:55 PM,105,13-03-2023
9651,4232,12:22:05 PM,107,13-03-2023
9652,4232,12:22:05 PM,108,13-03-2023
9653,4232,12:22:05 PM,109,13-03-2023
9654,4232,12:22:05 PM,109,13-03-2023
9655,4232,12:22:05 PM,110,13-03-2023
9656,4232,12:22:05 PM,113,13-03-2023
9657,4232,12:22:05 PM,113,13-03-2023
9658,4232,12:22:05 PM,118,13-03-2023
9659,4232,12:22:05 PM,120,13-03-2023
9660,4232,12:22:05 PM,120,13-03-2023
9661,4232,12:22:05 PM,114,13-03-2023
9662,4232,12:22:05 PM,NULL,13-03-2023
9663,4233,12:26:06 PM,125,13-03-2023
9664,4233,12:26:06 PM,119,13-03-2023
9665,4233,12:26:06 PM,114,13-03-2023
9666,4234,12:26:55 PM,125,13-03-2023
9667,4234,12:26:55 PM,113,13-03-2023
9668,4235,12:43:20 PM,126,13-03-2023
9669,4235,12:43:20 PM,109,13-03-2023
9670,4235,12:43:20 PM,112,13-03-2023
9671,4235,12:43:20 PM,122,13-03-2023
9672,4235,12:43:20 PM,131,13-03-2023
9673,4236,12:46:50 PM,102,13-03-2023
9674,4236,12:46:50 PM,109,13-03-2023
9675,4236,12:46:50 PM,113,13-03-2023
9676,4237,12:53:21 PM,106,13-03-2023
9677,4238,12:57:25 PM,108,13-03-2023
9678,4238,12:57:25 PM,129,13-03-2023
9679,4238,12:57:25 PM,112,13-03-2023
9680,4238,12:57:25 PM,121,13-03-2023
9681,4239,12:58:26 PM,112,13-03-2023
9682,4240,1:06:51 PM,110,13-03-2023
9683,4240,1:06:51 PM,132,13-03-2023
9684,4241,1:07:16 PM,107,13-03-2023
9685,4241,1:07:16 PM,106,13-03-2023
9686,4242,1:15:50 PM,101,13-03-2023
9687,4243,1:32:08 PM,125,13-03-2023
9688,4244,1:32:38 PM,107,13-03-2023
9689,4244,1:32:38 PM,117,13-03-2023
9690,4244,1:32:38 PM,120,13-03-2023
9691,4245,1:35:44 PM,102,13-03-2023
9692,4245,1:35:44 PM,108,13-03-2023
9693,4245,1:35:44 PM,113,13-03-2023
9694,4245,1:35:44 PM,130,13-03-2023
9695,4246,2:29:34 PM,103,13-03-2023
9696,4247,2:34:24 PM,108,13-03-2023
9697,4247,2:34:24 PM,125,13-03-2023
9698,4247,2:34:24 PM,113,13-03-2023
9699,4247,2:34:24 PM,131,13-03-2023
9700,4248,2:52:08 PM,107,13-03-2023
9701,4248,2:52:08 PM,110,13-03-2023
9702,4249,2:57:41 PM,110,13-03-2023
9703,4249,2:57:41 PM,128,13-03-2023
9704,4250,3:18:42 PM,107,13-03-2023
9705,4250,3:18:42 PM,111,13-03-2023
9706,4251,3:27:34 PM,127,13-03-2023
9707,4251,3:27:34 PM,120,13-03-2023
9708,4251,3:27:34 PM,106,13-03-2023
9709,4252,3:31:07 PM,124,13-03-2023
9710,4253,4:26:31 PM,106,13-03-2023
9711,4253,4:26:31 PM,106,13-03-2023
9712,4254,4:59:32 PM,108,13-03-2023
9713,4254,4:59:32 PM,120,13-03-2023
9714,4254,4:59:32 PM,132,13-03-2023
9715,4255,5:02:19 PM,119,13-03-2023
9716,4256,5:09:06 PM,129,13-03-2023
9717,4256,5:09:06 PM,111,13-03-2023
9718,4257,5:15:09 PM,101,13-03-2023
9719,4257,5:15:09 PM,103,13-03-2023
9720,4257,5:15:09 PM,105,13-03-2023
9721,4258,5:17:57 PM,105,13-03-2023
9722,4259,5:26:11 PM,107,13-03-2023
9723,4259,5:26:11 PM,113,13-03-2023
9724,4260,5:27:49 PM,105,13-03-2023
9725,4260,5:27:49 PM,105,13-03-2023
9726,4261,5:39:14 PM,101,13-03-2023
9727,4261,5:39:14 PM,109,13-03-2023
9728,4261,5:39:14 PM,113,13-03-2023
9729,4261,5:39:14 PM,132,13-03-2023
9730,4262,5:44:16 PM,126,13-03-2023
9731,4263,5:48:06 PM,130,13-03-2023
9732,4263,5:48:06 PM,106,13-03-2023
9733,4263,5:48:06 PM,114,13-03-2023
9734,4264,5:48:27 PM,108,13-03-2023
9735,4264,5:48:27 PM,129,13-03-2023
9736,4264,5:48:27 PM,111,13-03-2023
9737,4264,5:48:27 PM,113,13-03-2023
9738,4265,5:53:29 PM,107,13-03-2023
9739,4265,5:53:29 PM,122,13-03-2023
9740,4266,5:54:30 PM,101,13-03-2023
9741,4266,5:54:30 PM,107,13-03-2023
9742,4266,5:54:30 PM,106,13-03-2023
9743,4267,6:07:56 PM,107,13-03-2023
9744,4267,6:07:56 PM,102,13-03-2023
9745,4267,6:07:56 PM,106,13-03-2023
9746,4268,6:30:51 PM,108,13-03-2023
9747,4269,6:44:54 PM,108,13-03-2023
9748,4269,6:44:54 PM,117,13-03-2023
9749,4269,6:44:54 PM,105,13-03-2023
9750,4269,6:44:54 PM,NULL,13-03-2023
9751,4270,6:48:09 PM,129,13-03-2023
9752,4270,6:48:09 PM,112,13-03-2023
9753,4271,6:53:59 PM,107,13-03-2023
9754,4271,6:53:59 PM,115,13-03-2023
9755,4271,6:53:59 PM,106,13-03-2023
9756,4272,7:00:06 PM,119,13-03-2023
9757,4272,7:00:06 PM,123,13-03-2023
9758,4273,7:13:52 PM,129,13-03-2023
9759,4273,7:13:52 PM,112,13-03-2023
9760,4273,7:13:52 PM,113,13-03-2023
9761,4274,7:24:05 PM,125,13-03-2023
9762,4275,7:25:15 PM,104,13-03-2023
9763,4276,7:26:19 PM,110,13-03-2023
9764,4276,7:26:19 PM,117,13-03-2023
9765,4276,7:26:19 PM,127,13-03-2023
9766,4276,7:26:19 PM,131,13-03-2023
9767,4277,7:28:56 PM,117,13-03-2023
9768,4277,7:28:56 PM,127,13-03-2023
9769,4278,7:32:04 PM,101,13-03-2023
9770,4278,7:32:04 PM,106,13-03-2023
9771,4279,7:35:26 PM,121,13-03-2023
9772,4279,7:35:26 PM,132,13-03-2023
9773,4280,7:43:02 PM,129,13-03-2023
9774,4281,7:48:52 PM,120,13-03-2023
9775,4282,7:48:59 PM,128,13-03-2023
9776,4282,7:48:59 PM,106,13-03-2023
9777,4283,8:00:35 PM,125,13-03-2023
9778,4283,8:00:35 PM,109,13-03-2023
9779,4284,8:01:36 PM,101,13-03-2023
9780,4284,8:01:36 PM,106,13-03-2023
9781,4285,8:07:36 PM,108,13-03-2023
9782,4285,8:07:36 PM,110,13-03-2023
9783,4285,8:07:36 PM,118,13-03-2023
9784,4285,8:07:36 PM,130,13-03-2023
9785,4286,8:09:22 PM,130,13-03-2023
9786,4287,8:22:24 PM,107,13-03-2023
9787,4287,8:22:24 PM,109,13-03-2023
9788,4288,8:33:21 PM,107,13-03-2023
9789,4288,8:33:21 PM,127,13-03-2023
9790,4288,8:33:21 PM,130,13-03-2023
9791,4289,8:47:26 PM,124,13-03-2023
9792,4289,8:47:26 PM,117,13-03-2023
9793,4289,8:47:26 PM,105,13-03-2023
9794,4290,8:51:32 PM,113,13-03-2023
9795,4290,8:51:32 PM,122,13-03-2023
9796,4290,8:51:32 PM,131,13-03-2023
9797,4291,8:59:18 PM,126,13-03-2023
9798,4291,8:59:18 PM,114,13-03-2023
9799,4292,9:02:53 PM,113,13-03-2023
9800,4292,9:02:53 PM,131,13-03-2023
9801,4292,9:02:53 PM,106,13-03-2023
9802,4292,9:02:53 PM,NULL,13-03-2023
9803,4293,9:12:29 PM,110,13-03-2023
9804,4294,9:14:47 PM,101,13-03-2023
9805,4294,9:14:47 PM,131,13-03-2023
9806,4295,9:31:23 PM,107,13-03-2023
9807,4295,9:31:23 PM,125,13-03-2023
9808,4295,9:31:23 PM,113,13-03-2023
9809,4295,9:31:23 PM,131,13-03-2023
9810,4296,9:48:33 PM,123,13-03-2023
9811,4297,10:06:21 PM,101,13-03-2023
9812,4297,10:06:21 PM,102,13-03-2023
9813,4297,10:06:21 PM,103,13-03-2023
9814,4297,10:06:21 PM,131,13-03-2023
9815,4298,10:18:17 PM,104,13-03-2023
9816,4298,10:18:17 PM,110,13-03-2023
9817,4299,12:16:45 PM,106,14-03-2023
9818,4300,12:28:34 PM,101,14-03-2023
9819,4300,12:28:34 PM,101,14-03-2023
9820,4300,12:28:34 PM,116,14-03-2023
9821,4301,12:43:04 PM,125,14-03-2023
9822,4301,12:43:04 PM,111,14-03-2023
9823,4302,12:47:54 PM,121,14-03-2023
9824,4303,12:49:45 PM,102,14-03-2023
9825,4303,12:49:45 PM,122,14-03-2023
9826,4304,12:56:21 PM,126,14-03-2023
9827,4305,1:09:20 PM,101,14-03-2023
9828,4305,1:09:20 PM,102,14-03-2023
9829,4305,1:09:20 PM,124,14-03-2023
9830,4305,1:09:20 PM,127,14-03-2023
9831,4305,1:09:20 PM,111,14-03-2023
9832,4305,1:09:20 PM,112,14-03-2023
9833,4305,1:09:20 PM,113,14-03-2023
9834,4305,1:09:20 PM,119,14-03-2023
9835,4305,1:09:20 PM,120,14-03-2023
9836,4305,1:09:20 PM,121,14-03-2023
9837,4305,1:09:20 PM,131,14-03-2023
9838,4305,1:09:20 PM,106,14-03-2023
9839,4305,1:09:20 PM,106,14-03-2023
9840,4305,1:09:20 PM,132,14-03-2023
9841,4306,1:16:23 PM,102,14-03-2023
9842,4306,1:16:23 PM,129,14-03-2023
9843,4306,1:16:23 PM,121,14-03-2023
9844,4306,1:16:23 PM,114,14-03-2023
9845,4307,1:19:35 PM,NULL,14-03-2023
9846,4308,1:24:46 PM,126,14-03-2023
9847,4308,1:24:46 PM,129,14-03-2023
9848,4309,1:46:13 PM,125,14-03-2023
9849,4310,1:47:57 PM,109,14-03-2023
9850,4310,1:47:57 PM,111,14-03-2023
9851,4310,1:47:57 PM,105,14-03-2023
9852,4310,1:47:57 PM,122,14-03-2023
9853,4311,2:12:12 PM,117,14-03-2023
9854,4311,2:12:12 PM,129,14-03-2023
9855,4311,2:12:12 PM,106,14-03-2023
9856,4312,2:29:59 PM,102,14-03-2023
9857,4313,2:34:28 PM,118,14-03-2023
9858,4314,2:37:47 PM,112,14-03-2023
9859,4314,2:37:47 PM,132,14-03-2023
9860,4314,2:37:47 PM,132,14-03-2023
9861,4314,2:37:47 PM,132,14-03-2023
9862,4315,3:19:31 PM,125,14-03-2023
9863,4315,3:19:31 PM,123,14-03-2023
9864,4316,3:35:43 PM,124,14-03-2023
9865,4317,3:50:39 PM,107,14-03-2023
9866,4317,3:50:39 PM,103,14-03-2023
9867,4317,3:50:39 PM,112,14-03-2023
9868,4318,4:10:10 PM,120,14-03-2023
9869,4319,4:10:40 PM,111,14-03-2023
9870,4319,4:10:40 PM,131,14-03-2023
9871,4320,4:22:10 PM,127,14-03-2023
9872,4320,4:22:10 PM,111,14-03-2023
9873,4320,4:22:10 PM,113,14-03-2023
9874,4321,4:28:24 PM,123,14-03-2023
9875,4322,4:34:46 PM,108,14-03-2023
9876,4322,4:34:46 PM,110,14-03-2023
9877,4322,4:34:46 PM,120,14-03-2023
9878,4323,4:38:05 PM,111,14-03-2023
9879,4323,4:38:05 PM,130,14-03-2023
9880,4324,4:42:00 PM,114,14-03-2023
9881,4325,4:44:33 PM,127,14-03-2023
9882,4325,4:44:33 PM,120,14-03-2023
9883,4326,4:50:34 PM,107,14-03-2023
9884,4326,4:50:34 PM,122,14-03-2023
9885,4327,4:54:36 PM,119,14-03-2023
9886,4328,5:30:16 PM,120,14-03-2023
9887,4329,5:49:13 PM,116,14-03-2023
9888,4329,5:49:13 PM,120,14-03-2023
9889,4330,5:50:48 PM,102,14-03-2023
9890,4330,5:50:48 PM,108,14-03-2023
9891,4330,5:50:48 PM,NULL,14-03-2023
9892,4331,5:51:53 PM,125,14-03-2023
9893,4331,5:51:53 PM,113,14-03-2023
9894,4332,6:02:55 PM,101,14-03-2023
9895,4333,6:18:59 PM,107,14-03-2023
9896,4333,6:18:59 PM,131,14-03-2023
9897,4334,6:36:34 PM,118,14-03-2023
9898,4335,6:38:17 PM,129,14-03-2023
9899,4336,6:40:57 PM,120,14-03-2023
9900,4337,6:42:43 PM,109,14-03-2023
9901,4337,6:42:43 PM,122,14-03-2023
9902,4338,6:43:22 PM,122,14-03-2023
9903,4339,6:44:41 PM,121,14-03-2023
9904,4340,6:45:37 PM,116,14-03-2023
9905,4340,6:45:37 PM,110,14-03-2023
9906,4341,7:05:47 PM,112,14-03-2023
9907,4341,7:05:47 PM,119,14-03-2023
9908,4342,7:43:00 PM,117,14-03-2023
9909,4342,7:43:00 PM,112,14-03-2023
9910,4342,7:43:00 PM,118,14-03-2023
9911,4342,7:43:00 PM,123,14-03-2023
9912,4343,7:53:17 PM,109,14-03-2023
9913,4343,7:53:17 PM,117,14-03-2023
9914,4343,7:53:17 PM,111,14-03-2023
9915,4343,7:53:17 PM,119,14-03-2023
9916,4344,8:15:55 PM,112,14-03-2023
9917,4344,8:15:55 PM,113,14-03-2023
9918,4345,8:18:21 PM,102,14-03-2023
9919,4345,8:18:21 PM,111,14-03-2023
9920,4345,8:18:21 PM,114,14-03-2023
9921,4346,8:20:18 PM,102,14-03-2023
9922,4346,8:20:18 PM,106,14-03-2023
9923,4347,8:31:44 PM,115,14-03-2023
9924,4348,8:37:13 PM,132,14-03-2023
9925,4349,8:47:01 PM,111,14-03-2023
9926,4350,9:02:43 PM,102,14-03-2023
9927,4350,9:02:43 PM,108,14-03-2023
9928,4350,9:02:43 PM,124,14-03-2023
9929,4350,9:02:43 PM,122,14-03-2023
9930,4351,9:05:17 PM,101,14-03-2023
9931,4351,9:05:17 PM,109,14-03-2023
9932,4351,9:05:17 PM,117,14-03-2023
9933,4351,9:05:17 PM,131,14-03-2023
9934,4352,9:22:53 PM,107,14-03-2023
9935,4352,9:22:53 PM,104,14-03-2023
9936,4353,9:24:48 PM,127,14-03-2023
9937,4354,10:23:19 PM,130,14-03-2023
9938,4354,10:23:19 PM,NULL,14-03-2023
9939,4355,11:40:06 AM,125,15-03-2023
9940,4356,11:48:27 AM,101,15-03-2023
9941,4356,11:48:27 AM,102,15-03-2023
9942,4356,11:48:27 AM,111,15-03-2023
9943,4356,11:48:27 AM,120,15-03-2023
9944,4357,11:49:01 AM,101,15-03-2023
9945,4357,11:49:01 AM,107,15-03-2023
9946,4357,11:49:01 AM,109,15-03-2023
9947,4357,11:49:01 AM,112,15-03-2023
9948,4358,12:08:34 PM,108,15-03-2023
9949,4358,12:08:34 PM,124,15-03-2023
9950,4358,12:08:34 PM,113,15-03-2023
9951,4359,12:42:51 PM,117,15-03-2023
9952,4359,12:42:51 PM,111,15-03-2023
9953,4359,12:42:51 PM,132,15-03-2023
9954,4360,1:08:00 PM,117,15-03-2023
9955,4361,1:08:26 PM,110,15-03-2023
9956,4362,1:36:20 PM,116,15-03-2023
9957,4363,1:41:43 PM,116,15-03-2023
9958,4363,1:41:43 PM,125,15-03-2023
9959,4363,1:41:43 PM,126,15-03-2023
9960,4363,1:41:43 PM,109,15-03-2023
9961,4363,1:41:43 PM,117,15-03-2023
9962,4363,1:41:43 PM,113,15-03-2023
9963,4363,1:41:43 PM,118,15-03-2023
9964,4363,1:41:43 PM,131,15-03-2023
9965,4363,1:41:43 PM,106,15-03-2023
9966,4363,1:41:43 PM,114,15-03-2023
9967,4364,1:43:32 PM,124,15-03-2023
9968,4364,1:43:32 PM,125,15-03-2023
9969,4364,1:43:32 PM,110,15-03-2023
9970,4364,1:43:32 PM,117,15-03-2023
9971,4364,1:43:32 PM,128,15-03-2023
9972,4364,1:43:32 PM,129,15-03-2023
9973,4364,1:43:32 PM,131,15-03-2023
9974,4364,1:43:32 PM,106,15-03-2023
9975,4365,1:55:25 PM,104,15-03-2023
9976,4365,1:55:25 PM,132,15-03-2023
9977,4366,2:12:24 PM,125,15-03-2023
9978,4367,2:18:34 PM,102,15-03-2023
9979,4368,2:29:45 PM,101,15-03-2023
9980,4369,3:05:40 PM,113,15-03-2023
9981,4369,3:05:40 PM,131,15-03-2023
9982,4370,3:29:07 PM,110,15-03-2023
9983,4371,3:42:34 PM,107,15-03-2023
9984,4371,3:42:34 PM,124,15-03-2023
9985,4371,3:42:34 PM,126,15-03-2023
9986,4372,3:45:56 PM,107,15-03-2023
9987,4372,3:45:56 PM,129,15-03-2023
9988,4372,3:45:56 PM,113,15-03-2023
9989,4372,3:45:56 PM,105,15-03-2023
9990,4373,3:47:01 PM,107,15-03-2023
9991,4374,3:48:11 PM,101,15-03-2023
9992,4375,4:00:44 PM,107,15-03-2023
9993,4375,4:00:44 PM,122,15-03-2023
9994,4375,4:00:44 PM,130,15-03-2023
9995,4376,4:03:18 PM,118,15-03-2023
9996,4376,4:03:18 PM,120,15-03-2023
9997,4377,4:07:56 PM,125,15-03-2023
9998,4377,4:07:56 PM,120,15-03-2023
9999,4377,4:07:56 PM,123,15-03-2023
10000,4378,4:12:31 PM,121,15-03-2023
10001,4378,4:12:31 PM,106,15-03-2023
10002,4379,4:12:56 PM,129,15-03-2023
10003,4379,4:12:56 PM,111,15-03-2023
10004,4379,4:12:56 PM,113,15-03-2023
10005,4380,4:14:57 PM,112,15-03-2023
10006,4380,4:14:57 PM,131,15-03-2023
10007,4380,4:14:57 PM,106,15-03-2023
10008,4381,4:31:44 PM,110,15-03-2023
10009,4381,4:31:44 PM,112,15-03-2023
10010,4381,4:31:44 PM,120,15-03-2023
10011,4381,4:31:44 PM,122,15-03-2023
10012,4382,4:33:38 PM,103,15-03-2023
10013,4382,4:33:38 PM,106,15-03-2023
10014,4383,4:38:07 PM,115,15-03-2023
10015,4383,4:38:07 PM,116,15-03-2023
10016,4383,4:38:07 PM,114,15-03-2023
10017,4384,4:57:07 PM,101,15-03-2023
10018,4384,4:57:07 PM,121,15-03-2023
10019,4385,5:13:38 PM,103,15-03-2023
10020,4385,5:13:38 PM,108,15-03-2023
10021,4385,5:13:38 PM,122,15-03-2023
10022,4385,5:13:38 PM,122,15-03-2023
10023,4386,5:30:07 PM,108,15-03-2023
10024,4386,5:30:07 PM,111,15-03-2023
10025,4386,5:30:07 PM,119,15-03-2023
10026,4387,6:01:50 PM,129,15-03-2023
10027,4387,6:01:50 PM,123,15-03-2023
10028,4388,6:18:55 PM,122,15-03-2023
10029,4389,6:28:12 PM,108,15-03-2023
10030,4389,6:28:12 PM,114,15-03-2023
10031,4390,6:28:49 PM,101,15-03-2023
10032,4390,6:28:49 PM,106,15-03-2023
10033,4391,6:35:20 PM,102,15-03-2023
10034,4391,6:35:20 PM,126,15-03-2023
10035,4391,6:35:20 PM,112,15-03-2023
10036,4391,6:35:20 PM,106,15-03-2023
10037,4392,6:44:40 PM,110,15-03-2023
10038,4392,6:44:40 PM,132,15-03-2023
10039,4393,6:48:37 PM,109,15-03-2023
10040,4393,6:48:37 PM,131,15-03-2023
10041,4394,6:56:08 PM,108,15-03-2023
10042,4394,6:56:08 PM,111,15-03-2023
10043,4395,7:02:12 PM,110,15-03-2023
10044,4395,7:02:12 PM,130,15-03-2023
10045,4395,7:02:12 PM,131,15-03-2023
10046,4396,7:37:36 PM,101,15-03-2023
10047,4396,7:37:36 PM,112,15-03-2023
10048,4396,7:37:36 PM,119,15-03-2023
10049,4397,7:49:03 PM,101,15-03-2023
10050,4397,7:49:03 PM,101,15-03-2023
10051,4397,7:49:03 PM,109,15-03-2023
10052,4398,7:55:56 PM,106,15-03-2023
10053,4399,8:19:34 PM,107,15-03-2023
10054,4400,8:49:02 PM,110,15-03-2023
10055,4400,8:49:02 PM,105,15-03-2023
10056,4400,8:49:02 PM,132,15-03-2023
10057,4401,9:03:16 PM,125,15-03-2023
10058,4401,9:03:16 PM,106,15-03-2023
10059,4401,9:03:16 PM,106,15-03-2023
10060,4402,9:26:48 PM,109,15-03-2023
10061,4403,10:17:47 PM,108,15-03-2023
10062,4403,10:17:47 PM,109,15-03-2023
10063,4404,11:18:16 AM,111,16-03-2023
10064,4404,11:18:16 AM,122,16-03-2023
10065,4405,11:55:19 AM,107,16-03-2023
10066,4405,11:55:19 AM,110,16-03-2023
10067,4406,12:04:29 PM,118,16-03-2023
10068,4406,12:04:29 PM,119,16-03-2023
10069,4406,12:04:29 PM,120,16-03-2023
10070,4407,12:10:54 PM,132,16-03-2023
10071,4408,12:11:56 PM,130,16-03-2023
10072,4409,12:14:11 PM,118,16-03-2023
10073,4410,12:15:47 PM,NULL,16-03-2023
10074,4411,12:16:56 PM,113,16-03-2023
10075,4412,12:18:01 PM,125,16-03-2023
10076,4412,12:18:01 PM,112,16-03-2023
10077,4413,12:23:40 PM,108,16-03-2023
10078,4414,12:24:49 PM,108,16-03-2023
10079,4415,12:26:22 PM,102,16-03-2023
10080,4416,12:33:50 PM,124,16-03-2023
10081,4416,12:33:50 PM,125,16-03-2023
10082,4416,12:33:50 PM,118,16-03-2023
10083,4416,12:33:50 PM,131,16-03-2023
10084,4416,12:33:50 PM,114,16-03-2023
10085,4416,12:33:50 PM,132,16-03-2023
10086,4417,12:34:38 PM,112,16-03-2023
10087,4418,12:48:27 PM,125,16-03-2023
10088,4419,1:09:10 PM,104,16-03-2023
10089,4420,1:12:50 PM,107,16-03-2023
10090,4420,1:12:50 PM,105,16-03-2023
10091,4421,1:13:23 PM,108,16-03-2023
10092,4422,1:14:57 PM,101,16-03-2023
10093,4422,1:14:57 PM,125,16-03-2023
10094,4422,1:14:57 PM,109,16-03-2023
10095,4422,1:14:57 PM,111,16-03-2023
10096,4422,1:14:57 PM,111,16-03-2023
10097,4422,1:14:57 PM,112,16-03-2023
10098,4422,1:14:57 PM,119,16-03-2023
10099,4422,1:14:57 PM,131,16-03-2023
10100,4422,1:14:57 PM,106,16-03-2023
10101,4422,1:14:57 PM,106,16-03-2023
10102,4422,1:14:57 PM,114,16-03-2023
10103,4423,1:25:45 PM,103,16-03-2023
10104,4423,1:25:45 PM,104,16-03-2023
10105,4423,1:25:45 PM,109,16-03-2023
10106,4423,1:25:45 PM,109,16-03-2023
10107,4423,1:25:45 PM,118,16-03-2023
10108,4423,1:25:45 PM,131,16-03-2023
10109,4423,1:25:45 PM,131,16-03-2023
10110,4424,1:34:37 PM,124,16-03-2023
10111,4425,1:39:34 PM,107,16-03-2023
10112,4425,1:39:34 PM,110,16-03-2023
10113,4425,1:39:34 PM,117,16-03-2023
10114,4425,1:39:34 PM,121,16-03-2023
10115,4426,1:45:41 PM,118,16-03-2023
10116,4426,1:45:41 PM,122,16-03-2023
10117,4427,1:51:45 PM,126,16-03-2023
10118,4428,2:00:48 PM,111,16-03-2023
10119,4428,2:00:48 PM,112,16-03-2023
10120,4428,2:00:48 PM,119,16-03-2023
10121,4429,2:07:00 PM,102,16-03-2023
10122,4430,2:47:48 PM,122,16-03-2023
10123,4431,2:55:57 PM,110,16-03-2023
10124,4432,3:00:56 PM,107,16-03-2023
10125,4432,3:00:56 PM,110,16-03-2023
10126,4432,3:00:56 PM,105,16-03-2023
10127,4433,3:36:28 PM,122,16-03-2023
10128,4434,4:01:07 PM,132,16-03-2023
10129,4435,4:02:07 PM,128,16-03-2023
10130,4436,4:08:15 PM,117,16-03-2023
10131,4436,4:08:15 PM,127,16-03-2023
10132,4437,4:16:14 PM,128,16-03-2023
10133,4438,4:30:22 PM,101,16-03-2023
10134,4438,4:30:22 PM,107,16-03-2023
10135,4438,4:30:22 PM,125,16-03-2023
10136,4439,4:47:29 PM,102,16-03-2023
10137,4439,4:47:29 PM,117,16-03-2023
10138,4439,4:47:29 PM,131,16-03-2023
10139,4440,4:47:41 PM,101,16-03-2023
10140,4440,4:47:41 PM,119,16-03-2023
10141,4441,4:57:19 PM,107,16-03-2023
10142,4441,4:57:19 PM,103,16-03-2023
10143,4441,4:57:19 PM,125,16-03-2023
10144,4441,4:57:19 PM,109,16-03-2023
10145,4442,5:04:37 PM,102,16-03-2023
10146,4442,5:04:37 PM,125,16-03-2023
10147,4443,5:27:27 PM,120,16-03-2023
10148,4444,5:28:55 PM,108,16-03-2023
10149,4444,5:28:55 PM,117,16-03-2023
10150,4444,5:28:55 PM,113,16-03-2023
10151,4444,5:28:55 PM,130,16-03-2023
10152,4445,5:33:20 PM,124,16-03-2023
10153,4445,5:33:20 PM,120,16-03-2023
10154,4445,5:33:20 PM,132,16-03-2023
10155,4446,5:35:10 PM,126,16-03-2023
10156,4447,5:46:16 PM,101,16-03-2023
10157,4447,5:46:16 PM,112,16-03-2023
10158,4447,5:46:16 PM,113,16-03-2023
10159,4447,5:46:16 PM,132,16-03-2023
10160,4448,5:47:46 PM,131,16-03-2023
10161,4449,5:49:16 PM,125,16-03-2023
10162,4449,5:49:16 PM,109,16-03-2023
10163,4450,6:16:34 PM,122,16-03-2023
10164,4451,6:21:03 PM,126,16-03-2023
10165,4451,6:21:03 PM,106,16-03-2023
10166,4452,6:25:34 PM,114,16-03-2023
10167,4453,6:28:00 PM,122,16-03-2023
10168,4454,6:29:04 PM,102,16-03-2023
10169,4454,6:29:04 PM,123,16-03-2023
10170,4455,6:30:50 PM,101,16-03-2023
10171,4455,6:30:50 PM,112,16-03-2023
10172,4455,6:30:50 PM,NULL,16-03-2023
10173,4456,6:33:20 PM,131,16-03-2023
10174,4456,6:33:20 PM,131,16-03-2023
10175,4457,6:41:34 PM,111,16-03-2023
10176,4457,6:41:34 PM,113,16-03-2023
10177,4457,6:41:34 PM,118,16-03-2023
10178,4457,6:41:34 PM,106,16-03-2023
10179,4458,7:02:27 PM,124,16-03-2023
10180,4458,7:02:27 PM,110,16-03-2023
10181,4458,7:02:27 PM,106,16-03-2023
10182,4459,7:07:02 PM,122,16-03-2023
10183,4460,7:08:35 PM,107,16-03-2023
10184,4460,7:08:35 PM,116,16-03-2023
10185,4460,7:08:35 PM,125,16-03-2023
10186,4460,7:08:35 PM,129,16-03-2023
10187,4461,7:12:14 PM,120,16-03-2023
10188,4462,7:17:34 PM,114,16-03-2023
10189,4463,7:27:52 PM,107,16-03-2023
10190,4463,7:27:52 PM,105,16-03-2023
10191,4464,7:28:38 PM,103,16-03-2023
10192,4464,7:28:38 PM,105,16-03-2023
10193,4465,7:47:28 PM,127,16-03-2023
10194,4466,7:51:03 PM,102,16-03-2023
10195,4466,7:51:03 PM,117,16-03-2023
10196,4467,8:29:39 PM,110,16-03-2023
10197,4467,8:29:39 PM,111,16-03-2023
10198,4467,8:29:39 PM,123,16-03-2023
10199,4468,9:13:23 PM,132,16-03-2023
10200,4469,10:47:49 PM,104,16-03-2023
10201,4469,10:47:49 PM,122,16-03-2023
10202,4469,10:47:49 PM,132,16-03-2023
10203,4470,11:40:42 AM,113,17-03-2023
10204,4470,11:40:42 AM,120,17-03-2023
10205,4470,11:40:42 AM,131,17-03-2023
10206,4471,11:43:47 AM,107,17-03-2023
10207,4471,11:43:47 AM,110,17-03-2023
10208,4471,11:43:47 AM,131,17-03-2023
10209,4471,11:43:47 AM,106,17-03-2023
10210,4472,11:58:27 AM,110,17-03-2023
10211,4473,12:18:19 PM,117,17-03-2023
10212,4474,12:33:23 PM,101,17-03-2023
10213,4474,12:33:23 PM,117,17-03-2023
10214,4475,12:56:00 PM,121,17-03-2023
10215,4476,12:59:34 PM,118,17-03-2023
10216,4477,1:03:10 PM,101,17-03-2023
10217,4477,1:03:10 PM,107,17-03-2023
10218,4477,1:03:10 PM,105,17-03-2023
10219,4477,1:03:10 PM,122,17-03-2023
10220,4478,1:13:09 PM,116,17-03-2023
10221,4478,1:13:09 PM,126,17-03-2023
10222,4478,1:13:09 PM,131,17-03-2023
10223,4478,1:13:09 PM,114,17-03-2023
10224,4479,1:33:20 PM,107,17-03-2023
10225,4479,1:33:20 PM,103,17-03-2023
10226,4479,1:33:20 PM,125,17-03-2023
10227,4479,1:33:20 PM,126,17-03-2023
10228,4479,1:33:20 PM,129,17-03-2023
10229,4479,1:33:20 PM,111,17-03-2023
10230,4479,1:33:20 PM,121,17-03-2023
10231,4479,1:33:20 PM,105,17-03-2023
10232,4479,1:33:20 PM,131,17-03-2023
10233,4479,1:33:20 PM,106,17-03-2023
10234,4480,1:41:29 PM,101,17-03-2023
10235,4481,1:46:18 PM,108,17-03-2023
10236,4482,1:57:38 PM,102,17-03-2023
10237,4482,1:57:38 PM,108,17-03-2023
10238,4482,1:57:38 PM,125,17-03-2023
10239,4482,1:57:38 PM,109,17-03-2023
10240,4482,1:57:38 PM,117,17-03-2023
10241,4482,1:57:38 PM,117,17-03-2023
10242,4482,1:57:38 PM,129,17-03-2023
10243,4482,1:57:38 PM,111,17-03-2023
10244,4482,1:57:38 PM,118,17-03-2023
10245,4482,1:57:38 PM,120,17-03-2023
10246,4482,1:57:38 PM,120,17-03-2023
10247,4482,1:57:38 PM,105,17-03-2023
10248,4482,1:57:38 PM,NULL,17-03-2023
10249,4482,1:57:38 PM,132,17-03-2023
10250,4483,2:14:26 PM,108,17-03-2023
10251,4484,2:22:39 PM,101,17-03-2023
10252,4484,2:22:39 PM,123,17-03-2023
10253,4485,2:30:10 PM,117,17-03-2023
10254,4485,2:30:10 PM,128,17-03-2023
10255,4486,2:32:42 PM,103,17-03-2023
10256,4487,2:41:19 PM,116,17-03-2023
10257,4487,2:41:19 PM,102,17-03-2023
10258,4487,2:41:19 PM,105,17-03-2023
10259,4487,2:41:19 PM,131,17-03-2023
10260,4488,2:57:23 PM,108,17-03-2023
10261,4488,2:57:23 PM,125,17-03-2023
10262,4488,2:57:23 PM,109,17-03-2023
10263,4488,2:57:23 PM,110,17-03-2023
10264,4489,3:26:41 PM,120,17-03-2023
10265,4489,3:26:41 PM,106,17-03-2023
10266,4490,3:35:21 PM,111,17-03-2023
10267,4491,3:38:00 PM,102,17-03-2023
10268,4491,3:38:00 PM,117,17-03-2023
10269,4492,3:48:20 PM,101,17-03-2023
10270,4492,3:48:20 PM,121,17-03-2023
10271,4493,4:05:41 PM,121,17-03-2023
10272,4493,4:05:41 PM,131,17-03-2023
10273,4494,4:07:40 PM,122,17-03-2023
10274,4494,4:07:40 PM,132,17-03-2023
10275,4495,4:09:57 PM,109,17-03-2023
10276,4495,4:09:57 PM,122,17-03-2023
10277,4496,4:15:33 PM,101,17-03-2023
10278,4496,4:15:33 PM,109,17-03-2023
10279,4496,4:15:33 PM,117,17-03-2023
10280,4496,4:15:33 PM,118,17-03-2023
10281,4497,4:17:25 PM,120,17-03-2023
10282,4498,4:22:45 PM,104,17-03-2023
10283,4498,4:22:45 PM,NULL,17-03-2023
10284,4499,4:33:13 PM,127,17-03-2023
10285,4499,4:33:13 PM,120,17-03-2023
10286,4500,4:45:03 PM,101,17-03-2023
10287,4500,4:45:03 PM,106,17-03-2023
10288,4501,4:48:42 PM,104,17-03-2023
10289,4501,4:48:42 PM,125,17-03-2023
10290,4501,4:48:42 PM,109,17-03-2023
10291,4502,4:50:12 PM,128,17-03-2023
10292,4502,4:50:12 PM,112,17-03-2023
10293,4503,5:03:36 PM,127,17-03-2023
10294,4503,5:03:36 PM,113,17-03-2023
10295,4504,5:04:25 PM,124,17-03-2023
10296,4504,5:04:25 PM,106,17-03-2023
10297,4505,5:17:44 PM,101,17-03-2023
10298,4505,5:17:44 PM,125,17-03-2023
10299,4505,5:17:44 PM,109,17-03-2023
10300,4506,5:18:34 PM,108,17-03-2023
10301,4506,5:18:34 PM,109,17-03-2023
10302,4506,5:18:34 PM,119,17-03-2023
10303,4507,5:25:02 PM,101,17-03-2023
10304,4507,5:25:02 PM,130,17-03-2023
10305,4507,5:25:02 PM,132,17-03-2023
10306,4508,5:27:45 PM,129,17-03-2023
10307,4508,5:27:45 PM,130,17-03-2023
10308,4509,5:29:30 PM,113,17-03-2023
10309,4510,5:54:33 PM,124,17-03-2023
10310,4510,5:54:33 PM,125,17-03-2023
10311,4510,5:54:33 PM,127,17-03-2023
10312,4510,5:54:33 PM,118,17-03-2023
10313,4511,5:57:13 PM,108,17-03-2023
10314,4511,5:57:13 PM,117,17-03-2023
10315,4511,5:57:13 PM,105,17-03-2023
10316,4512,6:05:39 PM,130,17-03-2023
10317,4512,6:05:39 PM,130,17-03-2023
10318,4513,6:20:51 PM,102,17-03-2023
10319,4513,6:20:51 PM,125,17-03-2023
10320,4513,6:20:51 PM,109,17-03-2023
10321,4513,6:20:51 PM,118,17-03-2023
10322,4514,6:29:17 PM,107,17-03-2023
10323,4514,6:29:17 PM,119,17-03-2023
10324,4515,6:35:13 PM,120,17-03-2023
10325,4515,6:35:13 PM,105,17-03-2023
10326,4516,6:59:02 PM,109,17-03-2023
10327,4517,7:00:53 PM,101,17-03-2023
10328,4518,7:06:28 PM,103,17-03-2023
10329,4518,7:06:28 PM,123,17-03-2023
10330,4519,7:13:55 PM,119,17-03-2023
10331,4520,7:18:13 PM,104,17-03-2023
10332,4520,7:18:13 PM,112,17-03-2023
10333,4520,7:18:13 PM,105,17-03-2023
10334,4521,7:18:43 PM,112,17-03-2023
10335,4521,7:18:43 PM,131,17-03-2023
10336,4521,7:18:43 PM,132,17-03-2023
10337,4522,7:21:11 PM,107,17-03-2023
10338,4523,7:27:52 PM,108,17-03-2023
10339,4524,7:34:54 PM,118,17-03-2023
10340,4524,7:34:54 PM,119,17-03-2023
10341,4525,7:35:19 PM,107,17-03-2023
10342,4525,7:35:19 PM,126,17-03-2023
10343,4525,7:35:19 PM,113,17-03-2023
10344,4525,7:35:19 PM,131,17-03-2023
10345,4526,7:37:48 PM,128,17-03-2023
10346,4526,7:37:48 PM,119,17-03-2023
10347,4527,7:49:58 PM,107,17-03-2023
10348,4527,7:49:58 PM,117,17-03-2023
10349,4527,7:49:58 PM,113,17-03-2023
10350,4527,7:49:58 PM,123,17-03-2023
10351,4528,7:50:37 PM,125,17-03-2023
10352,4528,7:50:37 PM,113,17-03-2023
10353,4529,7:53:48 PM,101,17-03-2023
10354,4529,7:53:48 PM,NULL,17-03-2023
10355,4530,7:58:25 PM,109,17-03-2023
10356,4531,8:12:16 PM,101,17-03-2023
10357,4531,8:12:16 PM,113,17-03-2023
10358,4532,8:24:54 PM,102,17-03-2023
10359,4532,8:24:54 PM,120,17-03-2023
10360,4532,8:24:54 PM,122,17-03-2023
10361,4533,8:25:53 PM,124,17-03-2023
10362,4533,8:25:53 PM,129,17-03-2023
10363,4533,8:25:53 PM,106,17-03-2023
10364,4533,8:25:53 PM,114,17-03-2023
10365,4534,8:45:20 PM,110,17-03-2023
10366,4534,8:45:20 PM,120,17-03-2023
10367,4534,8:45:20 PM,131,17-03-2023
10368,4535,8:49:48 PM,125,17-03-2023
10369,4536,9:06:40 PM,125,17-03-2023
10370,4537,9:09:17 PM,118,17-03-2023
10371,4537,9:09:17 PM,123,17-03-2023
10372,4538,9:31:30 PM,101,17-03-2023
10373,4538,9:31:30 PM,107,17-03-2023
10374,4538,9:31:30 PM,122,17-03-2023
10375,4539,9:34:31 PM,117,17-03-2023
10376,4539,9:34:31 PM,112,17-03-2023
10377,4540,9:58:59 PM,129,17-03-2023
10378,4540,9:58:59 PM,119,17-03-2023
10379,4541,11:34:26 AM,102,18-03-2023
10380,4541,11:34:26 AM,NULL,18-03-2023
10381,4542,11:37:55 AM,131,18-03-2023
10382,4543,12:06:46 PM,115,18-03-2023
10383,4543,12:06:46 PM,127,18-03-2023
10384,4544,12:08:52 PM,127,18-03-2023
10385,4544,12:08:52 PM,112,18-03-2023
10386,4544,12:08:52 PM,118,18-03-2023
10387,4545,12:09:38 PM,107,18-03-2023
10388,4546,12:12:52 PM,104,18-03-2023
10389,4546,12:12:52 PM,118,18-03-2023
10390,4547,12:12:58 PM,114,18-03-2023
10391,4548,12:29:44 PM,108,18-03-2023
10392,4548,12:29:44 PM,113,18-03-2023
10393,4548,12:29:44 PM,122,18-03-2023
10394,4548,12:29:44 PM,132,18-03-2023
10395,4549,12:31:00 PM,118,18-03-2023
10396,4550,12:45:18 PM,101,18-03-2023
10397,4550,12:45:18 PM,106,18-03-2023
10398,4551,12:48:02 PM,101,18-03-2023
10399,4552,12:50:24 PM,127,18-03-2023
10400,4552,12:50:24 PM,105,18-03-2023
10401,4553,12:50:30 PM,104,18-03-2023
10402,4554,12:53:36 PM,112,18-03-2023
10403,4555,1:07:53 PM,109,18-03-2023
10404,4555,1:07:53 PM,109,18-03-2023
10405,4555,1:07:53 PM,127,18-03-2023
10406,4555,1:07:53 PM,118,18-03-2023
10407,4555,1:07:53 PM,105,18-03-2023
10408,4555,1:07:53 PM,122,18-03-2023
10409,4555,1:07:53 PM,122,18-03-2023
10410,4555,1:07:53 PM,106,18-03-2023
10411,4556,1:09:57 PM,127,18-03-2023
10412,4556,1:09:57 PM,105,18-03-2023
10413,4557,1:24:33 PM,108,18-03-2023
10414,4558,1:25:12 PM,NULL,18-03-2023
10415,4559,1:26:03 PM,102,18-03-2023
10416,4560,1:33:58 PM,108,18-03-2023
10417,4560,1:33:58 PM,129,18-03-2023
10418,4560,1:33:58 PM,122,18-03-2023
10419,4561,1:37:16 PM,101,18-03-2023
10420,4562,1:45:29 PM,111,18-03-2023
10421,4562,1:45:29 PM,119,18-03-2023
10422,4563,2:03:10 PM,109,18-03-2023
10423,4563,2:03:10 PM,128,18-03-2023
10424,4563,2:03:10 PM,132,18-03-2023
10425,4564,2:15:58 PM,111,18-03-2023
10426,4565,2:22:15 PM,116,18-03-2023
10427,4565,2:22:15 PM,132,18-03-2023
10428,4566,2:59:13 PM,116,18-03-2023
10429,4566,2:59:13 PM,108,18-03-2023
10430,4566,2:59:13 PM,123,18-03-2023
10431,4567,3:44:50 PM,107,18-03-2023
10432,4567,3:44:50 PM,113,18-03-2023
10433,4568,4:19:49 PM,101,18-03-2023
10434,4568,4:19:49 PM,106,18-03-2023
10435,4569,4:27:52 PM,101,18-03-2023
10436,4569,4:27:52 PM,125,18-03-2023
10437,4570,5:02:20 PM,119,18-03-2023
10438,4571,5:13:04 PM,109,18-03-2023
10439,4572,5:23:10 PM,101,18-03-2023
10440,4572,5:23:10 PM,119,18-03-2023
10441,4573,5:24:44 PM,102,18-03-2023
10442,4573,5:24:44 PM,124,18-03-2023
10443,4573,5:24:44 PM,106,18-03-2023
10444,4574,5:27:06 PM,123,18-03-2023
10445,4575,5:27:18 PM,109,18-03-2023
10446,4575,5:27:18 PM,132,18-03-2023
10447,4576,5:30:49 PM,102,18-03-2023
10448,4576,5:30:49 PM,126,18-03-2023
10449,4576,5:30:49 PM,122,18-03-2023
10450,4576,5:30:49 PM,106,18-03-2023
10451,4577,5:51:20 PM,106,18-03-2023
10452,4578,5:59:02 PM,101,18-03-2023
10453,4578,5:59:02 PM,109,18-03-2023
10454,4579,6:04:32 PM,104,18-03-2023
10455,4579,6:04:32 PM,122,18-03-2023
10456,4580,6:11:13 PM,109,18-03-2023
10457,4580,6:11:13 PM,109,18-03-2023
10458,4580,6:11:13 PM,128,18-03-2023
10459,4581,6:15:20 PM,105,18-03-2023
10460,4582,6:27:57 PM,115,18-03-2023
10461,4582,6:27:57 PM,108,18-03-2023
10462,4582,6:27:57 PM,120,18-03-2023
10463,4583,6:37:23 PM,107,18-03-2023
10464,4583,6:37:23 PM,128,18-03-2023
10465,4584,6:55:30 PM,118,18-03-2023
10466,4584,6:55:30 PM,131,18-03-2023
10467,4585,7:00:56 PM,126,18-03-2023
10468,4586,7:01:59 PM,131,18-03-2023
10469,4587,7:30:25 PM,126,18-03-2023
10470,4587,7:30:25 PM,114,18-03-2023
10471,4588,7:43:01 PM,107,18-03-2023
10472,4589,7:57:35 PM,107,18-03-2023
10473,4589,7:57:35 PM,109,18-03-2023
10474,4589,7:57:35 PM,130,18-03-2023
10475,4589,7:57:35 PM,123,18-03-2023
10476,4590,8:03:05 PM,101,18-03-2023
10477,4590,8:03:05 PM,122,18-03-2023
10478,4591,8:04:42 PM,108,18-03-2023
10479,4591,8:04:42 PM,117,18-03-2023
10480,4591,8:04:42 PM,112,18-03-2023
10481,4591,8:04:42 PM,121,18-03-2023
10482,4592,8:05:46 PM,114,18-03-2023
10483,4593,8:08:10 PM,132,18-03-2023
10484,4594,8:19:08 PM,122,18-03-2023
10485,4595,8:41:38 PM,111,18-03-2023
10486,4596,8:42:12 PM,125,18-03-2023
10487,4596,8:42:12 PM,113,18-03-2023
10488,4597,8:45:48 PM,115,18-03-2023
10489,4597,8:45:48 PM,109,18-03-2023
10490,4597,8:45:48 PM,106,18-03-2023
10491,4598,9:05:40 PM,120,18-03-2023
10492,4599,9:13:49 PM,120,18-03-2023
10493,4600,9:35:26 PM,110,18-03-2023
10494,4601,10:27:51 PM,124,18-03-2023
10495,4602,10:28:11 PM,101,18-03-2023
10496,4602,10:28:11 PM,108,18-03-2023
10497,4602,10:28:11 PM,109,18-03-2023
10498,4603,11:24:09 AM,101,19-03-2023
10499,4603,11:24:09 AM,103,19-03-2023
10500,4603,11:24:09 AM,121,19-03-2023
10501,4603,11:24:09 AM,106,19-03-2023
10502,4603,11:24:09 AM,114,19-03-2023
10503,4604,11:27:07 AM,115,19-03-2023
10504,4604,11:27:07 AM,127,19-03-2023
10505,4605,11:31:04 AM,118,19-03-2023
10506,4606,11:40:23 AM,123,19-03-2023
10507,4607,11:40:57 AM,117,19-03-2023
10508,4607,11:40:57 AM,111,19-03-2023
10509,4608,11:45:56 AM,103,19-03-2023
10510,4608,11:45:56 AM,108,19-03-2023
10511,4608,11:45:56 AM,117,19-03-2023
10512,4608,11:45:56 AM,127,19-03-2023
10513,4609,12:02:16 PM,118,19-03-2023
10514,4610,12:20:14 PM,113,19-03-2023
10515,4611,12:26:04 PM,102,19-03-2023
10516,4611,12:26:04 PM,104,19-03-2023
10517,4611,12:26:04 PM,108,19-03-2023
10518,4611,12:26:04 PM,108,19-03-2023
10519,4611,12:26:04 PM,129,19-03-2023
10520,4611,12:26:04 PM,113,19-03-2023
10521,4611,12:26:04 PM,121,19-03-2023
10522,4611,12:26:04 PM,121,19-03-2023
10523,4611,12:26:04 PM,122,19-03-2023
10524,4611,12:26:04 PM,106,19-03-2023
10525,4611,12:26:04 PM,114,19-03-2023
10526,4612,12:27:44 PM,131,19-03-2023
10527,4613,12:57:29 PM,131,19-03-2023
10528,4614,1:02:47 PM,109,19-03-2023
10529,4615,1:04:55 PM,116,19-03-2023
10530,4615,1:04:55 PM,131,19-03-2023
10531,4616,1:06:44 PM,131,19-03-2023
10532,4617,1:14:22 PM,101,19-03-2023
10533,4617,1:14:22 PM,107,19-03-2023
10534,4617,1:14:22 PM,108,19-03-2023
10535,4617,1:14:22 PM,125,19-03-2023
10536,4618,1:18:06 PM,113,19-03-2023
10537,4619,1:21:51 PM,103,19-03-2023
10538,4619,1:21:51 PM,113,19-03-2023
10539,4619,1:21:51 PM,132,19-03-2023
10540,4620,1:37:11 PM,118,19-03-2023
10541,4621,1:39:12 PM,117,19-03-2023
10542,4621,1:39:12 PM,117,19-03-2023
10543,4621,1:39:12 PM,113,19-03-2023
10544,4621,1:39:12 PM,123,19-03-2023
10545,4622,2:31:45 PM,111,19-03-2023
10546,4622,2:31:45 PM,132,19-03-2023
10547,4623,2:41:44 PM,101,19-03-2023
10548,4623,2:41:44 PM,101,19-03-2023
10549,4623,2:41:44 PM,107,19-03-2023
10550,4623,2:41:44 PM,115,19-03-2023
10551,4623,2:41:44 PM,126,19-03-2023
10552,4623,2:41:44 PM,109,19-03-2023
10553,4623,2:41:44 PM,112,19-03-2023
10554,4623,2:41:44 PM,118,19-03-2023
10555,4623,2:41:44 PM,120,19-03-2023
10556,4623,2:41:44 PM,121,19-03-2023
10557,4623,2:41:44 PM,105,19-03-2023
10558,4623,2:41:44 PM,106,19-03-2023
10559,4623,2:41:44 PM,NULL,19-03-2023
10560,4624,2:59:35 PM,119,19-03-2023
10561,4625,3:42:30 PM,101,19-03-2023
10562,4625,3:42:30 PM,103,19-03-2023
10563,4625,3:42:30 PM,119,19-03-2023
10564,4625,3:42:30 PM,106,19-03-2023
10565,4626,3:45:01 PM,102,19-03-2023
10566,4627,4:04:23 PM,108,19-03-2023
10567,4627,4:04:23 PM,118,19-03-2023
10568,4628,4:16:31 PM,109,19-03-2023
10569,4628,4:16:31 PM,129,19-03-2023
10570,4628,4:16:31 PM,118,19-03-2023
10571,4629,4:24:30 PM,109,19-03-2023
10572,4629,4:24:30 PM,120,19-03-2023
10573,4630,4:51:19 PM,101,19-03-2023
10574,4630,4:51:19 PM,108,19-03-2023
10575,4630,4:51:19 PM,109,19-03-2023
10576,4630,4:51:19 PM,122,19-03-2023
10577,4631,5:20:17 PM,117,19-03-2023
10578,4631,5:20:17 PM,131,19-03-2023
10579,4632,5:25:31 PM,107,19-03-2023
10580,4632,5:25:31 PM,110,19-03-2023
10581,4633,5:28:29 PM,130,19-03-2023
10582,4634,5:44:39 PM,110,19-03-2023
10583,4634,5:44:39 PM,111,19-03-2023
10584,4634,5:44:39 PM,118,19-03-2023
10585,4635,5:45:58 PM,107,19-03-2023
10586,4635,5:45:58 PM,108,19-03-2023
10587,4636,5:58:30 PM,117,19-03-2023
10588,4636,5:58:30 PM,119,19-03-2023
10589,4637,6:04:27 PM,103,19-03-2023
10590,4637,6:04:27 PM,130,19-03-2023
10591,4638,6:18:28 PM,120,19-03-2023
10592,4638,6:18:28 PM,105,19-03-2023
10593,4639,6:19:16 PM,124,19-03-2023
10594,4639,6:19:16 PM,125,19-03-2023
10595,4639,6:19:16 PM,110,19-03-2023
10596,4640,6:35:46 PM,104,19-03-2023
10597,4641,6:37:11 PM,102,19-03-2023
10598,4641,6:37:11 PM,129,19-03-2023
10599,4642,7:05:06 PM,102,19-03-2023
10600,4642,7:05:06 PM,104,19-03-2023
10601,4642,7:05:06 PM,128,19-03-2023
10602,4642,7:05:06 PM,129,19-03-2023
10603,4643,7:11:53 PM,120,19-03-2023
10604,4643,7:11:53 PM,105,19-03-2023
10605,4644,7:18:36 PM,128,19-03-2023
10606,4644,7:18:36 PM,112,19-03-2023
10607,4644,7:18:36 PM,120,19-03-2023
10608,4644,7:18:36 PM,106,19-03-2023
10609,4645,7:21:02 PM,101,19-03-2023
10610,4645,7:21:02 PM,107,19-03-2023
10611,4645,7:21:02 PM,108,19-03-2023
10612,4645,7:21:02 PM,125,19-03-2023
10613,4646,7:22:44 PM,116,19-03-2023
10614,4646,7:22:44 PM,117,19-03-2023
10615,4646,7:22:44 PM,118,19-03-2023
10616,4647,7:36:47 PM,102,19-03-2023
10617,4647,7:36:47 PM,126,19-03-2023
10618,4648,7:40:10 PM,127,19-03-2023
10619,4648,7:40:10 PM,121,19-03-2023
10620,4649,7:43:03 PM,124,19-03-2023
10621,4650,7:48:15 PM,104,19-03-2023
10622,4650,7:48:15 PM,108,19-03-2023
10623,4651,7:55:20 PM,101,19-03-2023
10624,4651,7:55:20 PM,125,19-03-2023
10625,4651,7:55:20 PM,121,19-03-2023
10626,4651,7:55:20 PM,123,19-03-2023
10627,4652,7:57:11 PM,119,19-03-2023
10628,4652,7:57:11 PM,105,19-03-2023
10629,4653,8:16:45 PM,103,19-03-2023
10630,4653,8:16:45 PM,117,19-03-2023
10631,4654,8:23:12 PM,107,19-03-2023
10632,4655,8:30:29 PM,128,19-03-2023
10633,4655,8:30:29 PM,NULL,19-03-2023
10634,4656,8:43:33 PM,125,19-03-2023
10635,4656,8:43:33 PM,130,19-03-2023
10636,4657,8:48:08 PM,125,19-03-2023
10637,4658,9:34:17 PM,106,19-03-2023
10638,4659,9:53:59 PM,108,19-03-2023
10639,4659,9:53:59 PM,124,19-03-2023
10640,4660,10:14:01 PM,126,19-03-2023
10641,4661,11:33:30 AM,104,20-03-2023
10642,4661,11:33:30 AM,109,20-03-2023
10643,4661,11:33:30 AM,105,20-03-2023
10644,4661,11:33:30 AM,131,20-03-2023
10645,4662,11:47:53 AM,124,20-03-2023
10646,4662,11:47:53 AM,130,20-03-2023
10647,4662,11:47:53 AM,123,20-03-2023
10648,4663,12:12:03 PM,122,20-03-2023
10649,4664,12:24:44 PM,101,20-03-2023
10650,4664,12:24:44 PM,117,20-03-2023
10651,4664,12:24:44 PM,113,20-03-2023
10652,4664,12:24:44 PM,121,20-03-2023
10653,4665,12:39:39 PM,103,20-03-2023
10654,4665,12:39:39 PM,108,20-03-2023
10655,4665,12:39:39 PM,124,20-03-2023
10656,4665,12:39:39 PM,125,20-03-2023
10657,4665,12:39:39 PM,112,20-03-2023
10658,4665,12:39:39 PM,106,20-03-2023
10659,4666,12:40:13 PM,101,20-03-2023
10660,4666,12:40:13 PM,102,20-03-2023
10661,4667,12:52:56 PM,102,20-03-2023
10662,4667,12:52:56 PM,126,20-03-2023
10663,4667,12:52:56 PM,113,20-03-2023
10664,4667,12:52:56 PM,122,20-03-2023
10665,4667,12:52:56 PM,130,20-03-2023
10666,4667,12:52:56 PM,131,20-03-2023
10667,4667,12:52:56 PM,123,20-03-2023
10668,4668,12:53:37 PM,119,20-03-2023
10669,4668,12:53:37 PM,132,20-03-2023
10670,4669,12:55:55 PM,102,20-03-2023
10671,4669,12:55:55 PM,110,20-03-2023
10672,4669,12:55:55 PM,117,20-03-2023
10673,4669,12:55:55 PM,111,20-03-2023
10674,4669,12:55:55 PM,113,20-03-2023
10675,4670,12:56:01 PM,116,20-03-2023
10676,4670,12:56:01 PM,130,20-03-2023
10677,4670,12:56:01 PM,106,20-03-2023
10678,4671,1:02:39 PM,129,20-03-2023
10679,4671,1:02:39 PM,131,20-03-2023
10680,4671,1:02:39 PM,106,20-03-2023
10681,4672,1:09:27 PM,132,20-03-2023
10682,4673,1:18:11 PM,101,20-03-2023
10683,4673,1:18:11 PM,110,20-03-2023
10684,4673,1:18:11 PM,113,20-03-2023
10685,4674,1:27:07 PM,118,20-03-2023
10686,4675,1:27:10 PM,111,20-03-2023
10687,4675,1:27:10 PM,112,20-03-2023
10688,4676,1:28:26 PM,109,20-03-2023
10689,4677,1:43:36 PM,124,20-03-2023
10690,4678,1:52:15 PM,119,20-03-2023
10691,4679,2:03:43 PM,102,20-03-2023
10692,4680,2:09:05 PM,105,20-03-2023
10693,4681,2:19:44 PM,113,20-03-2023
10694,4681,2:19:44 PM,105,20-03-2023
10695,4682,2:58:30 PM,113,20-03-2023
10696,4683,3:03:44 PM,101,20-03-2023
10697,4683,3:03:44 PM,108,20-03-2023
10698,4684,3:40:10 PM,105,20-03-2023
10699,4685,3:40:29 PM,124,20-03-2023
10700,4685,3:40:29 PM,131,20-03-2023
10701,4686,3:58:56 PM,102,20-03-2023
10702,4686,3:58:56 PM,112,20-03-2023
10703,4687,4:51:47 PM,120,20-03-2023
10704,4687,4:51:47 PM,105,20-03-2023
10705,4688,4:52:55 PM,117,20-03-2023
10706,4689,4:54:26 PM,110,20-03-2023
10707,4689,4:54:26 PM,106,20-03-2023
10708,4690,5:03:46 PM,107,20-03-2023
10709,4690,5:03:46 PM,106,20-03-2023
10710,4691,5:06:29 PM,126,20-03-2023
10711,4692,5:35:37 PM,112,20-03-2023
10712,4692,5:35:37 PM,105,20-03-2023
10713,4692,5:35:37 PM,132,20-03-2023
10714,4693,5:37:54 PM,111,20-03-2023
10715,4693,5:37:54 PM,118,20-03-2023
10716,4693,5:37:54 PM,106,20-03-2023
10717,4694,5:38:33 PM,124,20-03-2023
10718,4694,5:38:33 PM,131,20-03-2023
10719,4695,6:04:31 PM,125,20-03-2023
10720,4695,6:04:31 PM,109,20-03-2023
10721,4696,6:10:14 PM,102,20-03-2023
10722,4697,6:24:39 PM,111,20-03-2023
10723,4697,6:24:39 PM,122,20-03-2023
10724,4698,6:29:47 PM,111,20-03-2023
10725,4698,6:29:47 PM,105,20-03-2023
10726,4698,6:29:47 PM,106,20-03-2023
10727,4698,6:29:47 PM,132,20-03-2023
10728,4699,6:44:52 PM,108,20-03-2023
10729,4699,6:44:52 PM,112,20-03-2023
10730,4700,6:49:15 PM,112,20-03-2023
10731,4701,6:49:32 PM,116,20-03-2023
10732,4701,6:49:32 PM,124,20-03-2023
10733,4702,6:54:47 PM,103,20-03-2023
10734,4702,6:54:47 PM,132,20-03-2023
10735,4703,6:54:51 PM,126,20-03-2023
10736,4703,6:54:51 PM,117,20-03-2023
10737,4703,6:54:51 PM,113,20-03-2023
10738,4703,6:54:51 PM,122,20-03-2023
10739,4704,7:01:03 PM,109,20-03-2023
10740,4705,7:07:12 PM,102,20-03-2023
10741,4706,7:16:21 PM,104,20-03-2023
10742,4706,7:16:21 PM,110,20-03-2023
10743,4706,7:16:21 PM,119,20-03-2023
10744,4706,7:16:21 PM,130,20-03-2023
10745,4707,7:27:09 PM,131,20-03-2023
10746,4707,7:27:09 PM,132,20-03-2023
10747,4708,7:31:55 PM,127,20-03-2023
10748,4708,7:31:55 PM,128,20-03-2023
10749,4708,7:31:55 PM,129,20-03-2023
10750,4709,7:34:01 PM,102,20-03-2023
10751,4709,7:34:01 PM,108,20-03-2023
10752,4710,7:50:29 PM,110,20-03-2023
10753,4710,7:50:29 PM,105,20-03-2023
10754,4710,7:50:29 PM,106,20-03-2023
10755,4711,7:52:39 PM,101,20-03-2023
10756,4711,7:52:39 PM,107,20-03-2023
10757,4711,7:52:39 PM,108,20-03-2023
10758,4711,7:52:39 PM,111,20-03-2023
10759,4712,7:56:47 PM,101,20-03-2023
10760,4713,8:08:33 PM,125,20-03-2023
10761,4714,8:08:46 PM,129,20-03-2023
10762,4715,8:16:44 PM,125,20-03-2023
10763,4715,8:16:44 PM,125,20-03-2023
10764,4715,8:16:44 PM,109,20-03-2023
10765,4716,8:33:22 PM,108,20-03-2023
10766,4716,8:33:22 PM,125,20-03-2023
10767,4716,8:33:22 PM,109,20-03-2023
10768,4717,8:56:46 PM,122,20-03-2023
10769,4718,9:11:17 PM,124,20-03-2023
10770,4719,9:21:56 PM,103,20-03-2023
10771,4720,9:28:14 PM,125,20-03-2023
10772,4720,9:28:14 PM,122,20-03-2023
10773,4721,9:37:57 PM,122,20-03-2023
10774,4721,9:37:57 PM,131,20-03-2023
10775,4722,9:49:53 PM,108,20-03-2023
10776,4722,9:49:53 PM,125,20-03-2023
10777,4722,9:49:53 PM,119,20-03-2023
10778,4722,9:49:53 PM,105,20-03-2023
10779,4723,9:52:10 PM,101,20-03-2023
10780,4723,9:52:10 PM,110,20-03-2023
10781,4723,9:52:10 PM,120,20-03-2023
10782,4723,9:52:10 PM,122,20-03-2023
10783,4724,10:09:09 PM,101,20-03-2023
10784,4725,10:20:00 PM,111,20-03-2023
10785,4725,10:20:00 PM,118,20-03-2023
10786,4725,10:20:00 PM,105,20-03-2023
10787,4726,10:28:53 PM,102,20-03-2023
10788,4726,10:28:53 PM,104,20-03-2023
10789,4727,11:31:39 AM,101,21-03-2023
10790,4727,11:31:39 AM,113,21-03-2023
10791,4727,11:31:39 AM,118,21-03-2023
10792,4728,11:48:59 AM,103,21-03-2023
10793,4728,11:48:59 AM,112,21-03-2023
10794,4728,11:48:59 AM,105,21-03-2023
10795,4729,11:56:23 AM,107,21-03-2023
10796,4729,11:56:23 AM,108,21-03-2023
10797,4730,12:40:30 PM,101,21-03-2023
10798,4730,12:40:30 PM,115,21-03-2023
10799,4730,12:40:30 PM,125,21-03-2023
10800,4730,12:40:30 PM,127,21-03-2023
10801,4731,12:50:12 PM,103,21-03-2023
10802,4732,1:02:15 PM,101,21-03-2023
10803,4732,1:02:15 PM,107,21-03-2023
10804,4732,1:02:15 PM,116,21-03-2023
10805,4732,1:02:15 PM,102,21-03-2023
10806,4732,1:02:15 PM,102,21-03-2023
10807,4732,1:02:15 PM,124,21-03-2023
10808,4732,1:02:15 PM,125,21-03-2023
10809,4732,1:02:15 PM,117,21-03-2023
10810,4732,1:02:15 PM,117,21-03-2023
10811,4732,1:02:15 PM,129,21-03-2023
10812,4732,1:02:15 PM,113,21-03-2023
10813,4732,1:02:15 PM,114,21-03-2023
10814,4733,1:08:31 PM,107,21-03-2023
10815,4733,1:08:31 PM,102,21-03-2023
10816,4733,1:08:31 PM,131,21-03-2023
10817,4734,1:10:35 PM,113,21-03-2023
10818,4735,1:20:32 PM,127,21-03-2023
10819,4735,1:20:32 PM,120,21-03-2023
10820,4735,1:20:32 PM,123,21-03-2023
10821,4735,1:20:32 PM,106,21-03-2023
10822,4735,1:20:32 PM,132,21-03-2023
10823,4736,1:35:05 PM,109,21-03-2023
10824,4737,1:37:53 PM,107,21-03-2023
10825,4738,1:50:27 PM,130,21-03-2023
10826,4739,1:56:44 PM,130,21-03-2023
10827,4740,2:06:07 PM,102,21-03-2023
10828,4740,2:06:07 PM,127,21-03-2023
10829,4740,2:06:07 PM,112,21-03-2023
10830,4740,2:06:07 PM,105,21-03-2023
10831,4741,2:06:09 PM,117,21-03-2023
10832,4741,2:06:09 PM,106,21-03-2023
10833,4741,2:06:09 PM,114,21-03-2023
10834,4741,2:06:09 PM,114,21-03-2023
10835,4742,2:06:43 PM,108,21-03-2023
10836,4742,2:06:43 PM,126,21-03-2023
10837,4742,2:06:43 PM,109,21-03-2023
10838,4742,2:06:43 PM,120,21-03-2023
10839,4743,2:17:42 PM,121,21-03-2023
10840,4744,2:19:17 PM,122,21-03-2023
10841,4745,2:21:26 PM,113,21-03-2023
10842,4746,2:31:37 PM,102,21-03-2023
10843,4746,2:31:37 PM,102,21-03-2023
10844,4746,2:31:37 PM,124,21-03-2023
10845,4746,2:31:37 PM,NULL,21-03-2023
10846,4747,2:38:22 PM,102,21-03-2023
10847,4747,2:38:22 PM,106,21-03-2023
10848,4748,2:40:36 PM,131,21-03-2023
10849,4749,2:46:54 PM,109,21-03-2023
10850,4749,2:46:54 PM,109,21-03-2023
10851,4750,3:17:26 PM,108,21-03-2023
10852,4750,3:17:26 PM,111,21-03-2023
10853,4750,3:17:26 PM,122,21-03-2023
10854,4751,3:21:55 PM,121,21-03-2023
10855,4751,3:21:55 PM,132,21-03-2023
10856,4752,4:05:39 PM,120,21-03-2023
10857,4753,4:12:25 PM,122,21-03-2023
10858,4754,4:28:54 PM,107,21-03-2023
10859,4755,4:40:27 PM,124,21-03-2023
10860,4755,4:40:27 PM,118,21-03-2023
10861,4755,4:40:27 PM,119,21-03-2023
10862,4755,4:40:27 PM,120,21-03-2023
10863,4756,4:51:43 PM,124,21-03-2023
10864,4756,4:51:43 PM,132,21-03-2023
10865,4757,4:52:17 PM,104,21-03-2023
10866,4758,5:07:20 PM,127,21-03-2023
10867,4759,5:08:35 PM,109,21-03-2023
10868,4759,5:08:35 PM,117,21-03-2023
10869,4759,5:08:35 PM,NULL,21-03-2023
10870,4760,5:26:32 PM,102,21-03-2023
10871,4760,5:26:32 PM,127,21-03-2023
10872,4760,5:26:32 PM,112,21-03-2023
10873,4761,6:10:58 PM,115,21-03-2023
10874,4761,6:10:58 PM,113,21-03-2023
10875,4761,6:10:58 PM,105,21-03-2023
10876,4761,6:10:58 PM,NULL,21-03-2023
10877,4762,6:39:15 PM,130,21-03-2023
10878,4763,6:44:01 PM,109,21-03-2023
10879,4763,6:44:01 PM,122,21-03-2023
10880,4763,6:44:01 PM,114,21-03-2023
10881,4764,6:52:00 PM,124,21-03-2023
10882,4764,6:52:00 PM,105,21-03-2023
10883,4764,6:52:00 PM,122,21-03-2023
10884,4765,6:53:49 PM,108,21-03-2023
10885,4765,6:53:49 PM,109,21-03-2023
10886,4766,7:04:51 PM,109,21-03-2023
10887,4766,7:04:51 PM,120,21-03-2023
10888,4767,7:20:15 PM,129,21-03-2023
10889,4767,7:20:15 PM,105,21-03-2023
10890,4767,7:20:15 PM,122,21-03-2023
10891,4767,7:20:15 PM,106,21-03-2023
10892,4768,7:32:01 PM,117,21-03-2023
10893,4768,7:32:01 PM,113,21-03-2023
10894,4768,7:32:01 PM,119,21-03-2023
10895,4768,7:32:01 PM,105,21-03-2023
10896,4769,7:41:04 PM,110,21-03-2023
10897,4770,7:41:16 PM,120,21-03-2023
10898,4770,7:41:16 PM,106,21-03-2023
10899,4771,7:49:47 PM,124,21-03-2023
10900,4771,7:49:47 PM,117,21-03-2023
10901,4771,7:49:47 PM,121,21-03-2023
10902,4771,7:49:47 PM,106,21-03-2023
10903,4772,7:53:41 PM,101,21-03-2023
10904,4772,7:53:41 PM,120,21-03-2023
10905,4773,8:04:52 PM,106,21-03-2023
10906,4774,8:14:45 PM,109,21-03-2023
10907,4775,8:15:09 PM,129,21-03-2023
10908,4775,8:15:09 PM,120,21-03-2023
10909,4775,8:15:09 PM,114,21-03-2023
10910,4775,8:15:09 PM,132,21-03-2023
10911,4776,8:15:27 PM,102,21-03-2023
10912,4776,8:15:27 PM,106,21-03-2023
10913,4777,8:35:51 PM,109,21-03-2023
10914,4777,8:35:51 PM,129,21-03-2023
10915,4778,8:38:40 PM,105,21-03-2023
10916,4779,9:35:31 PM,105,21-03-2023
10917,4779,9:35:31 PM,114,21-03-2023
10918,4780,9:47:02 PM,129,21-03-2023
10919,4781,9:58:12 PM,105,21-03-2023
10920,4782,10:15:37 PM,113,21-03-2023
10921,4782,10:15:37 PM,113,21-03-2023
10922,4782,10:15:37 PM,130,21-03-2023
10923,4783,12:01:30 PM,119,22-03-2023
10924,4783,12:01:30 PM,131,22-03-2023
10925,4783,12:01:30 PM,106,22-03-2023
10926,4784,12:23:54 PM,132,22-03-2023
10927,4785,12:31:46 PM,122,22-03-2023
10928,4786,12:54:56 PM,108,22-03-2023
10929,4786,12:54:56 PM,124,22-03-2023
10930,4787,1:01:37 PM,118,22-03-2023
10931,4788,1:26:50 PM,114,22-03-2023
10932,4789,1:56:27 PM,115,22-03-2023
10933,4789,1:56:27 PM,108,22-03-2023
10934,4789,1:56:27 PM,108,22-03-2023
10935,4789,1:56:27 PM,125,22-03-2023
10936,4789,1:56:27 PM,117,22-03-2023
10937,4789,1:56:27 PM,113,22-03-2023
10938,4789,1:56:27 PM,113,22-03-2023
10939,4789,1:56:27 PM,118,22-03-2023
10940,4790,1:57:47 PM,124,22-03-2023
10941,4791,2:25:24 PM,113,22-03-2023
10942,4791,2:25:24 PM,120,22-03-2023
10943,4792,2:42:50 PM,114,22-03-2023
10944,4793,2:56:38 PM,102,22-03-2023
10945,4793,2:56:38 PM,111,22-03-2023
10946,4794,3:54:26 PM,102,22-03-2023
10947,4794,3:54:26 PM,132,22-03-2023
10948,4795,4:01:29 PM,108,22-03-2023
10949,4795,4:01:29 PM,118,22-03-2023
10950,4795,4:01:29 PM,120,22-03-2023
10951,4796,4:09:49 PM,107,22-03-2023
10952,4797,4:16:29 PM,104,22-03-2023
10953,4797,4:16:29 PM,113,22-03-2023
10954,4798,4:21:33 PM,116,22-03-2023
10955,4798,4:21:33 PM,126,22-03-2023
10956,4798,4:21:33 PM,130,22-03-2023
10957,4799,4:32:35 PM,102,22-03-2023
10958,4799,4:32:35 PM,125,22-03-2023
10959,4800,4:49:55 PM,132,22-03-2023
10960,4801,5:08:48 PM,101,22-03-2023
10961,4801,5:08:48 PM,107,22-03-2023
10962,4801,5:08:48 PM,118,22-03-2023
10963,4801,5:08:48 PM,123,22-03-2023
10964,4802,5:37:13 PM,106,22-03-2023
10965,4803,5:50:14 PM,109,22-03-2023
10966,4804,5:52:20 PM,109,22-03-2023
10967,4804,5:52:20 PM,127,22-03-2023
10968,4805,6:10:30 PM,115,22-03-2023
10969,4805,6:10:30 PM,132,22-03-2023
10970,4806,6:14:21 PM,103,22-03-2023
10971,4806,6:14:21 PM,108,22-03-2023
10972,4806,6:14:21 PM,125,22-03-2023
10973,4806,6:14:21 PM,117,22-03-2023
10974,4807,6:26:11 PM,104,22-03-2023
10975,4807,6:26:11 PM,125,22-03-2023
10976,4808,6:57:35 PM,103,22-03-2023
10977,4808,6:57:35 PM,109,22-03-2023
10978,4808,6:57:35 PM,109,22-03-2023
10979,4809,7:18:35 PM,124,22-03-2023
10980,4809,7:18:35 PM,128,22-03-2023
10981,4809,7:18:35 PM,129,22-03-2023
10982,4809,7:18:35 PM,118,22-03-2023
10983,4810,7:23:28 PM,115,22-03-2023
10984,4810,7:23:28 PM,120,22-03-2023
10985,4810,7:23:28 PM,130,22-03-2023
10986,4811,7:34:54 PM,111,22-03-2023
10987,4811,7:34:54 PM,114,22-03-2023
10988,4812,7:35:48 PM,113,22-03-2023
10989,4813,7:52:54 PM,114,22-03-2023
10990,4814,8:30:11 PM,128,22-03-2023
10991,4815,8:52:46 PM,101,22-03-2023
10992,4815,8:52:46 PM,127,22-03-2023
10993,4816,8:55:27 PM,117,22-03-2023
10994,4817,9:08:01 PM,104,22-03-2023
10995,4817,9:08:01 PM,128,22-03-2023
10996,4818,9:31:24 PM,119,22-03-2023
10997,4819,9:58:31 PM,131,22-03-2023
10998,4819,9:58:31 PM,106,22-03-2023
10999,4820,11:18:22 AM,129,23-03-2023
11000,4821,11:23:52 AM,109,23-03-2023
11001,4821,11:23:52 AM,113,23-03-2023
11002,4821,11:23:52 AM,123,23-03-2023
11003,4822,11:31:48 AM,108,23-03-2023
11004,4822,11:31:48 AM,120,23-03-2023
11005,4822,11:31:48 AM,121,23-03-2023
11006,4822,11:31:48 AM,121,23-03-2023
11007,4823,11:38:21 AM,118,23-03-2023
11008,4824,11:40:00 AM,105,23-03-2023
11009,4825,11:48:12 AM,101,23-03-2023
11010,4825,11:48:12 AM,108,23-03-2023
11011,4825,11:48:12 AM,128,23-03-2023
11012,4825,11:48:12 AM,106,23-03-2023
11013,4826,11:56:58 AM,109,23-03-2023
11014,4827,12:04:18 PM,113,23-03-2023
11015,4828,12:10:12 PM,101,23-03-2023
11016,4829,12:14:01 PM,101,23-03-2023
11017,4829,12:14:01 PM,105,23-03-2023
11018,4830,12:40:25 PM,102,23-03-2023
11019,4830,12:40:25 PM,108,23-03-2023
11020,4830,12:40:25 PM,122,23-03-2023
11021,4831,12:46:10 PM,103,23-03-2023
11022,4832,12:47:25 PM,118,23-03-2023
11023,4833,12:49:53 PM,127,23-03-2023
11024,4834,12:51:24 PM,103,23-03-2023
11025,4835,12:55:41 PM,124,23-03-2023
11026,4835,12:55:41 PM,129,23-03-2023
11027,4836,12:57:49 PM,101,23-03-2023
11028,4836,12:57:49 PM,104,23-03-2023
11029,4836,12:57:49 PM,108,23-03-2023
11030,4836,12:57:49 PM,124,23-03-2023
11031,4836,12:57:49 PM,126,23-03-2023
11032,4836,12:57:49 PM,109,23-03-2023
11033,4836,12:57:49 PM,117,23-03-2023
11034,4836,12:57:49 PM,127,23-03-2023
11035,4836,12:57:49 PM,128,23-03-2023
11036,4836,12:57:49 PM,113,23-03-2023
11037,4836,12:57:49 PM,120,23-03-2023
11038,4836,12:57:49 PM,105,23-03-2023
11039,4836,12:57:49 PM,130,23-03-2023
11040,4837,1:04:56 PM,101,23-03-2023
11041,4837,1:04:56 PM,120,23-03-2023
11042,4838,1:14:04 PM,101,23-03-2023
11043,4838,1:14:04 PM,101,23-03-2023
11044,4838,1:14:04 PM,102,23-03-2023
11045,4838,1:14:04 PM,103,23-03-2023
11046,4838,1:14:04 PM,108,23-03-2023
11047,4838,1:14:04 PM,113,23-03-2023
11048,4838,1:14:04 PM,106,23-03-2023
11049,4838,1:14:04 PM,NULL,23-03-2023
11050,4839,1:39:44 PM,118,23-03-2023
11051,4840,1:42:58 PM,103,23-03-2023
11052,4840,1:42:58 PM,109,23-03-2023
11053,4841,1:45:24 PM,125,23-03-2023
11054,4841,1:45:24 PM,111,23-03-2023
11055,4841,1:45:24 PM,112,23-03-2023
11056,4841,1:45:24 PM,119,23-03-2023
11057,4841,1:45:24 PM,131,23-03-2023
11058,4841,1:45:24 PM,123,23-03-2023
11059,4842,1:59:42 PM,118,23-03-2023
11060,4843,2:03:50 PM,109,23-03-2023
11061,4843,2:03:50 PM,120,23-03-2023
11062,4844,2:48:44 PM,117,23-03-2023
11063,4845,3:30:17 PM,113,23-03-2023
11064,4845,3:30:17 PM,105,23-03-2023
11065,4846,3:31:14 PM,124,23-03-2023
11066,4846,3:31:14 PM,128,23-03-2023
11067,4846,3:31:14 PM,112,23-03-2023
11068,4846,3:31:14 PM,120,23-03-2023
11069,4847,4:08:52 PM,108,23-03-2023
11070,4848,4:18:18 PM,124,23-03-2023
11071,4849,4:30:24 PM,125,23-03-2023
11072,4850,4:30:47 PM,101,23-03-2023
11073,4850,4:30:47 PM,104,23-03-2023
11074,4850,4:30:47 PM,108,23-03-2023
11075,4850,4:30:47 PM,120,23-03-2023
11076,4851,4:36:52 PM,126,23-03-2023
11077,4852,4:41:38 PM,116,23-03-2023
11078,4853,4:58:43 PM,104,23-03-2023
11079,4854,5:03:09 PM,125,23-03-2023
11080,4854,5:03:09 PM,129,23-03-2023
11081,4855,5:08:22 PM,NULL,23-03-2023
11082,4856,5:09:52 PM,122,23-03-2023
11083,4857,5:10:42 PM,101,23-03-2023
11084,4857,5:10:42 PM,108,23-03-2023
11085,4857,5:10:42 PM,127,23-03-2023
11086,4857,5:10:42 PM,131,23-03-2023
11087,4858,5:20:36 PM,110,23-03-2023
11088,4858,5:20:36 PM,119,23-03-2023
11089,4859,5:30:36 PM,103,23-03-2023
11090,4859,5:30:36 PM,108,23-03-2023
11091,4859,5:30:36 PM,105,23-03-2023
11092,4860,5:40:49 PM,113,23-03-2023
11093,4860,5:40:49 PM,123,23-03-2023
11094,4861,5:59:40 PM,101,23-03-2023
11095,4861,5:59:40 PM,118,23-03-2023
11096,4862,6:11:50 PM,112,23-03-2023
11097,4863,6:18:12 PM,111,23-03-2023
11098,4863,6:18:12 PM,112,23-03-2023
11099,4864,6:50:25 PM,130,23-03-2023
11100,4864,6:50:25 PM,123,23-03-2023
11101,4865,6:58:05 PM,121,23-03-2023
11102,4865,6:58:05 PM,132,23-03-2023
11103,4866,7:20:18 PM,109,23-03-2023
11104,4866,7:20:18 PM,118,23-03-2023
11105,4867,7:21:09 PM,132,23-03-2023
11106,4868,7:39:40 PM,103,23-03-2023
11107,4868,7:39:40 PM,111,23-03-2023
11108,4869,7:43:40 PM,126,23-03-2023
11109,4869,7:43:40 PM,118,23-03-2023
11110,4869,7:43:40 PM,122,23-03-2023
11111,4870,7:50:49 PM,125,23-03-2023
11112,4871,7:54:00 PM,102,23-03-2023
11113,4871,7:54:00 PM,110,23-03-2023
11114,4871,7:54:00 PM,129,23-03-2023
11115,4872,8:09:11 PM,124,23-03-2023
11116,4872,8:09:11 PM,109,23-03-2023
11117,4873,8:25:39 PM,105,23-03-2023
11118,4874,8:31:44 PM,106,23-03-2023
11119,4875,8:55:17 PM,107,23-03-2023
11120,4875,8:55:17 PM,116,23-03-2023
11121,4875,8:55:17 PM,113,23-03-2023
11122,4876,9:07:34 PM,105,23-03-2023
11123,4877,10:05:32 PM,102,23-03-2023
11124,4877,10:05:32 PM,112,23-03-2023
11125,4878,10:12:04 PM,119,23-03-2023
11126,4879,10:19:06 PM,107,23-03-2023
11127,4879,10:19:06 PM,124,23-03-2023
11128,4880,10:39:18 PM,109,23-03-2023
11129,4880,10:39:18 PM,129,23-03-2023
11130,4881,11:16:40 AM,107,24-03-2023
11131,4881,11:16:40 AM,105,24-03-2023
11132,4881,11:16:40 AM,131,24-03-2023
11133,4881,11:16:40 AM,106,24-03-2023
11134,4882,11:20:32 AM,102,24-03-2023
11135,4883,11:44:46 AM,118,24-03-2023
11136,4884,11:45:15 AM,104,24-03-2023
11137,4885,11:57:15 AM,113,24-03-2023
11138,4886,12:00:25 PM,125,24-03-2023
11139,4886,12:00:25 PM,118,24-03-2023
11140,4887,12:04:00 PM,107,24-03-2023
11141,4887,12:04:00 PM,105,24-03-2023
11142,4887,12:04:00 PM,132,24-03-2023
11143,4888,12:19:14 PM,106,24-03-2023
11144,4889,12:21:23 PM,101,24-03-2023
11145,4890,12:26:16 PM,108,24-03-2023
11146,4891,12:26:41 PM,102,24-03-2023
11147,4891,12:26:41 PM,103,24-03-2023
11148,4891,12:26:41 PM,104,24-03-2023
11149,4891,12:26:41 PM,105,24-03-2023
11150,4892,12:49:05 PM,116,24-03-2023
11151,4892,12:49:05 PM,125,24-03-2023
11152,4892,12:49:05 PM,109,24-03-2023
11153,4893,12:53:26 PM,108,24-03-2023
11154,4893,12:53:26 PM,125,24-03-2023
11155,4893,12:53:26 PM,117,24-03-2023
11156,4893,12:53:26 PM,129,24-03-2023
11157,4893,12:53:26 PM,120,24-03-2023
11158,4893,12:53:26 PM,131,24-03-2023
11159,4893,12:53:26 PM,106,24-03-2023
11160,4893,12:53:26 PM,106,24-03-2023
11161,4894,12:54:29 PM,116,24-03-2023
11162,4894,12:54:29 PM,103,24-03-2023
11163,4895,12:57:03 PM,117,24-03-2023
11164,4896,1:05:31 PM,130,24-03-2023
11165,4897,1:11:23 PM,109,24-03-2023
11166,4898,1:22:58 PM,105,24-03-2023
11167,4899,2:14:11 PM,109,24-03-2023
11168,4899,2:14:11 PM,113,24-03-2023
11169,4900,2:28:06 PM,122,24-03-2023
11170,4900,2:28:06 PM,106,24-03-2023
11171,4901,2:42:01 PM,129,24-03-2023
11172,4901,2:42:01 PM,111,24-03-2023
11173,4901,2:42:01 PM,120,24-03-2023
11174,4902,3:31:33 PM,112,24-03-2023
11175,4902,3:31:33 PM,119,24-03-2023
11176,4902,3:31:33 PM,105,24-03-2023
11177,4903,3:57:20 PM,101,24-03-2023
11178,4903,3:57:20 PM,122,24-03-2023
11179,4904,4:00:10 PM,106,24-03-2023
11180,4905,4:07:27 PM,108,24-03-2023
11181,4905,4:07:27 PM,118,24-03-2023
11182,4906,4:25:58 PM,107,24-03-2023
11183,4906,4:25:58 PM,120,24-03-2023
11184,4906,4:25:58 PM,106,24-03-2023
11185,4907,4:28:16 PM,102,24-03-2023
11186,4907,4:28:16 PM,124,24-03-2023
11187,4907,4:28:16 PM,113,24-03-2023
11188,4908,4:34:25 PM,129,24-03-2023
11189,4908,4:34:25 PM,129,24-03-2023
11190,4909,4:39:37 PM,105,24-03-2023
11191,4910,4:43:09 PM,121,24-03-2023
11192,4911,4:50:08 PM,103,24-03-2023
11193,4911,4:50:08 PM,118,24-03-2023
11194,4911,4:50:08 PM,106,24-03-2023
11195,4911,4:50:08 PM,106,24-03-2023
11196,4912,4:58:45 PM,107,24-03-2023
11197,4912,4:58:45 PM,111,24-03-2023
11198,4912,4:58:45 PM,132,24-03-2023
11199,4913,5:04:55 PM,117,24-03-2023
11200,4914,5:07:49 PM,NULL,24-03-2023
11201,4915,5:08:31 PM,101,24-03-2023
11202,4915,5:08:31 PM,112,24-03-2023
11203,4916,5:10:38 PM,107,24-03-2023
11204,4917,5:28:09 PM,108,24-03-2023
11205,4918,5:33:38 PM,101,24-03-2023
11206,4919,5:39:17 PM,117,24-03-2023
11207,4919,5:39:17 PM,119,24-03-2023
11208,4919,5:39:17 PM,106,24-03-2023
11209,4920,5:39:24 PM,125,24-03-2023
11210,4920,5:39:24 PM,117,24-03-2023
11211,4921,5:59:12 PM,120,24-03-2023
11212,4921,5:59:12 PM,106,24-03-2023
11213,4922,6:10:44 PM,115,24-03-2023
11214,4922,6:10:44 PM,113,24-03-2023
11215,4923,6:48:54 PM,124,24-03-2023
11216,4924,6:53:06 PM,120,24-03-2023
11217,4924,6:53:06 PM,114,24-03-2023
11218,4925,6:57:07 PM,125,24-03-2023
11219,4925,6:57:07 PM,106,24-03-2023
11220,4926,7:00:07 PM,120,24-03-2023
11221,4927,7:38:31 PM,115,24-03-2023
11222,4927,7:38:31 PM,125,24-03-2023
11223,4927,7:38:31 PM,114,24-03-2023
11224,4927,7:38:31 PM,132,24-03-2023
11225,4928,7:44:15 PM,110,24-03-2023
11226,4928,7:44:15 PM,122,24-03-2023
11227,4928,7:44:15 PM,NULL,24-03-2023
11228,4929,7:49:39 PM,117,24-03-2023
11229,4929,7:49:39 PM,113,24-03-2023
11230,4930,7:57:44 PM,124,24-03-2023
11231,4930,7:57:44 PM,123,24-03-2023
11232,4930,7:57:44 PM,114,24-03-2023
11233,4931,8:01:03 PM,101,24-03-2023
11234,4931,8:01:03 PM,107,24-03-2023
11235,4932,8:20:11 PM,117,24-03-2023
11236,4932,8:20:11 PM,129,24-03-2023
11237,4933,8:32:57 PM,101,24-03-2023
11238,4933,8:32:57 PM,129,24-03-2023
11239,4933,8:32:57 PM,122,24-03-2023
11240,4934,8:37:52 PM,125,24-03-2023
11241,4935,8:56:05 PM,102,24-03-2023
11242,4935,8:56:05 PM,125,24-03-2023
11243,4935,8:56:05 PM,127,24-03-2023
11244,4936,9:06:17 PM,120,24-03-2023
11245,4937,10:03:54 PM,108,24-03-2023
11246,4937,10:03:54 PM,110,24-03-2023
11247,4938,10:14:02 PM,107,24-03-2023
11248,4938,10:14:02 PM,108,24-03-2023
11249,4938,10:14:02 PM,110,24-03-2023
11250,4938,10:14:02 PM,120,24-03-2023
11251,4939,10:20:17 PM,109,24-03-2023
11252,4939,10:20:17 PM,118,24-03-2023
11253,4939,10:20:17 PM,119,24-03-2023
11254,4939,10:20:17 PM,120,24-03-2023
11255,4940,10:20:25 PM,110,24-03-2023
11256,4940,10:20:25 PM,131,24-03-2023
11257,4940,10:20:25 PM,132,24-03-2023
11258,4941,11:32:56 AM,111,25-03-2023
11259,4942,11:37:54 AM,101,25-03-2023
11260,4942,11:37:54 AM,107,25-03-2023
11261,4942,11:37:54 AM,112,25-03-2023
11262,4942,11:37:54 AM,106,25-03-2023
11263,4943,11:53:09 AM,127,25-03-2023
11264,4944,11:53:50 AM,103,25-03-2023
11265,4945,12:00:40 PM,110,25-03-2023
11266,4946,12:06:23 PM,121,25-03-2023
11267,4946,12:06:23 PM,130,25-03-2023
11268,4947,12:09:12 PM,116,25-03-2023
11269,4947,12:09:12 PM,109,25-03-2023
11270,4948,12:11:42 PM,106,25-03-2023
11271,4949,12:20:42 PM,125,25-03-2023
11272,4950,12:22:09 PM,115,25-03-2023
11273,4950,12:22:09 PM,108,25-03-2023
11274,4950,12:22:09 PM,125,25-03-2023
11275,4951,12:41:13 PM,102,25-03-2023
11276,4951,12:41:13 PM,108,25-03-2023
11277,4951,12:41:13 PM,125,25-03-2023
11278,4951,12:41:13 PM,121,25-03-2023
11279,4952,12:43:12 PM,102,25-03-2023
11280,4953,1:00:56 PM,122,25-03-2023
11281,4954,1:02:58 PM,128,25-03-2023
11282,4954,1:02:58 PM,119,25-03-2023
11283,4955,1:10:57 PM,108,25-03-2023
11284,4955,1:10:57 PM,112,25-03-2023
11285,4955,1:10:57 PM,121,25-03-2023
11286,4955,1:10:57 PM,130,25-03-2023
11287,4955,1:10:57 PM,123,25-03-2023
11288,4955,1:10:57 PM,106,25-03-2023
11289,4956,1:26:18 PM,108,25-03-2023
11290,4956,1:26:18 PM,122,25-03-2023
11291,4957,1:34:24 PM,118,25-03-2023
11292,4958,1:36:37 PM,108,25-03-2023
11293,4959,1:49:25 PM,105,25-03-2023
11294,4960,1:58:48 PM,113,25-03-2023
11295,4961,2:01:43 PM,120,25-03-2023
11296,4962,2:34:44 PM,112,25-03-2023
11297,4962,2:34:44 PM,NULL,25-03-2023
11298,4963,2:57:26 PM,118,25-03-2023
11299,4964,3:42:29 PM,102,25-03-2023
11300,4964,3:42:29 PM,119,25-03-2023
11301,4965,4:12:29 PM,104,25-03-2023
11302,4965,4:12:29 PM,131,25-03-2023
11303,4966,4:43:47 PM,108,25-03-2023
11304,4967,5:02:42 PM,107,25-03-2023
11305,4967,5:02:42 PM,125,25-03-2023
11306,4967,5:02:42 PM,120,25-03-2023
11307,4968,5:07:45 PM,107,25-03-2023
11308,4968,5:07:45 PM,121,25-03-2023
11309,4968,5:07:45 PM,105,25-03-2023
11310,4968,5:07:45 PM,132,25-03-2023
11311,4969,5:13:34 PM,104,25-03-2023
11312,4969,5:13:34 PM,104,25-03-2023
11313,4969,5:13:34 PM,129,25-03-2023
11314,4970,5:32:07 PM,125,25-03-2023
11315,4970,5:32:07 PM,110,25-03-2023
11316,4970,5:32:07 PM,120,25-03-2023
11317,4970,5:32:07 PM,122,25-03-2023
11318,4971,5:37:50 PM,104,25-03-2023
11319,4971,5:37:50 PM,122,25-03-2023
11320,4971,5:37:50 PM,132,25-03-2023
11321,4971,5:37:50 PM,132,25-03-2023
11322,4972,5:43:05 PM,124,25-03-2023
11323,4972,5:43:05 PM,117,25-03-2023
11324,4972,5:43:05 PM,117,25-03-2023
11325,4973,5:49:01 PM,102,25-03-2023
11326,4973,5:49:01 PM,120,25-03-2023
11327,4974,5:59:15 PM,102,25-03-2023
11328,4974,5:59:15 PM,109,25-03-2023
11329,4974,5:59:15 PM,128,25-03-2023
11330,4975,6:05:54 PM,124,25-03-2023
11331,4976,6:11:17 PM,109,25-03-2023
11332,4977,6:20:35 PM,101,25-03-2023
11333,4977,6:20:35 PM,102,25-03-2023
11334,4977,6:20:35 PM,113,25-03-2023
11335,4978,6:35:12 PM,101,25-03-2023
11336,4978,6:35:12 PM,129,25-03-2023
11337,4978,6:35:12 PM,122,25-03-2023
11338,4979,6:57:01 PM,101,25-03-2023
11339,4979,6:57:01 PM,125,25-03-2023
11340,4979,6:57:01 PM,119,25-03-2023
11341,4979,6:57:01 PM,121,25-03-2023
11342,4980,7:02:39 PM,127,25-03-2023
11343,4980,7:02:39 PM,120,25-03-2023
11344,4981,7:12:01 PM,130,25-03-2023
11345,4981,7:12:01 PM,131,25-03-2023
11346,4981,7:12:01 PM,106,25-03-2023
11347,4982,7:21:56 PM,106,25-03-2023
11348,4983,7:39:31 PM,120,25-03-2023
11349,4983,7:39:31 PM,121,25-03-2023
11350,4983,7:39:31 PM,123,25-03-2023
11351,4984,7:52:33 PM,124,25-03-2023
11352,4984,7:52:33 PM,120,25-03-2023
11353,4985,8:00:01 PM,129,25-03-2023
11354,4986,8:06:38 PM,117,25-03-2023
11355,4987,8:34:13 PM,103,25-03-2023
11356,4987,8:34:13 PM,109,25-03-2023
11357,4987,8:34:13 PM,128,25-03-2023
11358,4988,8:44:56 PM,102,25-03-2023
11359,4988,8:44:56 PM,128,25-03-2023
11360,4988,8:44:56 PM,112,25-03-2023
11361,4989,8:54:18 PM,102,25-03-2023
11362,4990,9:02:20 PM,105,25-03-2023
11363,4991,9:09:19 PM,101,25-03-2023
11364,4991,9:09:19 PM,111,25-03-2023
11365,4992,9:11:28 PM,113,25-03-2023
11366,4992,9:11:28 PM,118,25-03-2023
11367,4993,9:13:53 PM,121,25-03-2023
11368,4994,9:26:47 PM,109,25-03-2023
11369,4994,9:26:47 PM,113,25-03-2023
11370,4995,9:26:57 PM,117,25-03-2023
11371,4995,9:26:57 PM,113,25-03-2023
11372,4996,10:16:46 PM,127,25-03-2023
11373,4997,11:22:59 AM,109,26-03-2023
11374,4998,11:34:32 AM,125,26-03-2023
11375,4999,11:37:06 AM,108,26-03-2023
11376,4999,11:37:06 AM,109,26-03-2023
11377,5000,11:37:43 AM,116,26-03-2023
11378,5000,11:37:43 AM,109,26-03-2023
11379,5001,11:44:02 AM,104,26-03-2023
11380,5002,11:46:28 AM,101,26-03-2023
11381,5002,11:46:28 AM,113,26-03-2023
11382,5003,11:50:45 AM,104,26-03-2023
11383,5003,11:50:45 AM,108,26-03-2023
11384,5003,11:50:45 AM,118,26-03-2023
11385,5003,11:50:45 AM,120,26-03-2023
11386,5004,12:00:55 PM,112,26-03-2023
11387,5005,12:18:13 PM,119,26-03-2023
11388,5006,12:24:39 PM,128,26-03-2023
11389,5006,12:24:39 PM,132,26-03-2023
11390,5007,12:38:04 PM,113,26-03-2023
11391,5008,12:39:34 PM,115,26-03-2023
11392,5008,12:39:34 PM,113,26-03-2023
11393,5009,12:45:57 PM,103,26-03-2023
11394,5009,12:45:57 PM,105,26-03-2023
11395,5010,12:48:02 PM,106,26-03-2023
11396,5011,12:55:44 PM,101,26-03-2023
11397,5011,12:55:44 PM,113,26-03-2023
11398,5011,12:55:44 PM,121,26-03-2023
11399,5011,12:55:44 PM,105,26-03-2023
11400,5011,12:55:44 PM,122,26-03-2023
11401,5012,1:12:34 PM,130,26-03-2023
11402,5013,1:14:23 PM,102,26-03-2023
11403,5013,1:14:23 PM,117,26-03-2023
11404,5013,1:14:23 PM,129,26-03-2023
11405,5013,1:14:23 PM,120,26-03-2023
11406,5014,1:34:44 PM,130,26-03-2023
11407,5015,1:35:54 PM,110,26-03-2023
11408,5015,1:35:54 PM,121,26-03-2023
11409,5016,1:53:46 PM,129,26-03-2023
11410,5017,1:58:44 PM,107,26-03-2023
11411,5017,1:58:44 PM,116,26-03-2023
11412,5017,1:58:44 PM,102,26-03-2023
11413,5017,1:58:44 PM,108,26-03-2023
11414,5017,1:58:44 PM,108,26-03-2023
11415,5017,1:58:44 PM,110,26-03-2023
11416,5017,1:58:44 PM,117,26-03-2023
11417,5017,1:58:44 PM,129,26-03-2023
11418,5017,1:58:44 PM,120,26-03-2023
11419,5017,1:58:44 PM,106,26-03-2023
11420,5017,1:58:44 PM,106,26-03-2023
11421,5017,1:58:44 PM,114,26-03-2023
11422,5018,2:06:09 PM,122,26-03-2023
11423,5019,2:12:31 PM,101,26-03-2023
11424,5019,2:12:31 PM,104,26-03-2023
11425,5019,2:12:31 PM,109,26-03-2023
11426,5019,2:12:31 PM,121,26-03-2023
11427,5020,2:15:57 PM,102,26-03-2023
11428,5021,2:23:00 PM,101,26-03-2023
11429,5021,2:23:00 PM,127,26-03-2023
11430,5022,2:23:37 PM,102,26-03-2023
11431,5022,2:23:37 PM,122,26-03-2023
11432,5022,2:23:37 PM,131,26-03-2023
11433,5023,2:37:13 PM,116,26-03-2023
11434,5023,2:37:13 PM,102,26-03-2023
11435,5024,2:40:47 PM,125,26-03-2023
11436,5024,2:40:47 PM,105,26-03-2023
11437,5025,2:54:00 PM,117,26-03-2023
11438,5026,3:16:07 PM,103,26-03-2023
11439,5026,3:16:07 PM,118,26-03-2023
11440,5027,3:37:15 PM,127,26-03-2023
11441,5028,3:46:49 PM,115,26-03-2023
11442,5028,3:46:49 PM,120,26-03-2023
11443,5029,3:55:20 PM,111,26-03-2023
11444,5030,4:09:58 PM,104,26-03-2023
11445,5030,4:09:58 PM,125,26-03-2023
11446,5030,4:09:58 PM,105,26-03-2023
11447,5030,4:09:58 PM,106,26-03-2023
11448,5031,4:17:47 PM,127,26-03-2023
11449,5031,4:17:47 PM,NULL,26-03-2023
11450,5032,4:20:57 PM,109,26-03-2023
11451,5032,4:20:57 PM,105,26-03-2023
11452,5033,4:30:33 PM,116,26-03-2023
11453,5033,4:30:33 PM,119,26-03-2023
11454,5034,4:51:53 PM,108,26-03-2023
11455,5034,4:51:53 PM,109,26-03-2023
11456,5034,4:51:53 PM,128,26-03-2023
11457,5034,4:51:53 PM,121,26-03-2023
11458,5035,5:00:18 PM,122,26-03-2023
11459,5036,5:10:08 PM,102,26-03-2023
11460,5036,5:10:08 PM,124,26-03-2023
11461,5036,5:10:08 PM,109,26-03-2023
11462,5036,5:10:08 PM,113,26-03-2023
11463,5037,5:10:13 PM,122,26-03-2023
11464,5038,5:12:05 PM,110,26-03-2023
11465,5038,5:12:05 PM,111,26-03-2023
11466,5039,5:30:05 PM,109,26-03-2023
11467,5039,5:30:05 PM,121,26-03-2023
11468,5039,5:30:05 PM,122,26-03-2023
11469,5040,5:40:27 PM,107,26-03-2023
11470,5041,5:43:00 PM,113,26-03-2023
11471,5042,5:50:15 PM,101,26-03-2023
11472,5043,5:55:08 PM,127,26-03-2023
11473,5044,5:58:03 PM,104,26-03-2023
11474,5044,5:58:03 PM,112,26-03-2023
11475,5045,6:12:55 PM,108,26-03-2023
11476,5046,6:17:36 PM,102,26-03-2023
11477,5047,6:23:08 PM,101,26-03-2023
11478,5047,6:23:08 PM,103,26-03-2023
11479,5048,6:34:53 PM,108,26-03-2023
11480,5048,6:34:53 PM,113,26-03-2023
11481,5048,6:34:53 PM,105,26-03-2023
11482,5048,6:34:53 PM,106,26-03-2023
11483,5049,6:40:21 PM,109,26-03-2023
11484,5050,6:45:15 PM,126,26-03-2023
11485,5050,6:45:15 PM,110,26-03-2023
11486,5050,6:45:15 PM,123,26-03-2023
11487,5051,6:49:21 PM,102,26-03-2023
11488,5051,6:49:21 PM,119,26-03-2023
11489,5052,6:53:41 PM,107,26-03-2023
11490,5053,6:56:26 PM,107,26-03-2023
11491,5054,7:35:46 PM,117,26-03-2023
11492,5055,7:51:36 PM,107,26-03-2023
11493,5055,7:51:36 PM,106,26-03-2023
11494,5056,8:01:53 PM,101,26-03-2023
11495,5056,8:01:53 PM,119,26-03-2023
11496,5056,8:01:53 PM,121,26-03-2023
11497,5056,8:01:53 PM,105,26-03-2023
11498,5057,8:08:07 PM,109,26-03-2023
11499,5057,8:08:07 PM,128,26-03-2023
11500,5057,8:08:07 PM,131,26-03-2023
11501,5057,8:08:07 PM,106,26-03-2023
11502,5058,8:21:14 PM,107,26-03-2023
11503,5058,8:21:14 PM,126,26-03-2023
11504,5058,8:21:14 PM,131,26-03-2023
11505,5059,8:25:19 PM,109,26-03-2023
11506,5059,8:25:19 PM,110,26-03-2023
11507,5060,8:44:56 PM,129,26-03-2023
11508,5061,9:23:45 PM,105,26-03-2023
11509,5062,11:49:29 AM,109,27-03-2023
11510,5063,11:50:10 AM,122,27-03-2023
11511,5063,11:50:10 AM,106,27-03-2023
11512,5063,11:50:10 AM,114,27-03-2023
11513,5064,11:58:27 AM,103,27-03-2023
11514,5065,12:07:05 PM,114,27-03-2023
11515,5066,12:20:59 PM,116,27-03-2023
11516,5066,12:20:59 PM,102,27-03-2023
11517,5066,12:20:59 PM,110,27-03-2023
11518,5066,12:20:59 PM,117,27-03-2023
11519,5066,12:20:59 PM,117,27-03-2023
11520,5066,12:20:59 PM,129,27-03-2023
11521,5066,12:20:59 PM,111,27-03-2023
11522,5066,12:20:59 PM,113,27-03-2023
11523,5066,12:20:59 PM,120,27-03-2023
11524,5066,12:20:59 PM,120,27-03-2023
11525,5066,12:20:59 PM,105,27-03-2023
11526,5066,12:20:59 PM,131,27-03-2023
11527,5066,12:20:59 PM,132,27-03-2023
11528,5067,12:26:17 PM,109,27-03-2023
11529,5068,12:29:40 PM,126,27-03-2023
11530,5068,12:29:40 PM,123,27-03-2023
11531,5069,12:29:41 PM,108,27-03-2023
11532,5070,12:35:03 PM,122,27-03-2023
11533,5071,12:47:48 PM,108,27-03-2023
11534,5071,12:47:48 PM,120,27-03-2023
11535,5071,12:47:48 PM,122,27-03-2023
11536,5072,12:53:56 PM,120,27-03-2023
11537,5073,12:56:32 PM,124,27-03-2023
11538,5074,1:05:06 PM,119,27-03-2023
11539,5075,1:08:15 PM,108,27-03-2023
11540,5075,1:08:15 PM,117,27-03-2023
11541,5076,1:12:12 PM,125,27-03-2023
11542,5076,1:12:12 PM,110,27-03-2023
11543,5076,1:12:12 PM,131,27-03-2023
11544,5077,1:21:18 PM,102,27-03-2023
11545,5077,1:21:18 PM,111,27-03-2023
11546,5077,1:21:18 PM,120,27-03-2023
11547,5077,1:21:18 PM,120,27-03-2023
11548,5078,1:31:17 PM,130,27-03-2023
11549,5079,1:41:43 PM,124,27-03-2023
11550,5079,1:41:43 PM,127,27-03-2023
11551,5079,1:41:43 PM,121,27-03-2023
11552,5079,1:41:43 PM,105,27-03-2023
11553,5080,1:43:35 PM,102,27-03-2023
11554,5080,1:43:35 PM,126,27-03-2023
11555,5080,1:43:35 PM,113,27-03-2023
11556,5080,1:43:35 PM,118,27-03-2023
11557,5080,1:43:35 PM,105,27-03-2023
11558,5080,1:43:35 PM,122,27-03-2023
11559,5080,1:43:35 PM,132,27-03-2023
11560,5081,1:59:35 PM,110,27-03-2023
11561,5082,2:22:32 PM,130,27-03-2023
11562,5083,2:33:01 PM,121,27-03-2023
11563,5084,2:33:30 PM,119,27-03-2023
11564,5085,2:57:13 PM,109,27-03-2023
11565,5085,2:57:13 PM,132,27-03-2023
11566,5086,3:30:43 PM,126,27-03-2023
11567,5087,4:10:25 PM,124,27-03-2023
11568,5087,4:10:25 PM,117,27-03-2023
11569,5087,4:10:25 PM,122,27-03-2023
11570,5088,4:12:26 PM,103,27-03-2023
11571,5088,4:12:26 PM,122,27-03-2023
11572,5089,4:12:46 PM,103,27-03-2023
11573,5089,4:12:46 PM,108,27-03-2023
11574,5089,4:12:46 PM,114,27-03-2023
11575,5090,4:16:50 PM,126,27-03-2023
11576,5090,4:16:50 PM,113,27-03-2023
11577,5091,4:25:42 PM,101,27-03-2023
11578,5091,4:25:42 PM,125,27-03-2023
11579,5091,4:25:42 PM,127,27-03-2023
11580,5091,4:25:42 PM,112,27-03-2023
11581,5092,4:48:30 PM,105,27-03-2023
11582,5092,4:48:30 PM,122,27-03-2023
11583,5093,4:58:24 PM,108,27-03-2023
11584,5094,5:00:09 PM,102,27-03-2023
11585,5094,5:00:09 PM,124,27-03-2023
11586,5095,5:04:40 PM,109,27-03-2023
11587,5095,5:04:40 PM,129,27-03-2023
11588,5095,5:04:40 PM,120,27-03-2023
11589,5095,5:04:40 PM,105,27-03-2023
11590,5096,5:28:05 PM,108,27-03-2023
11591,5096,5:28:05 PM,108,27-03-2023
11592,5096,5:28:05 PM,131,27-03-2023
11593,5097,5:31:39 PM,123,27-03-2023
11594,5098,5:41:05 PM,101,27-03-2023
11595,5099,5:45:15 PM,101,27-03-2023
11596,5099,5:45:15 PM,105,27-03-2023
11597,5099,5:45:15 PM,NULL,27-03-2023
11598,5100,5:49:28 PM,109,27-03-2023
11599,5100,5:49:28 PM,128,27-03-2023
11600,5100,5:49:28 PM,122,27-03-2023
11601,5100,5:49:28 PM,106,27-03-2023
11602,5101,5:51:15 PM,105,27-03-2023
11603,5102,5:52:41 PM,109,27-03-2023
11604,5102,5:52:41 PM,NULL,27-03-2023
11605,5103,5:52:55 PM,117,27-03-2023
11606,5104,5:56:27 PM,124,27-03-2023
11607,5104,5:56:27 PM,125,27-03-2023
11608,5104,5:56:27 PM,118,27-03-2023
11609,5104,5:56:27 PM,130,27-03-2023
11610,5105,5:56:55 PM,129,27-03-2023
11611,5105,5:56:55 PM,113,27-03-2023
11612,5105,5:56:55 PM,131,27-03-2023
11613,5106,6:04:24 PM,131,27-03-2023
11614,5107,6:15:26 PM,112,27-03-2023
11615,5107,6:15:26 PM,113,27-03-2023
11616,5107,6:15:26 PM,120,27-03-2023
11617,5107,6:15:26 PM,130,27-03-2023
11618,5108,6:16:47 PM,124,27-03-2023
11619,5108,6:16:47 PM,110,27-03-2023
11620,5108,6:16:47 PM,132,27-03-2023
11621,5109,6:19:24 PM,126,27-03-2023
11622,5109,6:19:24 PM,117,27-03-2023
11623,5109,6:19:24 PM,131,27-03-2023
11624,5109,6:19:24 PM,132,27-03-2023
11625,5110,6:26:20 PM,124,27-03-2023
11626,5110,6:26:20 PM,113,27-03-2023
11627,5110,6:26:20 PM,132,27-03-2023
11628,5111,6:46:46 PM,108,27-03-2023
11629,5111,6:46:46 PM,105,27-03-2023
11630,5111,6:46:46 PM,122,27-03-2023
11631,5112,6:54:36 PM,110,27-03-2023
11632,5113,7:14:27 PM,105,27-03-2023
11633,5114,7:15:56 PM,107,27-03-2023
11634,5114,7:15:56 PM,127,27-03-2023
11635,5115,7:18:58 PM,113,27-03-2023
11636,5116,7:30:46 PM,119,27-03-2023
11637,5116,7:30:46 PM,114,27-03-2023
11638,5116,7:30:46 PM,132,27-03-2023
11639,5117,7:33:52 PM,108,27-03-2023
11640,5118,7:40:48 PM,104,27-03-2023
11641,5118,7:40:48 PM,128,27-03-2023
11642,5118,7:40:48 PM,112,27-03-2023
11643,5118,7:40:48 PM,118,27-03-2023
11644,5119,7:50:43 PM,102,27-03-2023
11645,5119,7:50:43 PM,130,27-03-2023
11646,5120,7:59:09 PM,116,27-03-2023
11647,5120,7:59:09 PM,110,27-03-2023
11648,5120,7:59:09 PM,119,27-03-2023
11649,5120,7:59:09 PM,120,27-03-2023
11650,5121,8:03:34 PM,101,27-03-2023
11651,5121,8:03:34 PM,109,27-03-2023
11652,5121,8:03:34 PM,110,27-03-2023
11653,5122,8:26:45 PM,113,27-03-2023
11654,5122,8:26:45 PM,130,27-03-2023
11655,5123,8:28:06 PM,101,27-03-2023
11656,5123,8:28:06 PM,110,27-03-2023
11657,5123,8:28:06 PM,129,27-03-2023
11658,5124,8:53:44 PM,104,27-03-2023
11659,5124,8:53:44 PM,126,27-03-2023
11660,5124,8:53:44 PM,122,27-03-2023
11661,5124,8:53:44 PM,123,27-03-2023
11662,5125,9:08:30 PM,111,27-03-2023
11663,5126,9:21:49 PM,104,27-03-2023
11664,5126,9:21:49 PM,131,27-03-2023
11665,5127,9:43:10 PM,101,27-03-2023
11666,5127,9:43:10 PM,104,27-03-2023
11667,5128,9:58:19 PM,122,27-03-2023
11668,5129,10:16:53 PM,128,27-03-2023
11669,5129,10:16:53 PM,112,27-03-2023
11670,5129,10:16:53 PM,NULL,27-03-2023
11671,5130,10:19:13 PM,107,27-03-2023
11672,5130,10:19:13 PM,122,27-03-2023
11673,5131,10:37:50 PM,107,27-03-2023
11674,5132,10:52:56 PM,125,27-03-2023
11675,5132,10:52:56 PM,123,27-03-2023
11676,5133,11:41:16 AM,131,28-03-2023
11677,5134,12:15:35 PM,109,28-03-2023
11678,5135,12:17:36 PM,106,28-03-2023
11679,5136,12:37:40 PM,101,28-03-2023
11680,5136,12:37:40 PM,102,28-03-2023
11681,5136,12:37:40 PM,104,28-03-2023
11682,5136,12:37:40 PM,124,28-03-2023
11683,5136,12:37:40 PM,125,28-03-2023
11684,5136,12:37:40 PM,129,28-03-2023
11685,5136,12:37:40 PM,118,28-03-2023
11686,5137,12:40:38 PM,102,28-03-2023
11687,5137,12:40:38 PM,124,28-03-2023
11688,5137,12:40:38 PM,119,28-03-2023
11689,5137,12:40:38 PM,120,28-03-2023
11690,5137,12:40:38 PM,106,28-03-2023
11691,5137,12:40:38 PM,114,28-03-2023
11692,5138,12:40:47 PM,108,28-03-2023
11693,5138,12:40:47 PM,126,28-03-2023
11694,5138,12:40:47 PM,111,28-03-2023
11695,5138,12:40:47 PM,131,28-03-2023
11696,5139,12:42:22 PM,129,28-03-2023
11697,5140,12:45:45 PM,125,28-03-2023
11698,5140,12:45:45 PM,132,28-03-2023
11699,5141,12:57:51 PM,101,28-03-2023
11700,5141,12:57:51 PM,109,28-03-2023
11701,5141,12:57:51 PM,109,28-03-2023
11702,5142,1:35:21 PM,101,28-03-2023
11703,5142,1:35:21 PM,113,28-03-2023
11704,5142,1:35:21 PM,122,28-03-2023
11705,5142,1:35:21 PM,130,28-03-2023
11706,5143,1:47:27 PM,131,28-03-2023
11707,5144,1:58:24 PM,111,28-03-2023
11708,5145,2:15:53 PM,132,28-03-2023
11709,5146,2:19:34 PM,117,28-03-2023
11710,5146,2:19:34 PM,106,28-03-2023
11711,5146,2:19:34 PM,114,28-03-2023
11712,5147,2:44:43 PM,105,28-03-2023
11713,5148,2:48:02 PM,104,28-03-2023
11714,5149,2:48:50 PM,113,28-03-2023
11715,5149,2:48:50 PM,122,28-03-2023
11716,5149,2:48:50 PM,130,28-03-2023
11717,5149,2:48:50 PM,NULL,28-03-2023
11718,5150,3:08:03 PM,108,28-03-2023
11719,5150,3:08:03 PM,113,28-03-2023
11720,5151,3:08:24 PM,101,28-03-2023
11721,5151,3:08:24 PM,113,28-03-2023
11722,5151,3:08:24 PM,131,28-03-2023
11723,5152,3:14:42 PM,126,28-03-2023
11724,5152,3:14:42 PM,128,28-03-2023
11725,5152,3:14:42 PM,122,28-03-2023
11726,5153,3:23:30 PM,124,28-03-2023
11727,5154,3:50:03 PM,117,28-03-2023
11728,5154,3:50:03 PM,113,28-03-2023
11729,5154,3:50:03 PM,130,28-03-2023
11730,5155,4:03:23 PM,129,28-03-2023
11731,5155,4:03:23 PM,130,28-03-2023
11732,5156,4:07:33 PM,101,28-03-2023
11733,5156,4:07:33 PM,107,28-03-2023
11734,5156,4:07:33 PM,122,28-03-2023
11735,5156,4:07:33 PM,106,28-03-2023
11736,5157,4:09:26 PM,107,28-03-2023
11737,5157,4:09:26 PM,113,28-03-2023
11738,5158,4:16:37 PM,101,28-03-2023
11739,5158,4:16:37 PM,117,28-03-2023
11740,5158,4:16:37 PM,112,28-03-2023
11741,5159,4:38:35 PM,122,28-03-2023
11742,5160,4:53:33 PM,102,28-03-2023
11743,5160,4:53:33 PM,108,28-03-2023
11744,5160,4:53:33 PM,129,28-03-2023
11745,5160,4:53:33 PM,120,28-03-2023
11746,5161,4:56:08 PM,117,28-03-2023
11747,5161,4:56:08 PM,121,28-03-2023
11748,5161,4:56:08 PM,122,28-03-2023
11749,5161,4:56:08 PM,130,28-03-2023
11750,5162,4:59:31 PM,112,28-03-2023
11751,5163,5:08:46 PM,114,28-03-2023
11752,5164,5:14:30 PM,120,28-03-2023
11753,5165,5:26:43 PM,128,28-03-2023
11754,5165,5:26:43 PM,119,28-03-2023
11755,5165,5:26:43 PM,114,28-03-2023
11756,5166,5:47:46 PM,119,28-03-2023
11757,5166,5:47:46 PM,122,28-03-2023
11758,5166,5:47:46 PM,106,28-03-2023
11759,5167,5:55:48 PM,101,28-03-2023
11760,5167,5:55:48 PM,106,28-03-2023
11761,5168,5:58:23 PM,120,28-03-2023
11762,5168,5:58:23 PM,131,28-03-2023
11763,5169,6:04:45 PM,132,28-03-2023
11764,5170,6:12:16 PM,118,28-03-2023
11765,5170,6:12:16 PM,122,28-03-2023
11766,5171,6:43:40 PM,102,28-03-2023
11767,5172,6:49:27 PM,122,28-03-2023
11768,5172,6:49:27 PM,122,28-03-2023
11769,5173,6:55:29 PM,121,28-03-2023
11770,5173,6:55:29 PM,122,28-03-2023
11771,5174,6:55:54 PM,109,28-03-2023
11772,5174,6:55:54 PM,129,28-03-2023
11773,5175,7:25:20 PM,112,28-03-2023
11774,5175,7:25:20 PM,121,28-03-2023
11775,5175,7:25:20 PM,105,28-03-2023
11776,5176,7:28:49 PM,102,28-03-2023
11777,5177,7:35:27 PM,118,28-03-2023
11778,5178,7:37:09 PM,117,28-03-2023
11779,5178,7:37:09 PM,122,28-03-2023
11780,5178,7:37:09 PM,132,28-03-2023
11781,5179,7:45:19 PM,129,28-03-2023
11782,5180,7:48:11 PM,125,28-03-2023
11783,5180,7:48:11 PM,129,28-03-2023
11784,5180,7:48:11 PM,123,28-03-2023
11785,5181,7:54:39 PM,111,28-03-2023
11786,5181,7:54:39 PM,106,28-03-2023
11787,5182,8:05:31 PM,107,28-03-2023
11788,5182,8:05:31 PM,109,28-03-2023
11789,5182,8:05:31 PM,127,28-03-2023
11790,5182,8:05:31 PM,106,28-03-2023
11791,5183,8:13:50 PM,109,28-03-2023
11792,5184,8:20:01 PM,108,28-03-2023
11793,5184,8:20:01 PM,105,28-03-2023
11794,5185,8:24:32 PM,109,28-03-2023
11795,5185,8:24:32 PM,122,28-03-2023
11796,5186,8:28:50 PM,113,28-03-2023
11797,5186,8:28:50 PM,131,28-03-2023
11798,5187,8:39:16 PM,102,28-03-2023
11799,5187,8:39:16 PM,108,28-03-2023
11800,5187,8:39:16 PM,130,28-03-2023
11801,5188,8:43:58 PM,107,28-03-2023
11802,5188,8:43:58 PM,124,28-03-2023
11803,5188,8:43:58 PM,109,28-03-2023
11804,5188,8:43:58 PM,132,28-03-2023
11805,5189,8:48:40 PM,103,28-03-2023
11806,5189,8:48:40 PM,129,28-03-2023
11807,5189,8:48:40 PM,106,28-03-2023
11808,5190,10:27:17 PM,107,28-03-2023
11809,5190,10:27:17 PM,103,28-03-2023
11810,5190,10:27:17 PM,113,28-03-2023
11811,5191,10:34:56 PM,128,28-03-2023
11812,5191,10:34:56 PM,106,28-03-2023
11813,5192,10:43:32 PM,125,28-03-2023
11814,5193,11:32:32 AM,115,29-03-2023
11815,5194,11:39:53 AM,115,29-03-2023
11816,5194,11:39:53 AM,108,29-03-2023
11817,5195,11:40:17 AM,107,29-03-2023
11818,5196,12:03:04 PM,107,29-03-2023
11819,5196,12:03:04 PM,132,29-03-2023
11820,5197,12:07:16 PM,103,29-03-2023
11821,5197,12:07:16 PM,109,29-03-2023
11822,5197,12:07:16 PM,131,29-03-2023
11823,5198,12:09:12 PM,128,29-03-2023
11824,5198,12:09:12 PM,114,29-03-2023
11825,5199,12:12:15 PM,108,29-03-2023
11826,5200,12:32:07 PM,101,29-03-2023
11827,5200,12:32:07 PM,102,29-03-2023
11828,5200,12:32:07 PM,124,29-03-2023
11829,5200,12:32:07 PM,125,29-03-2023
11830,5200,12:32:07 PM,117,29-03-2023
11831,5200,12:32:07 PM,127,29-03-2023
11832,5200,12:32:07 PM,113,29-03-2023
11833,5200,12:32:07 PM,120,29-03-2023
11834,5200,12:32:07 PM,105,29-03-2023
11835,5200,12:32:07 PM,105,29-03-2023
11836,5200,12:32:07 PM,130,29-03-2023
11837,5200,12:32:07 PM,131,29-03-2023
11838,5200,12:32:07 PM,114,29-03-2023
11839,5201,12:38:11 PM,107,29-03-2023
11840,5201,12:38:11 PM,126,29-03-2023
11841,5201,12:38:11 PM,110,29-03-2023
11842,5201,12:38:11 PM,127,29-03-2023
11843,5201,12:38:11 PM,106,29-03-2023
11844,5202,1:00:19 PM,103,29-03-2023
11845,5202,1:00:19 PM,104,29-03-2023
11846,5202,1:00:19 PM,124,29-03-2023
11847,5202,1:00:19 PM,109,29-03-2023
11848,5202,1:00:19 PM,117,29-03-2023
11849,5202,1:00:19 PM,105,29-03-2023
11850,5202,1:00:19 PM,106,29-03-2023
11851,5202,1:00:19 PM,132,29-03-2023
11852,5203,1:45:56 PM,102,29-03-2023
11853,5203,1:45:56 PM,109,29-03-2023
11854,5203,1:45:56 PM,131,29-03-2023
11855,5204,1:50:34 PM,102,29-03-2023
11856,5205,1:54:15 PM,128,29-03-2023
11857,5205,1:54:15 PM,119,29-03-2023
11858,5205,1:54:15 PM,132,29-03-2023
11859,5206,1:58:37 PM,117,29-03-2023
11860,5206,1:58:37 PM,113,29-03-2023
11861,5207,2:06:28 PM,108,29-03-2023
11862,5208,2:15:37 PM,103,29-03-2023
11863,5208,2:15:37 PM,109,29-03-2023
11864,5209,2:40:49 PM,111,29-03-2023
11865,5210,2:48:09 PM,130,29-03-2023
11866,5211,3:01:24 PM,109,29-03-2023
11867,5212,3:08:01 PM,128,29-03-2023
11868,5212,3:08:01 PM,113,29-03-2023
11869,5212,3:08:01 PM,118,29-03-2023
11870,5212,3:08:01 PM,131,29-03-2023
11871,5213,3:11:52 PM,102,29-03-2023
11872,5213,3:11:52 PM,128,29-03-2023
11873,5213,3:11:52 PM,106,29-03-2023
11874,5214,3:39:45 PM,104,29-03-2023
11875,5214,3:39:45 PM,108,29-03-2023
11876,5214,3:39:45 PM,129,29-03-2023
11877,5215,3:59:36 PM,128,29-03-2023
11878,5215,3:59:36 PM,112,29-03-2023
11879,5215,3:59:36 PM,119,29-03-2023
11880,5216,4:10:29 PM,107,29-03-2023
11881,5216,4:10:29 PM,118,29-03-2023
11882,5216,4:10:29 PM,120,29-03-2023
11883,5217,4:10:38 PM,107,29-03-2023
11884,5217,4:10:38 PM,118,29-03-2023
11885,5218,4:17:59 PM,108,29-03-2023
11886,5218,4:17:59 PM,131,29-03-2023
11887,5218,4:17:59 PM,106,29-03-2023
11888,5218,4:17:59 PM,132,29-03-2023
11889,5219,4:23:18 PM,102,29-03-2023
11890,5219,4:23:18 PM,112,29-03-2023
11891,5219,4:23:18 PM,118,29-03-2023
11892,5220,4:50:51 PM,114,29-03-2023
11893,5221,4:50:56 PM,101,29-03-2023
11894,5221,4:50:56 PM,102,29-03-2023
11895,5221,4:50:56 PM,102,29-03-2023
11896,5222,4:58:46 PM,112,29-03-2023
11897,5222,4:58:46 PM,113,29-03-2023
11898,5223,4:59:08 PM,102,29-03-2023
11899,5223,4:59:08 PM,104,29-03-2023
11900,5223,4:59:08 PM,125,29-03-2023
11901,5223,4:59:08 PM,109,29-03-2023
11902,5224,5:02:33 PM,110,29-03-2023
11903,5225,5:40:52 PM,120,29-03-2023
11904,5225,5:40:52 PM,NULL,29-03-2023
11905,5226,5:43:56 PM,113,29-03-2023
11906,5226,5:43:56 PM,119,29-03-2023
11907,5226,5:43:56 PM,NULL,29-03-2023
11908,5226,5:43:56 PM,132,29-03-2023
11909,5227,5:44:17 PM,104,29-03-2023
11910,5227,5:44:17 PM,129,29-03-2023
11911,5228,5:47:22 PM,113,29-03-2023
11912,5229,6:33:39 PM,118,29-03-2023
11913,5230,6:37:13 PM,103,29-03-2023
11914,5230,6:37:13 PM,104,29-03-2023
11915,5230,6:37:13 PM,123,29-03-2023
11916,5231,6:42:15 PM,101,29-03-2023
11917,5231,6:42:15 PM,129,29-03-2023
11918,5232,6:52:20 PM,102,29-03-2023
11919,5232,6:52:20 PM,113,29-03-2023
11920,5233,6:53:49 PM,127,29-03-2023
11921,5233,6:53:49 PM,105,29-03-2023
11922,5234,7:05:13 PM,124,29-03-2023
11923,5234,7:05:13 PM,117,29-03-2023
11924,5234,7:05:13 PM,128,29-03-2023
11925,5234,7:05:13 PM,119,29-03-2023
11926,5235,7:05:52 PM,107,29-03-2023
11927,5236,7:09:56 PM,113,29-03-2023
11928,5237,7:17:09 PM,122,29-03-2023
11929,5238,7:23:01 PM,127,29-03-2023
11930,5239,7:23:31 PM,126,29-03-2023
11931,5239,7:23:31 PM,110,29-03-2023
11932,5240,7:43:26 PM,111,29-03-2023
11933,5241,7:53:21 PM,102,29-03-2023
11934,5241,7:53:21 PM,110,29-03-2023
11935,5242,7:56:06 PM,108,29-03-2023
11936,5243,8:03:49 PM,107,29-03-2023
11937,5243,8:03:49 PM,126,29-03-2023
11938,5244,8:26:29 PM,101,29-03-2023
11939,5244,8:26:29 PM,124,29-03-2023
11940,5244,8:26:29 PM,110,29-03-2023
11941,5245,8:29:18 PM,119,29-03-2023
11942,5246,10:27:29 PM,113,29-03-2023
11943,5247,10:50:46 AM,102,30-03-2023
11944,5247,10:50:46 AM,103,30-03-2023
11945,5247,10:50:46 AM,104,30-03-2023
11946,5248,11:15:48 AM,101,30-03-2023
11947,5248,11:15:48 AM,126,30-03-2023
11948,5248,11:15:48 AM,129,30-03-2023
11949,5248,11:15:48 AM,118,30-03-2023
11950,5249,11:25:41 AM,121,30-03-2023
11951,5249,11:25:41 AM,122,30-03-2023
11952,5249,11:25:41 AM,106,30-03-2023
11953,5250,11:42:06 AM,113,30-03-2023
11954,5251,11:52:18 AM,110,30-03-2023
11955,5251,11:52:18 AM,128,30-03-2023
11956,5251,11:52:18 AM,129,30-03-2023
11957,5251,11:52:18 AM,132,30-03-2023
11958,5252,12:12:58 PM,107,30-03-2023
11959,5253,12:16:02 PM,105,30-03-2023
11960,5254,12:18:47 PM,101,30-03-2023
11961,5254,12:18:47 PM,113,30-03-2023
11962,5255,12:30:24 PM,111,30-03-2023
11963,5256,12:36:09 PM,110,30-03-2023
11964,5257,12:37:26 PM,116,30-03-2023
11965,5258,12:44:10 PM,126,30-03-2023
11966,5258,12:44:10 PM,127,30-03-2023
11967,5258,12:44:10 PM,122,30-03-2023
11968,5259,12:52:24 PM,117,30-03-2023
11969,5259,12:52:24 PM,121,30-03-2023
11970,5260,12:57:03 PM,125,30-03-2023
11971,5261,1:09:48 PM,101,30-03-2023
11972,5261,1:09:48 PM,118,30-03-2023
11973,5262,1:20:55 PM,107,30-03-2023
11974,5262,1:20:55 PM,108,30-03-2023
11975,5263,1:23:38 PM,108,30-03-2023
11976,5264,1:24:35 PM,101,30-03-2023
11977,5264,1:24:35 PM,107,30-03-2023
11978,5264,1:24:35 PM,115,30-03-2023
11979,5264,1:24:35 PM,124,30-03-2023
11980,5264,1:24:35 PM,131,30-03-2023
11981,5264,1:24:35 PM,123,30-03-2023
11982,5264,1:24:35 PM,106,30-03-2023
11983,5264,1:24:35 PM,106,30-03-2023
11984,5265,1:29:48 PM,103,30-03-2023
11985,5266,1:53:43 PM,102,30-03-2023
11986,5266,1:53:43 PM,109,30-03-2023
11987,5266,1:53:43 PM,111,30-03-2023
11988,5266,1:53:43 PM,112,30-03-2023
11989,5266,1:53:43 PM,119,30-03-2023
11990,5266,1:53:43 PM,119,30-03-2023
11991,5266,1:53:43 PM,105,30-03-2023
11992,5266,1:53:43 PM,132,30-03-2023
11993,5267,2:17:09 PM,107,30-03-2023
11994,5267,2:17:09 PM,117,30-03-2023
11995,5268,2:27:07 PM,101,30-03-2023
11996,5269,3:05:00 PM,103,30-03-2023
11997,5269,3:05:00 PM,105,30-03-2023
11998,5270,3:12:32 PM,101,30-03-2023
11999,5270,3:12:32 PM,128,30-03-2023
12000,5271,3:23:57 PM,101,30-03-2023
12001,5272,3:39:12 PM,101,30-03-2023
12002,5272,3:39:12 PM,117,30-03-2023
12003,5272,3:39:12 PM,131,30-03-2023
12004,5273,3:41:35 PM,107,30-03-2023
12005,5274,3:55:42 PM,109,30-03-2023
12006,5275,4:00:53 PM,102,30-03-2023
12007,5276,4:17:55 PM,126,30-03-2023
12008,5277,4:18:59 PM,107,30-03-2023
12009,5277,4:18:59 PM,115,30-03-2023
12010,5277,4:18:59 PM,128,30-03-2023
12011,5277,4:18:59 PM,123,30-03-2023
12012,5278,4:41:21 PM,108,30-03-2023
12013,5278,4:41:21 PM,131,30-03-2023
12014,5279,4:44:53 PM,120,30-03-2023
12015,5280,4:52:59 PM,104,30-03-2023
12016,5280,4:52:59 PM,125,30-03-2023
12017,5280,4:52:59 PM,110,30-03-2023
12018,5280,4:52:59 PM,105,30-03-2023
12019,5281,4:56:04 PM,116,30-03-2023
12020,5281,4:56:04 PM,106,30-03-2023
12021,5281,4:56:04 PM,106,30-03-2023
12022,5281,4:56:04 PM,NULL,30-03-2023
12023,5282,5:01:37 PM,107,30-03-2023
12024,5282,5:01:37 PM,102,30-03-2023
12025,5282,5:01:37 PM,110,30-03-2023
12026,5283,5:09:36 PM,105,30-03-2023
12027,5284,5:11:39 PM,102,30-03-2023
12028,5284,5:11:39 PM,113,30-03-2023
12029,5284,5:11:39 PM,121,30-03-2023
12030,5284,5:11:39 PM,122,30-03-2023
12031,5285,5:34:44 PM,102,30-03-2023
12032,5285,5:34:44 PM,105,30-03-2023
12033,5286,5:49:12 PM,101,30-03-2023
12034,5286,5:49:12 PM,110,30-03-2023
12035,5286,5:49:12 PM,112,30-03-2023
12036,5286,5:49:12 PM,120,30-03-2023
12037,5287,6:03:19 PM,124,30-03-2023
12038,5288,6:08:42 PM,118,30-03-2023
12039,5289,6:17:13 PM,131,30-03-2023
12040,5290,6:18:27 PM,107,30-03-2023
12041,5290,6:18:27 PM,117,30-03-2023
12042,5290,6:18:27 PM,132,30-03-2023
12043,5291,6:22:03 PM,113,30-03-2023
12044,5292,6:36:47 PM,103,30-03-2023
12045,5292,6:36:47 PM,130,30-03-2023
12046,5292,6:36:47 PM,123,30-03-2023
12047,5293,6:45:13 PM,102,30-03-2023
12048,5293,6:45:13 PM,119,30-03-2023
12049,5294,6:50:34 PM,127,30-03-2023
12050,5295,7:10:56 PM,108,30-03-2023
12051,5296,7:30:56 PM,126,30-03-2023
12052,5297,7:41:51 PM,128,30-03-2023
12053,5298,8:08:49 PM,113,30-03-2023
12054,5299,8:10:10 PM,106,30-03-2023
12055,5300,8:17:59 PM,124,30-03-2023
12056,5300,8:17:59 PM,118,30-03-2023
12057,5300,8:17:59 PM,106,30-03-2023
12058,5301,9:04:56 PM,129,30-03-2023
12059,5301,9:04:56 PM,114,30-03-2023
12060,5302,9:15:23 PM,101,30-03-2023
12061,5303,9:15:27 PM,129,30-03-2023
12062,5303,9:15:27 PM,105,30-03-2023
12063,5303,9:15:27 PM,122,30-03-2023
12064,5303,9:15:27 PM,NULL,30-03-2023
12065,5304,9:16:48 PM,124,30-03-2023
12066,5304,9:16:48 PM,122,30-03-2023
12067,5304,9:16:48 PM,123,30-03-2023
12068,5305,9:34:09 PM,103,30-03-2023
12069,5305,9:34:09 PM,108,30-03-2023
12070,5306,9:35:15 PM,108,30-03-2023
12071,5307,9:44:36 PM,103,30-03-2023
12072,5307,9:44:36 PM,113,30-03-2023
12073,5307,9:44:36 PM,105,30-03-2023
12074,5307,9:44:36 PM,106,30-03-2023
12075,5308,9:53:36 PM,106,30-03-2023
12076,5309,11:22:20 AM,128,31-03-2023
12077,5310,12:00:51 PM,124,31-03-2023
12078,5310,12:00:51 PM,106,31-03-2023
12079,5311,12:02:45 PM,112,31-03-2023
12080,5312,12:06:28 PM,102,31-03-2023
12081,5312,12:06:28 PM,104,31-03-2023
12082,5312,12:06:28 PM,124,31-03-2023
12083,5313,12:24:23 PM,130,31-03-2023
12084,5314,12:33:13 PM,110,31-03-2023
12085,5315,12:48:46 PM,124,31-03-2023
12086,5315,12:48:46 PM,125,31-03-2023
12087,5315,12:48:46 PM,125,31-03-2023
12088,5315,12:48:46 PM,109,31-03-2023
12089,5315,12:48:46 PM,117,31-03-2023
12090,5315,12:48:46 PM,129,31-03-2023
12091,5315,12:48:46 PM,106,31-03-2023
12092,5316,12:59:45 PM,101,31-03-2023
12093,5316,12:59:45 PM,113,31-03-2023
12094,5317,1:04:13 PM,101,31-03-2023
12095,5317,1:04:13 PM,107,31-03-2023
12096,5317,1:04:13 PM,102,31-03-2023
12097,5317,1:04:13 PM,102,31-03-2023
12098,5317,1:04:13 PM,103,31-03-2023
12099,5317,1:04:13 PM,117,31-03-2023
12100,5317,1:04:13 PM,111,31-03-2023
12101,5317,1:04:13 PM,113,31-03-2023
12102,5317,1:04:13 PM,119,31-03-2023
12103,5317,1:04:13 PM,122,31-03-2023
12104,5317,1:04:13 PM,130,31-03-2023
12105,5318,1:11:16 PM,103,31-03-2023
12106,5319,1:19:18 PM,116,31-03-2023
12107,5319,1:19:18 PM,110,31-03-2023
12108,5320,1:22:56 PM,101,31-03-2023
12109,5320,1:22:56 PM,103,31-03-2023
12110,5320,1:22:56 PM,108,31-03-2023
12111,5320,1:22:56 PM,120,31-03-2023
12112,5321,1:29:47 PM,101,31-03-2023
12113,5321,1:29:47 PM,122,31-03-2023
12114,5322,1:35:58 PM,107,31-03-2023
12115,5322,1:35:58 PM,108,31-03-2023
12116,5322,1:35:58 PM,125,31-03-2023
12117,5322,1:35:58 PM,127,31-03-2023
12118,5322,1:35:58 PM,111,31-03-2023
12119,5322,1:35:58 PM,114,31-03-2023
12120,5322,1:35:58 PM,132,31-03-2023
12121,5323,1:41:03 PM,117,31-03-2023
12122,5324,1:41:15 PM,107,31-03-2023
12123,5325,1:44:52 PM,116,31-03-2023
12124,5325,1:44:52 PM,122,31-03-2023
12125,5326,1:50:17 PM,117,31-03-2023
12126,5326,1:50:17 PM,132,31-03-2023
12127,5327,1:51:47 PM,116,31-03-2023
12128,5327,1:51:47 PM,125,31-03-2023
12129,5327,1:51:47 PM,119,31-03-2023
12130,5327,1:51:47 PM,121,31-03-2023
12131,5328,2:23:57 PM,107,31-03-2023
12132,5328,2:23:57 PM,117,31-03-2023
12133,5328,2:23:57 PM,111,31-03-2023
12134,5329,2:48:27 PM,108,31-03-2023
12135,5329,2:48:27 PM,121,31-03-2023
12136,5330,2:48:47 PM,101,31-03-2023
12137,5330,2:48:47 PM,102,31-03-2023
12138,5330,2:48:47 PM,111,31-03-2023
12139,5331,2:50:38 PM,101,31-03-2023
12140,5331,2:50:38 PM,109,31-03-2023
12141,5331,2:50:38 PM,122,31-03-2023
12142,5332,2:51:37 PM,116,31-03-2023
12143,5332,2:51:37 PM,126,31-03-2023
12144,5332,2:51:37 PM,128,31-03-2023
12145,5333,3:16:44 PM,107,31-03-2023
12146,5333,3:16:44 PM,117,31-03-2023
12147,5334,3:29:36 PM,115,31-03-2023
12148,5334,3:29:36 PM,108,31-03-2023
12149,5334,3:29:36 PM,132,31-03-2023
12150,5335,3:31:09 PM,127,31-03-2023
12151,5336,3:32:39 PM,101,31-03-2023
12152,5336,3:32:39 PM,108,31-03-2023
12153,5336,3:32:39 PM,126,31-03-2023
12154,5337,3:34:31 PM,117,31-03-2023
12155,5337,3:34:31 PM,119,31-03-2023
12156,5337,3:34:31 PM,106,31-03-2023
12157,5338,4:06:36 PM,108,31-03-2023
12158,5339,4:12:55 PM,101,31-03-2023
12159,5339,4:12:55 PM,126,31-03-2023
12160,5339,4:12:55 PM,120,31-03-2023
12161,5339,4:12:55 PM,123,31-03-2023
12162,5340,4:21:00 PM,106,31-03-2023
12163,5341,4:24:16 PM,123,31-03-2023
12164,5342,5:17:38 PM,129,31-03-2023
12165,5343,5:19:08 PM,122,31-03-2023
12166,5344,5:22:40 PM,115,31-03-2023
12167,5344,5:22:40 PM,119,31-03-2023
12168,5344,5:22:40 PM,105,31-03-2023
12169,5344,5:22:40 PM,132,31-03-2023
12170,5345,5:30:29 PM,103,31-03-2023
12171,5345,5:30:29 PM,130,31-03-2023
12172,5346,5:30:58 PM,102,31-03-2023
12173,5346,5:30:58 PM,106,31-03-2023
12174,5347,5:33:17 PM,125,31-03-2023
12175,5347,5:33:17 PM,131,31-03-2023
12176,5347,5:33:17 PM,106,31-03-2023
12177,5348,5:37:44 PM,107,31-03-2023
12178,5348,5:37:44 PM,125,31-03-2023
12179,5349,5:42:09 PM,117,31-03-2023
12180,5349,5:42:09 PM,122,31-03-2023
12181,5350,5:54:10 PM,103,31-03-2023
12182,5350,5:54:10 PM,130,31-03-2023
12183,5350,5:54:10 PM,106,31-03-2023
12184,5351,6:04:00 PM,126,31-03-2023
12185,5351,6:04:00 PM,127,31-03-2023
12186,5351,6:04:00 PM,118,31-03-2023
12187,5351,6:04:00 PM,122,31-03-2023
12188,5352,6:04:35 PM,109,31-03-2023
12189,5352,6:04:35 PM,122,31-03-2023
12190,5353,6:40:10 PM,113,31-03-2023
12191,5353,6:40:10 PM,122,31-03-2023
12192,5353,6:40:10 PM,106,31-03-2023
12193,5354,6:50:19 PM,102,31-03-2023
12194,5355,6:51:00 PM,132,31-03-2023
12195,5356,6:52:00 PM,126,31-03-2023
12196,5356,6:52:00 PM,111,31-03-2023
12197,5357,6:55:22 PM,113,31-03-2023
12198,5357,6:55:22 PM,106,31-03-2023
12199,5358,7:07:27 PM,101,31-03-2023
12200,5358,7:07:27 PM,128,31-03-2023
12201,5358,7:07:27 PM,105,31-03-2023
12202,5358,7:07:27 PM,131,31-03-2023
12203,5359,7:13:16 PM,113,31-03-2023
12204,5359,7:13:16 PM,121,31-03-2023
12205,5360,7:15:48 PM,116,31-03-2023
12206,5361,7:40:42 PM,103,31-03-2023
12207,5361,7:40:42 PM,113,31-03-2023
12208,5362,7:59:23 PM,101,31-03-2023
12209,5362,7:59:23 PM,114,31-03-2023
12210,5363,8:15:58 PM,119,31-03-2023
12211,5363,8:15:58 PM,120,31-03-2023
12212,5363,8:15:58 PM,122,31-03-2023
12213,5363,8:15:58 PM,123,31-03-2023
12214,5364,8:16:14 PM,116,31-03-2023
12215,5364,8:16:14 PM,103,31-03-2023
12216,5364,8:16:14 PM,104,31-03-2023
12217,5364,8:16:14 PM,118,31-03-2023
12218,5365,8:31:48 PM,117,31-03-2023
12219,5365,8:31:48 PM,129,31-03-2023
12220,5365,8:31:48 PM,130,31-03-2023
12221,5366,9:01:41 PM,108,31-03-2023
12222,5366,9:01:41 PM,111,31-03-2023
12223,5366,9:01:41 PM,111,31-03-2023
12224,5366,9:01:41 PM,122,31-03-2023
12225,5367,9:58:06 PM,119,31-03-2023
12226,5368,9:58:47 PM,101,31-03-2023
12227,5368,9:58:47 PM,128,31-03-2023
12228,5368,9:58:47 PM,113,31-03-2023
12229,5368,9:58:47 PM,118,31-03-2023
12230,5369,10:05:04 PM,109,31-03-2023
12231,5369,10:05:04 PM,129,31-03-2023
12232,5369,10:05:04 PM,120,31-03-2023
12233,5369,10:05:04 PM,122,31-03-2023
12234,5370,10:15:48 PM,122,31-03-2023
